[2026-01-30 14:02:25,788 I 3413005 3413005] (gcs_server) io_service_pool.cc:35: IOServicePool is running with 1 io_service.
[2026-01-30 14:02:25,889 I 3413005 3413005] (gcs_server) gcs_server.cc:59: GCS storage type is memory
[2026-01-30 14:02:25,928 I 3413005 3413005] (gcs_server) gcs_init_data.cc:44: Loading job table data.
[2026-01-30 14:02:25,928 I 3413005 3413005] (gcs_server) gcs_init_data.cc:56: Loading node table data.
[2026-01-30 14:02:25,928 I 3413005 3413005] (gcs_server) gcs_init_data.cc:68: Loading cluster resources table data.
[2026-01-30 14:02:25,928 I 3413005 3413005] (gcs_server) gcs_init_data.cc:95: Loading actor table data.
[2026-01-30 14:02:25,929 I 3413005 3413005] (gcs_server) gcs_init_data.cc:108: Loading actor task spec table data.
[2026-01-30 14:02:25,929 I 3413005 3413005] (gcs_server) gcs_init_data.cc:81: Loading placement group table data.
[2026-01-30 14:02:25,929 I 3413005 3413005] (gcs_server) gcs_init_data.cc:48: Finished loading job table data, size = 0
[2026-01-30 14:02:25,929 I 3413005 3413005] (gcs_server) gcs_init_data.cc:60: Finished loading node table data, size = 0
[2026-01-30 14:02:25,929 I 3413005 3413005] (gcs_server) gcs_init_data.cc:72: Finished loading cluster resources table data, size = 0
[2026-01-30 14:02:25,929 I 3413005 3413005] (gcs_server) gcs_init_data.cc:99: Finished loading actor table data, size = 0
[2026-01-30 14:02:25,929 I 3413005 3413005] (gcs_server) gcs_init_data.cc:112: Finished loading actor task spec table data, size = 0
[2026-01-30 14:02:25,929 I 3413005 3413005] (gcs_server) gcs_init_data.cc:86: Finished loading placement group table data, size = 0
[2026-01-30 14:02:25,934 I 3413005 3413005] (gcs_server) gcs_heartbeat_manager.cc:33: GcsHeartbeatManager start, num_heartbeats_timeout=30, initial_num_heartbeats_timeout=120
[2026-01-30 14:02:25,938 I 3413005 3413005] (gcs_server) grpc_server.cc:114: GcsServer server started, listening on port 6379.
[2026-01-30 14:02:25,946 I 3413005 3413005] (gcs_server) gcs_server.cc:186: GcsNodeManager: 
- RegisterNode request count: 0
- DrainNode request count: 0
- GetAllNodeInfo request count: 0
- GetInternalConfig request count: 0

GcsActorManager: 
- RegisterActor request count: 0
- CreateActor request count: 0
- GetActorInfo request count: 0
- GetNamedActorInfo request count: 0
- GetAllActorInfo request count: 0
- KillActor request count: 0
- ListNamedActors request count: 0
- Registered actors count: 0
- Destroyed actors count: 0
- Named actors count: 0
- Unresolved actors count: 0
- Pending actors count: 0
- Created actors count: 0
- owners_: 0
- actor_to_register_callbacks_: 0
- actor_to_create_callbacks_: 0
- sorted_destroyed_actor_list_: 0

GcsResourceManager: 
- GetResources request count: 0
- GetAllAvailableResources request count0
- ReportResourceUsage request count: 0
- GetAllResourceUsage request count: 0

GcsPlacementGroupManager: 
- CreatePlacementGroup request count: 0
- RemovePlacementGroup request count: 0
- GetPlacementGroup request count: 0
- GetAllPlacementGroup request count: 0
- WaitPlacementGroupUntilReady request count: 0
- GetNamedPlacementGroup request count: 0
- Scheduling pending placement group count: 0
- Registered placement groups count: 0
- Named placement group count: 0
- Pending placement groups count: 0
- Infeasible placement groups count: 0

GcsPublisher {}

[runtime env manager] ID to URIs table:
[runtime env manager] URIs reference table:

GrpcBasedResourceBroadcaster:
- Tracked nodes: 0
[2026-01-30 14:02:25,946 I 3413005 3413005] (gcs_server) gcs_server.cc:736: Event stats:


Global stats: 13 total (4 active)
Queueing time: mean = 1.830 ms, max = 11.854 ms, min = 3.101 us, total = 23.790 ms
Execution time:  mean = 1.319 ms, total = 17.144 ms
Event stats:
	GcsInMemoryStore.GetAll - 6 total (0 active), CPU time: mean = 2.854 ms, total = 17.125 ms
	PeriodicalRunner.RunFnPeriodically - 4 total (2 active, 1 running), CPU time: mean = 3.953 us, total = 15.811 us
	GcsInMemoryStore.Put - 1 total (0 active), CPU time: mean = 3.178 us, total = 3.178 us
	RayletLoadPulled - 1 total (1 active), CPU time: mean = 0.000 s, total = 0.000 s
	RaySyncer.deadline_timer.report_resource_report - 1 total (1 active), CPU time: mean = 0.000 s, total = 0.000 s


[2026-01-30 14:02:31,378 I 3413005 3413005] (gcs_server) gcs_node_manager.cc:42: Registering node info, node id = 435ff685d8e66afce15860cd5b4687480235848d386ffa5d5547bd3d, address = 10.137.21.59, node name = 10.137.21.59
[2026-01-30 14:02:31,378 I 3413005 3413005] (gcs_server) gcs_node_manager.cc:48: Finished registering node info, node id = 435ff685d8e66afce15860cd5b4687480235848d386ffa5d5547bd3d, address = 10.137.21.59, node name = 10.137.21.59
[2026-01-30 14:02:31,378 I 3413005 3413005] (gcs_server) gcs_placement_group_manager.cc:737: A new node: 435ff685d8e66afce15860cd5b4687480235848d386ffa5d5547bd3d registered, will try to reschedule all the infeasible placement groups.
[2026-01-30 14:02:31,382 I 3413005 3413005] (gcs_server) gcs_job_manager.cc:149: Getting all job info.
[2026-01-30 14:02:31,382 I 3413005 3413005] (gcs_server) gcs_job_manager.cc:155: Finished getting all job info.
[2026-01-30 14:02:35,796 W 3413005 3413039] (gcs_server) metric_exporter.cc:209: [1] Export metrics to agent failed: GrpcUnknown: RPC Error message: Method not found!; RPC Error details: . This won't affect Ray, but you can lose metrics from the cluster.
[2026-01-30 14:03:17,515 I 3413005 3413005] (gcs_server) gcs_job_manager.cc:41: Adding job, job id = 01000000, driver pid = 3413402
[2026-01-30 14:03:17,515 I 3413005 3413005] (gcs_server) gcs_job_manager.cc:56: Finished adding job, job id = 01000000, driver pid = 3413402
[2026-01-30 14:03:18,221 I 3413005 3413005] (gcs_server) gcs_actor_manager.cc:235: Registering actor, job id = 01000000, actor id = 682832ff3cdc506d5e4bbe2101000000
[2026-01-30 14:03:18,238 I 3413005 3413005] (gcs_server) gcs_actor_manager.cc:235: Registering actor, job id = 01000000, actor id = cd63076fc4ebecbb72edba0401000000
[2026-01-30 14:03:18,238 I 3413005 3413005] (gcs_server) gcs_actor_manager.cc:241: Registered actor, job id = 01000000, actor id = 682832ff3cdc506d5e4bbe2101000000
[2026-01-30 14:03:18,238 I 3413005 3413005] (gcs_server) gcs_actor_manager.cc:241: Registered actor, job id = 01000000, actor id = cd63076fc4ebecbb72edba0401000000
[2026-01-30 14:03:18,238 I 3413005 3413005] (gcs_server) gcs_actor_manager.cc:260: Creating actor, job id = 01000000, actor id = 682832ff3cdc506d5e4bbe2101000000
[2026-01-30 14:03:18,238 I 3413005 3413005] (gcs_server) gcs_actor_scheduler.cc:300: Start leasing worker from node 435ff685d8e66afce15860cd5b4687480235848d386ffa5d5547bd3d for actor 682832ff3cdc506d5e4bbe2101000000, job id = 01000000
[2026-01-30 14:03:18,238 I 3413005 3413005] (gcs_server) gcs_actor_manager.cc:260: Creating actor, job id = 01000000, actor id = cd63076fc4ebecbb72edba0401000000
[2026-01-30 14:03:18,238 I 3413005 3413005] (gcs_server) gcs_actor_scheduler.cc:300: Start leasing worker from node 435ff685d8e66afce15860cd5b4687480235848d386ffa5d5547bd3d for actor cd63076fc4ebecbb72edba0401000000, job id = 01000000
[2026-01-30 14:03:18,242 I 3413005 3413005] (gcs_server) gcs_actor_manager.cc:235: Registering actor, job id = 01000000, actor id = e08b1ff832cdfa1e8ce303c101000000
[2026-01-30 14:03:18,242 I 3413005 3413005] (gcs_server) gcs_actor_manager.cc:241: Registered actor, job id = 01000000, actor id = e08b1ff832cdfa1e8ce303c101000000
[2026-01-30 14:03:18,243 I 3413005 3413005] (gcs_server) gcs_actor_manager.cc:260: Creating actor, job id = 01000000, actor id = e08b1ff832cdfa1e8ce303c101000000
[2026-01-30 14:03:18,243 I 3413005 3413005] (gcs_server) gcs_actor_scheduler.cc:300: Start leasing worker from node 435ff685d8e66afce15860cd5b4687480235848d386ffa5d5547bd3d for actor e08b1ff832cdfa1e8ce303c101000000, job id = 01000000
[2026-01-30 14:03:18,248 I 3413005 3413005] (gcs_server) gcs_actor_manager.cc:235: Registering actor, job id = 01000000, actor id = 344f34fb836c4ea6c904785b01000000
[2026-01-30 14:03:18,248 I 3413005 3413005] (gcs_server) gcs_actor_manager.cc:241: Registered actor, job id = 01000000, actor id = 344f34fb836c4ea6c904785b01000000
[2026-01-30 14:03:18,248 I 3413005 3413005] (gcs_server) gcs_actor_manager.cc:260: Creating actor, job id = 01000000, actor id = 344f34fb836c4ea6c904785b01000000
[2026-01-30 14:03:18,248 I 3413005 3413005] (gcs_server) gcs_actor_scheduler.cc:300: Start leasing worker from node 435ff685d8e66afce15860cd5b4687480235848d386ffa5d5547bd3d for actor 344f34fb836c4ea6c904785b01000000, job id = 01000000
[2026-01-30 14:03:18,253 I 3413005 3413005] (gcs_server) gcs_actor_manager.cc:235: Registering actor, job id = 01000000, actor id = c54771daefb1b40b929f196a01000000
[2026-01-30 14:03:18,253 I 3413005 3413005] (gcs_server) gcs_actor_manager.cc:241: Registered actor, job id = 01000000, actor id = c54771daefb1b40b929f196a01000000
[2026-01-30 14:03:18,253 I 3413005 3413005] (gcs_server) gcs_actor_manager.cc:260: Creating actor, job id = 01000000, actor id = c54771daefb1b40b929f196a01000000
[2026-01-30 14:03:18,254 I 3413005 3413005] (gcs_server) gcs_actor_scheduler.cc:300: Start leasing worker from node 435ff685d8e66afce15860cd5b4687480235848d386ffa5d5547bd3d for actor c54771daefb1b40b929f196a01000000, job id = 01000000
[2026-01-30 14:03:18,259 I 3413005 3413005] (gcs_server) gcs_actor_manager.cc:235: Registering actor, job id = 01000000, actor id = ac0b585760ad4a30725a3a8101000000
[2026-01-30 14:03:18,259 I 3413005 3413005] (gcs_server) gcs_actor_manager.cc:241: Registered actor, job id = 01000000, actor id = ac0b585760ad4a30725a3a8101000000
[2026-01-30 14:03:18,259 I 3413005 3413005] (gcs_server) gcs_actor_manager.cc:260: Creating actor, job id = 01000000, actor id = ac0b585760ad4a30725a3a8101000000
[2026-01-30 14:03:18,259 I 3413005 3413005] (gcs_server) gcs_actor_scheduler.cc:300: Start leasing worker from node 435ff685d8e66afce15860cd5b4687480235848d386ffa5d5547bd3d for actor ac0b585760ad4a30725a3a8101000000, job id = 01000000
[2026-01-30 14:03:18,264 I 3413005 3413005] (gcs_server) gcs_actor_manager.cc:235: Registering actor, job id = 01000000, actor id = 15cc7376e051f7543ad1907e01000000
[2026-01-30 14:03:18,264 I 3413005 3413005] (gcs_server) gcs_actor_manager.cc:241: Registered actor, job id = 01000000, actor id = 15cc7376e051f7543ad1907e01000000
[2026-01-30 14:03:18,265 I 3413005 3413005] (gcs_server) gcs_actor_manager.cc:260: Creating actor, job id = 01000000, actor id = 15cc7376e051f7543ad1907e01000000
[2026-01-30 14:03:18,265 I 3413005 3413005] (gcs_server) gcs_actor_scheduler.cc:300: Start leasing worker from node 435ff685d8e66afce15860cd5b4687480235848d386ffa5d5547bd3d for actor 15cc7376e051f7543ad1907e01000000, job id = 01000000
[2026-01-30 14:03:18,270 I 3413005 3413005] (gcs_server) gcs_actor_manager.cc:235: Registering actor, job id = 01000000, actor id = c7d9fff9de7d7a08b623522101000000
[2026-01-30 14:03:18,270 I 3413005 3413005] (gcs_server) gcs_actor_manager.cc:241: Registered actor, job id = 01000000, actor id = c7d9fff9de7d7a08b623522101000000
[2026-01-30 14:03:18,270 I 3413005 3413005] (gcs_server) gcs_actor_manager.cc:260: Creating actor, job id = 01000000, actor id = c7d9fff9de7d7a08b623522101000000
[2026-01-30 14:03:18,270 I 3413005 3413005] (gcs_server) gcs_actor_scheduler.cc:300: Start leasing worker from node 435ff685d8e66afce15860cd5b4687480235848d386ffa5d5547bd3d for actor c7d9fff9de7d7a08b623522101000000, job id = 01000000
[2026-01-30 14:03:18,278 I 3413005 3413005] (gcs_server) gcs_actor_manager.cc:235: Registering actor, job id = 01000000, actor id = ea26476c528f2639cf18a1a301000000
[2026-01-30 14:03:18,278 I 3413005 3413005] (gcs_server) gcs_actor_manager.cc:241: Registered actor, job id = 01000000, actor id = ea26476c528f2639cf18a1a301000000
[2026-01-30 14:03:18,279 I 3413005 3413005] (gcs_server) gcs_actor_manager.cc:260: Creating actor, job id = 01000000, actor id = ea26476c528f2639cf18a1a301000000
[2026-01-30 14:03:18,279 I 3413005 3413005] (gcs_server) gcs_actor_scheduler.cc:300: Start leasing worker from node 435ff685d8e66afce15860cd5b4687480235848d386ffa5d5547bd3d for actor ea26476c528f2639cf18a1a301000000, job id = 01000000
[2026-01-30 14:03:18,284 I 3413005 3413005] (gcs_server) gcs_actor_manager.cc:235: Registering actor, job id = 01000000, actor id = 828ed86eb015464e027de58101000000
[2026-01-30 14:03:18,284 I 3413005 3413005] (gcs_server) gcs_actor_manager.cc:241: Registered actor, job id = 01000000, actor id = 828ed86eb015464e027de58101000000
[2026-01-30 14:03:18,285 I 3413005 3413005] (gcs_server) gcs_actor_manager.cc:260: Creating actor, job id = 01000000, actor id = 828ed86eb015464e027de58101000000
[2026-01-30 14:03:18,285 I 3413005 3413005] (gcs_server) gcs_actor_scheduler.cc:300: Start leasing worker from node 435ff685d8e66afce15860cd5b4687480235848d386ffa5d5547bd3d for actor 828ed86eb015464e027de58101000000, job id = 01000000
[2026-01-30 14:03:18,289 I 3413005 3413005] (gcs_server) gcs_actor_manager.cc:235: Registering actor, job id = 01000000, actor id = d48430af042aa20f39f99acf01000000
[2026-01-30 14:03:18,290 I 3413005 3413005] (gcs_server) gcs_actor_manager.cc:241: Registered actor, job id = 01000000, actor id = d48430af042aa20f39f99acf01000000
[2026-01-30 14:03:18,290 I 3413005 3413005] (gcs_server) gcs_actor_manager.cc:260: Creating actor, job id = 01000000, actor id = d48430af042aa20f39f99acf01000000
[2026-01-30 14:03:18,290 I 3413005 3413005] (gcs_server) gcs_actor_scheduler.cc:300: Start leasing worker from node 435ff685d8e66afce15860cd5b4687480235848d386ffa5d5547bd3d for actor d48430af042aa20f39f99acf01000000, job id = 01000000
[2026-01-30 14:03:18,295 I 3413005 3413005] (gcs_server) gcs_actor_manager.cc:235: Registering actor, job id = 01000000, actor id = b6186a62615171ff66edc10f01000000
[2026-01-30 14:03:18,295 I 3413005 3413005] (gcs_server) gcs_actor_manager.cc:241: Registered actor, job id = 01000000, actor id = b6186a62615171ff66edc10f01000000
[2026-01-30 14:03:18,295 I 3413005 3413005] (gcs_server) gcs_actor_manager.cc:260: Creating actor, job id = 01000000, actor id = b6186a62615171ff66edc10f01000000
[2026-01-30 14:03:18,295 I 3413005 3413005] (gcs_server) gcs_actor_scheduler.cc:300: Start leasing worker from node 435ff685d8e66afce15860cd5b4687480235848d386ffa5d5547bd3d for actor b6186a62615171ff66edc10f01000000, job id = 01000000
[2026-01-30 14:03:18,300 I 3413005 3413005] (gcs_server) gcs_actor_manager.cc:235: Registering actor, job id = 01000000, actor id = afc9303566fe943b2f37289e01000000
[2026-01-30 14:03:18,300 I 3413005 3413005] (gcs_server) gcs_actor_manager.cc:241: Registered actor, job id = 01000000, actor id = afc9303566fe943b2f37289e01000000
[2026-01-30 14:03:18,301 I 3413005 3413005] (gcs_server) gcs_actor_manager.cc:260: Creating actor, job id = 01000000, actor id = afc9303566fe943b2f37289e01000000
[2026-01-30 14:03:18,301 I 3413005 3413005] (gcs_server) gcs_actor_scheduler.cc:300: Start leasing worker from node 435ff685d8e66afce15860cd5b4687480235848d386ffa5d5547bd3d for actor afc9303566fe943b2f37289e01000000, job id = 01000000
[2026-01-30 14:03:18,306 I 3413005 3413005] (gcs_server) gcs_actor_manager.cc:235: Registering actor, job id = 01000000, actor id = 4611f66c9ff9857c0630801e01000000
[2026-01-30 14:03:18,306 I 3413005 3413005] (gcs_server) gcs_actor_manager.cc:241: Registered actor, job id = 01000000, actor id = 4611f66c9ff9857c0630801e01000000
[2026-01-30 14:03:18,306 I 3413005 3413005] (gcs_server) gcs_actor_manager.cc:260: Creating actor, job id = 01000000, actor id = 4611f66c9ff9857c0630801e01000000
[2026-01-30 14:03:18,306 I 3413005 3413005] (gcs_server) gcs_actor_scheduler.cc:300: Start leasing worker from node 435ff685d8e66afce15860cd5b4687480235848d386ffa5d5547bd3d for actor 4611f66c9ff9857c0630801e01000000, job id = 01000000
[2026-01-30 14:03:18,312 I 3413005 3413005] (gcs_server) gcs_actor_manager.cc:235: Registering actor, job id = 01000000, actor id = 6ae45908ad34983dcb924af201000000
[2026-01-30 14:03:18,313 I 3413005 3413005] (gcs_server) gcs_actor_manager.cc:241: Registered actor, job id = 01000000, actor id = 6ae45908ad34983dcb924af201000000
[2026-01-30 14:03:18,313 I 3413005 3413005] (gcs_server) gcs_actor_manager.cc:260: Creating actor, job id = 01000000, actor id = 6ae45908ad34983dcb924af201000000
[2026-01-30 14:03:18,313 I 3413005 3413005] (gcs_server) gcs_actor_scheduler.cc:300: Start leasing worker from node 435ff685d8e66afce15860cd5b4687480235848d386ffa5d5547bd3d for actor 6ae45908ad34983dcb924af201000000, job id = 01000000
[2026-01-30 14:03:18,318 I 3413005 3413005] (gcs_server) gcs_actor_manager.cc:235: Registering actor, job id = 01000000, actor id = 03cba3244b38cffc52b58f0401000000
[2026-01-30 14:03:18,318 I 3413005 3413005] (gcs_server) gcs_actor_manager.cc:241: Registered actor, job id = 01000000, actor id = 03cba3244b38cffc52b58f0401000000
[2026-01-30 14:03:18,318 I 3413005 3413005] (gcs_server) gcs_actor_manager.cc:260: Creating actor, job id = 01000000, actor id = 03cba3244b38cffc52b58f0401000000
[2026-01-30 14:03:18,318 I 3413005 3413005] (gcs_server) gcs_actor_scheduler.cc:300: Start leasing worker from node 435ff685d8e66afce15860cd5b4687480235848d386ffa5d5547bd3d for actor 03cba3244b38cffc52b58f0401000000, job id = 01000000
[2026-01-30 14:03:24,593 I 3413005 3413005] (gcs_server) gcs_actor_scheduler.cc:614: Finished leasing worker from 435ff685d8e66afce15860cd5b4687480235848d386ffa5d5547bd3d for actor c54771daefb1b40b929f196a01000000, job id = 01000000
[2026-01-30 14:03:24,594 I 3413005 3413005] (gcs_server) gcs_actor_scheduler.cc:427: Start creating actor c54771daefb1b40b929f196a01000000 on worker 61a7db7d9b9dbe1e852733f0c335bad1b9b95d3d2ba57ec413c688d0 at node 435ff685d8e66afce15860cd5b4687480235848d386ffa5d5547bd3d, job id = 01000000
[2026-01-30 14:03:24,595 I 3413005 3413005] (gcs_server) gcs_actor_scheduler.cc:614: Finished leasing worker from 435ff685d8e66afce15860cd5b4687480235848d386ffa5d5547bd3d for actor ac0b585760ad4a30725a3a8101000000, job id = 01000000
[2026-01-30 14:03:24,595 I 3413005 3413005] (gcs_server) gcs_actor_scheduler.cc:614: Finished leasing worker from 435ff685d8e66afce15860cd5b4687480235848d386ffa5d5547bd3d for actor 6ae45908ad34983dcb924af201000000, job id = 01000000
[2026-01-30 14:03:24,595 I 3413005 3413005] (gcs_server) gcs_actor_scheduler.cc:427: Start creating actor ac0b585760ad4a30725a3a8101000000 on worker a53504d2217b410456032bf4a6d447e6912ba2a4bebd3084f1c97380 at node 435ff685d8e66afce15860cd5b4687480235848d386ffa5d5547bd3d, job id = 01000000
[2026-01-30 14:03:24,595 I 3413005 3413005] (gcs_server) gcs_actor_scheduler.cc:427: Start creating actor 6ae45908ad34983dcb924af201000000 on worker 881f6054e51d2b430eb19985852474f23915db24a8cb80c54827bb24 at node 435ff685d8e66afce15860cd5b4687480235848d386ffa5d5547bd3d, job id = 01000000
[2026-01-30 14:03:24,604 I 3413005 3413005] (gcs_server) gcs_actor_scheduler.cc:614: Finished leasing worker from 435ff685d8e66afce15860cd5b4687480235848d386ffa5d5547bd3d for actor 344f34fb836c4ea6c904785b01000000, job id = 01000000
[2026-01-30 14:03:24,604 I 3413005 3413005] (gcs_server) gcs_actor_scheduler.cc:427: Start creating actor 344f34fb836c4ea6c904785b01000000 on worker 308b541dab4fbd14aaca41c23e7ac48ae926db39d922288aa212fc68 at node 435ff685d8e66afce15860cd5b4687480235848d386ffa5d5547bd3d, job id = 01000000
[2026-01-30 14:03:24,614 I 3413005 3413005] (gcs_server) gcs_actor_scheduler.cc:614: Finished leasing worker from 435ff685d8e66afce15860cd5b4687480235848d386ffa5d5547bd3d for actor ea26476c528f2639cf18a1a301000000, job id = 01000000
[2026-01-30 14:03:24,614 I 3413005 3413005] (gcs_server) gcs_actor_scheduler.cc:427: Start creating actor ea26476c528f2639cf18a1a301000000 on worker 3fb4a67cac84d9a38699ebb632cc65a5e72fab0458b7ce6b6a9002a2 at node 435ff685d8e66afce15860cd5b4687480235848d386ffa5d5547bd3d, job id = 01000000
[2026-01-30 14:03:24,675 I 3413005 3413005] (gcs_server) gcs_actor_scheduler.cc:614: Finished leasing worker from 435ff685d8e66afce15860cd5b4687480235848d386ffa5d5547bd3d for actor 682832ff3cdc506d5e4bbe2101000000, job id = 01000000
[2026-01-30 14:03:24,675 I 3413005 3413005] (gcs_server) gcs_actor_scheduler.cc:427: Start creating actor 682832ff3cdc506d5e4bbe2101000000 on worker 47e42f079841b231f13a91514c2f0a18a753e4ddb497098723d77227 at node 435ff685d8e66afce15860cd5b4687480235848d386ffa5d5547bd3d, job id = 01000000
[2026-01-30 14:03:24,693 I 3413005 3413005] (gcs_server) gcs_actor_scheduler.cc:614: Finished leasing worker from 435ff685d8e66afce15860cd5b4687480235848d386ffa5d5547bd3d for actor cd63076fc4ebecbb72edba0401000000, job id = 01000000
[2026-01-30 14:03:24,693 I 3413005 3413005] (gcs_server) gcs_actor_scheduler.cc:427: Start creating actor cd63076fc4ebecbb72edba0401000000 on worker b32d21340f844bed3a46eb8debac69f6ae88f97bd9db99b1c0c318cc at node 435ff685d8e66afce15860cd5b4687480235848d386ffa5d5547bd3d, job id = 01000000
[2026-01-30 14:03:24,702 I 3413005 3413005] (gcs_server) gcs_actor_scheduler.cc:614: Finished leasing worker from 435ff685d8e66afce15860cd5b4687480235848d386ffa5d5547bd3d for actor e08b1ff832cdfa1e8ce303c101000000, job id = 01000000
[2026-01-30 14:03:24,703 I 3413005 3413005] (gcs_server) gcs_actor_scheduler.cc:427: Start creating actor e08b1ff832cdfa1e8ce303c101000000 on worker a213fa0538ebfc3272d75fb948f5be4306195c9f4a9af1510a3e9ba4 at node 435ff685d8e66afce15860cd5b4687480235848d386ffa5d5547bd3d, job id = 01000000
[2026-01-30 14:03:24,711 I 3413005 3413005] (gcs_server) gcs_actor_scheduler.cc:614: Finished leasing worker from 435ff685d8e66afce15860cd5b4687480235848d386ffa5d5547bd3d for actor 15cc7376e051f7543ad1907e01000000, job id = 01000000
[2026-01-30 14:03:24,711 I 3413005 3413005] (gcs_server) gcs_actor_scheduler.cc:427: Start creating actor 15cc7376e051f7543ad1907e01000000 on worker 2c8da63c7b1946274ed4552ff17a2b268a2f721df964ad796fe06358 at node 435ff685d8e66afce15860cd5b4687480235848d386ffa5d5547bd3d, job id = 01000000
[2026-01-30 14:03:24,714 I 3413005 3413005] (gcs_server) gcs_actor_scheduler.cc:614: Finished leasing worker from 435ff685d8e66afce15860cd5b4687480235848d386ffa5d5547bd3d for actor c7d9fff9de7d7a08b623522101000000, job id = 01000000
[2026-01-30 14:03:24,714 I 3413005 3413005] (gcs_server) gcs_actor_scheduler.cc:427: Start creating actor c7d9fff9de7d7a08b623522101000000 on worker 784221bf8cf442390f78c4b024013c8a3d16f3ebb66cca6d5cf66cb8 at node 435ff685d8e66afce15860cd5b4687480235848d386ffa5d5547bd3d, job id = 01000000
[2026-01-30 14:03:24,754 I 3413005 3413005] (gcs_server) gcs_actor_scheduler.cc:614: Finished leasing worker from 435ff685d8e66afce15860cd5b4687480235848d386ffa5d5547bd3d for actor b6186a62615171ff66edc10f01000000, job id = 01000000
[2026-01-30 14:03:24,754 I 3413005 3413005] (gcs_server) gcs_actor_scheduler.cc:427: Start creating actor b6186a62615171ff66edc10f01000000 on worker d52ef9567e7b00cd7981f2b96cd73ff02a0978132b18e18071b24bc8 at node 435ff685d8e66afce15860cd5b4687480235848d386ffa5d5547bd3d, job id = 01000000
[2026-01-30 14:03:24,760 I 3413005 3413005] (gcs_server) gcs_actor_scheduler.cc:614: Finished leasing worker from 435ff685d8e66afce15860cd5b4687480235848d386ffa5d5547bd3d for actor 828ed86eb015464e027de58101000000, job id = 01000000
[2026-01-30 14:03:24,760 I 3413005 3413005] (gcs_server) gcs_actor_scheduler.cc:427: Start creating actor 828ed86eb015464e027de58101000000 on worker 1fe21209ef5fad57c98930a9810cc36fe81ac113e638085a2c4dfe13 at node 435ff685d8e66afce15860cd5b4687480235848d386ffa5d5547bd3d, job id = 01000000
[2026-01-30 14:03:24,780 I 3413005 3413005] (gcs_server) gcs_actor_scheduler.cc:614: Finished leasing worker from 435ff685d8e66afce15860cd5b4687480235848d386ffa5d5547bd3d for actor d48430af042aa20f39f99acf01000000, job id = 01000000
[2026-01-30 14:03:24,780 I 3413005 3413005] (gcs_server) gcs_actor_scheduler.cc:427: Start creating actor d48430af042aa20f39f99acf01000000 on worker 4377d217374da8ba9f857ba4259265cb9a2eb707d51e6d44433be8d2 at node 435ff685d8e66afce15860cd5b4687480235848d386ffa5d5547bd3d, job id = 01000000
[2026-01-30 14:03:24,804 I 3413005 3413005] (gcs_server) gcs_actor_scheduler.cc:614: Finished leasing worker from 435ff685d8e66afce15860cd5b4687480235848d386ffa5d5547bd3d for actor 03cba3244b38cffc52b58f0401000000, job id = 01000000
[2026-01-30 14:03:24,804 I 3413005 3413005] (gcs_server) gcs_actor_scheduler.cc:427: Start creating actor 03cba3244b38cffc52b58f0401000000 on worker 2213fe50f466340ea2709d86df9bddbaf89d6106250dedf4ee2361ab at node 435ff685d8e66afce15860cd5b4687480235848d386ffa5d5547bd3d, job id = 01000000
[2026-01-30 14:03:24,819 I 3413005 3413005] (gcs_server) gcs_actor_scheduler.cc:614: Finished leasing worker from 435ff685d8e66afce15860cd5b4687480235848d386ffa5d5547bd3d for actor afc9303566fe943b2f37289e01000000, job id = 01000000
[2026-01-30 14:03:24,819 I 3413005 3413005] (gcs_server) gcs_actor_scheduler.cc:427: Start creating actor afc9303566fe943b2f37289e01000000 on worker 620355e34fe46ab333be9c6484c96863f7eeb1baa17b97c6876467ed at node 435ff685d8e66afce15860cd5b4687480235848d386ffa5d5547bd3d, job id = 01000000
[2026-01-30 14:03:24,839 I 3413005 3413005] (gcs_server) gcs_actor_scheduler.cc:614: Finished leasing worker from 435ff685d8e66afce15860cd5b4687480235848d386ffa5d5547bd3d for actor 4611f66c9ff9857c0630801e01000000, job id = 01000000
[2026-01-30 14:03:24,839 I 3413005 3413005] (gcs_server) gcs_actor_scheduler.cc:427: Start creating actor 4611f66c9ff9857c0630801e01000000 on worker 08eb4f6bf44db7f76a47b03712e5007ccc66f1c7d73b1cecc141b302 at node 435ff685d8e66afce15860cd5b4687480235848d386ffa5d5547bd3d, job id = 01000000
[2026-01-30 14:03:25,946 I 3413005 3413005] (gcs_server) gcs_server.cc:186: GcsNodeManager: 
- RegisterNode request count: 1
- DrainNode request count: 0
- GetAllNodeInfo request count: 24
- GetInternalConfig request count: 1

GcsActorManager: 
- RegisterActor request count: 16
- CreateActor request count: 16
- GetActorInfo request count: 16
- GetNamedActorInfo request count: 0
- GetAllActorInfo request count: 0
- KillActor request count: 0
- ListNamedActors request count: 0
- Registered actors count: 16
- Destroyed actors count: 0
- Named actors count: 0
- Unresolved actors count: 0
- Pending actors count: 0
- Created actors count: 0
- owners_: 1
- actor_to_register_callbacks_: 0
- actor_to_create_callbacks_: 16
- sorted_destroyed_actor_list_: 0

GcsResourceManager: 
- GetResources request count: 0
- GetAllAvailableResources request count0
- ReportResourceUsage request count: 0
- GetAllResourceUsage request count: 12

GcsPlacementGroupManager: 
- CreatePlacementGroup request count: 0
- RemovePlacementGroup request count: 0
- GetPlacementGroup request count: 0
- GetAllPlacementGroup request count: 0
- WaitPlacementGroupUntilReady request count: 0
- GetNamedPlacementGroup request count: 0
- Scheduling pending placement group count: 0
- Registered placement groups count: 0
- Named placement group count: 0
- Pending placement groups count: 0
- Infeasible placement groups count: 0

GcsPublisher {}

[runtime env manager] ID to URIs table:
[runtime env manager] URIs reference table:

GrpcBasedResourceBroadcaster:
- Tracked nodes: 1
[2026-01-30 14:03:25,946 I 3413005 3413005] (gcs_server) gcs_server.cc:736: Event stats:


Global stats: 3394 total (36 active)
Queueing time: mean = 23.234 us, max = 16.617 ms, min = 811.000 ns, total = 78.858 ms
Execution time:  mean = 26.907 us, total = 91.323 ms
Event stats:
	RaySyncer.deadline_timer.report_resource_report - 600 total (1 active), CPU time: mean = 5.285 us, total = 3.171 ms
	ResourceUpdate - 540 total (0 active), CPU time: mean = 8.842 us, total = 4.774 ms
	NodeManagerService.grpc_client.RequestResourceReport - 540 total (0 active), CPU time: mean = 23.807 us, total = 12.856 ms
	NodeManagerService.grpc_client.UpdateResourceUsage - 539 total (0 active), CPU time: mean = 8.243 us, total = 4.443 ms
	GcsInMemoryStore.Get - 296 total (0 active), CPU time: mean = 21.741 us, total = 6.435 ms
	InternalKVGcsService.grpc_server.InternalKVGet - 295 total (0 active), CPU time: mean = 7.405 us, total = 2.184 ms
	GcsInMemoryStore.Put - 182 total (0 active), CPU time: mean = 42.213 us, total = 7.683 ms
	InternalKVGcsService.grpc_server.InternalKVPut - 113 total (0 active), CPU time: mean = 12.269 us, total = 1.386 ms
	RayletLoadPulled - 60 total (1 active), CPU time: mean = 54.067 us, total = 3.244 ms
	NodeManagerService.grpc_client.GetResourceLoad - 54 total (0 active), CPU time: mean = 8.012 us, total = 432.668 us
	NodeInfoGcsService.grpc_server.GetAllNodeInfo - 24 total (0 active), CPU time: mean = 26.276 us, total = 630.616 us
	WorkerInfoGcsService.grpc_server.AddWorkerInfo - 17 total (0 active), CPU time: mean = 13.456 us, total = 228.756 us
	CoreWorkerService.grpc_client.WaitForActorOutOfScope - 16 total (16 active), CPU time: mean = 0.000 s, total = 0.000 s
	ActorInfoGcsService.grpc_server.RegisterActor - 16 total (0 active), CPU time: mean = 1.181 ms, total = 18.900 ms
	CoreWorkerService.grpc_client.PushTask - 16 total (16 active), CPU time: mean = 0.000 s, total = 0.000 s
	NodeManagerService.grpc_client.RequestWorkerLease - 16 total (0 active), CPU time: mean = 131.295 us, total = 2.101 ms
	ActorInfoGcsService.grpc_server.GetActorInfo - 16 total (0 active), CPU time: mean = 12.192 us, total = 195.068 us
	ActorInfoGcsService.grpc_server.CreateActor - 16 total (0 active), CPU time: mean = 166.665 us, total = 2.667 ms
	NodeResourceInfoGcsService.grpc_server.GetAllResourceUsage - 12 total (0 active), CPU time: mean = 78.398 us, total = 940.772 us
	GcsInMemoryStore.GetAll - 7 total (0 active), CPU time: mean = 2.451 ms, total = 17.157 ms
	GCSServer.deadline_timer.debug_state_dump - 6 total (1 active), CPU time: mean = 223.042 us, total = 1.338 ms
	PeriodicalRunner.RunFnPeriodically - 4 total (0 active), CPU time: mean = 55.248 us, total = 220.992 us
	JobInfoGcsService.grpc_server.GetNextJobID - 1 total (0 active), CPU time: mean = 34.760 us, total = 34.760 us
	GCSServer.deadline_timer.debug_state_event_stats_print - 1 total (1 active, 1 running), CPU time: mean = 0.000 s, total = 0.000 s
	JobInfoGcsService.grpc_server.GetAllJobInfo - 1 total (0 active), CPU time: mean = 38.937 us, total = 38.937 us
	StatsGcsService.grpc_server.AddProfileData - 1 total (0 active), CPU time: mean = 89.660 us, total = 89.660 us
	NodeInfoGcsService.grpc_server.RegisterNode - 1 total (0 active), CPU time: mean = 56.550 us, total = 56.550 us
	NodeInfoGcsService.grpc_server.GetInternalConfig - 1 total (0 active), CPU time: mean = 9.521 us, total = 9.521 us
	GcsInMemoryStore.Delete - 1 total (0 active), CPU time: mean = 18.817 us, total = 18.817 us
	InternalKVGcsService.grpc_server.InternalKVDel - 1 total (0 active), CPU time: mean = 12.304 us, total = 12.304 us
	JobInfoGcsService.grpc_server.AddJob - 1 total (0 active), CPU time: mean = 74.986 us, total = 74.986 us


[2026-01-30 14:03:30,793 I 3413005 3413005] (gcs_server) gcs_job_manager.cc:149: Getting all job info.
[2026-01-30 14:03:30,793 I 3413005 3413005] (gcs_server) gcs_job_manager.cc:155: Finished getting all job info.
[2026-01-30 14:03:59,262 I 3413005 3413005] (gcs_server) gcs_actor_scheduler.cc:466: Succeeded in creating actor 344f34fb836c4ea6c904785b01000000 on worker 308b541dab4fbd14aaca41c23e7ac48ae926db39d922288aa212fc68 at node 435ff685d8e66afce15860cd5b4687480235848d386ffa5d5547bd3d, job id = 01000000
[2026-01-30 14:03:59,262 I 3413005 3413005] (gcs_server) gcs_actor_manager.cc:1171: Actor created successfully, actor id = 344f34fb836c4ea6c904785b01000000, job id = 01000000
[2026-01-30 14:03:59,262 I 3413005 3413005] (gcs_server) gcs_actor_manager.cc:277: Finished creating actor, job id = 01000000, actor id = 344f34fb836c4ea6c904785b01000000
[2026-01-30 14:03:59,263 I 3413005 3413005] (gcs_server) gcs_actor_scheduler.cc:466: Succeeded in creating actor c54771daefb1b40b929f196a01000000 on worker 61a7db7d9b9dbe1e852733f0c335bad1b9b95d3d2ba57ec413c688d0 at node 435ff685d8e66afce15860cd5b4687480235848d386ffa5d5547bd3d, job id = 01000000
[2026-01-30 14:03:59,263 I 3413005 3413005] (gcs_server) gcs_actor_manager.cc:1171: Actor created successfully, actor id = c54771daefb1b40b929f196a01000000, job id = 01000000
[2026-01-30 14:03:59,263 I 3413005 3413005] (gcs_server) gcs_actor_manager.cc:277: Finished creating actor, job id = 01000000, actor id = c54771daefb1b40b929f196a01000000
[2026-01-30 14:03:59,263 I 3413005 3413005] (gcs_server) gcs_actor_scheduler.cc:466: Succeeded in creating actor b6186a62615171ff66edc10f01000000 on worker d52ef9567e7b00cd7981f2b96cd73ff02a0978132b18e18071b24bc8 at node 435ff685d8e66afce15860cd5b4687480235848d386ffa5d5547bd3d, job id = 01000000
[2026-01-30 14:03:59,263 I 3413005 3413005] (gcs_server) gcs_actor_manager.cc:1171: Actor created successfully, actor id = b6186a62615171ff66edc10f01000000, job id = 01000000
[2026-01-30 14:03:59,263 I 3413005 3413005] (gcs_server) gcs_actor_manager.cc:277: Finished creating actor, job id = 01000000, actor id = b6186a62615171ff66edc10f01000000
[2026-01-30 14:03:59,263 I 3413005 3413005] (gcs_server) gcs_actor_scheduler.cc:466: Succeeded in creating actor c7d9fff9de7d7a08b623522101000000 on worker 784221bf8cf442390f78c4b024013c8a3d16f3ebb66cca6d5cf66cb8 at node 435ff685d8e66afce15860cd5b4687480235848d386ffa5d5547bd3d, job id = 01000000
[2026-01-30 14:03:59,263 I 3413005 3413005] (gcs_server) gcs_actor_manager.cc:1171: Actor created successfully, actor id = c7d9fff9de7d7a08b623522101000000, job id = 01000000
[2026-01-30 14:03:59,263 I 3413005 3413005] (gcs_server) gcs_actor_scheduler.cc:466: Succeeded in creating actor ac0b585760ad4a30725a3a8101000000 on worker a53504d2217b410456032bf4a6d447e6912ba2a4bebd3084f1c97380 at node 435ff685d8e66afce15860cd5b4687480235848d386ffa5d5547bd3d, job id = 01000000
[2026-01-30 14:03:59,263 I 3413005 3413005] (gcs_server) gcs_actor_manager.cc:1171: Actor created successfully, actor id = ac0b585760ad4a30725a3a8101000000, job id = 01000000
[2026-01-30 14:03:59,264 I 3413005 3413005] (gcs_server) gcs_actor_scheduler.cc:466: Succeeded in creating actor 682832ff3cdc506d5e4bbe2101000000 on worker 47e42f079841b231f13a91514c2f0a18a753e4ddb497098723d77227 at node 435ff685d8e66afce15860cd5b4687480235848d386ffa5d5547bd3d, job id = 01000000
[2026-01-30 14:03:59,264 I 3413005 3413005] (gcs_server) gcs_actor_manager.cc:1171: Actor created successfully, actor id = 682832ff3cdc506d5e4bbe2101000000, job id = 01000000
[2026-01-30 14:03:59,264 I 3413005 3413005] (gcs_server) gcs_actor_scheduler.cc:466: Succeeded in creating actor 15cc7376e051f7543ad1907e01000000 on worker 2c8da63c7b1946274ed4552ff17a2b268a2f721df964ad796fe06358 at node 435ff685d8e66afce15860cd5b4687480235848d386ffa5d5547bd3d, job id = 01000000
[2026-01-30 14:03:59,264 I 3413005 3413005] (gcs_server) gcs_actor_manager.cc:1171: Actor created successfully, actor id = 15cc7376e051f7543ad1907e01000000, job id = 01000000
[2026-01-30 14:03:59,264 I 3413005 3413005] (gcs_server) gcs_actor_manager.cc:277: Finished creating actor, job id = 01000000, actor id = c7d9fff9de7d7a08b623522101000000
[2026-01-30 14:03:59,264 I 3413005 3413005] (gcs_server) gcs_actor_scheduler.cc:466: Succeeded in creating actor 828ed86eb015464e027de58101000000 on worker 1fe21209ef5fad57c98930a9810cc36fe81ac113e638085a2c4dfe13 at node 435ff685d8e66afce15860cd5b4687480235848d386ffa5d5547bd3d, job id = 01000000
[2026-01-30 14:03:59,264 I 3413005 3413005] (gcs_server) gcs_actor_manager.cc:1171: Actor created successfully, actor id = 828ed86eb015464e027de58101000000, job id = 01000000
[2026-01-30 14:03:59,264 I 3413005 3413005] (gcs_server) gcs_actor_scheduler.cc:466: Succeeded in creating actor ea26476c528f2639cf18a1a301000000 on worker 3fb4a67cac84d9a38699ebb632cc65a5e72fab0458b7ce6b6a9002a2 at node 435ff685d8e66afce15860cd5b4687480235848d386ffa5d5547bd3d, job id = 01000000
[2026-01-30 14:03:59,264 I 3413005 3413005] (gcs_server) gcs_actor_manager.cc:1171: Actor created successfully, actor id = ea26476c528f2639cf18a1a301000000, job id = 01000000
[2026-01-30 14:03:59,264 I 3413005 3413005] (gcs_server) gcs_actor_scheduler.cc:466: Succeeded in creating actor cd63076fc4ebecbb72edba0401000000 on worker b32d21340f844bed3a46eb8debac69f6ae88f97bd9db99b1c0c318cc at node 435ff685d8e66afce15860cd5b4687480235848d386ffa5d5547bd3d, job id = 01000000
[2026-01-30 14:03:59,264 I 3413005 3413005] (gcs_server) gcs_actor_manager.cc:1171: Actor created successfully, actor id = cd63076fc4ebecbb72edba0401000000, job id = 01000000
[2026-01-30 14:03:59,264 I 3413005 3413005] (gcs_server) gcs_actor_manager.cc:277: Finished creating actor, job id = 01000000, actor id = ac0b585760ad4a30725a3a8101000000
[2026-01-30 14:03:59,264 I 3413005 3413005] (gcs_server) gcs_actor_manager.cc:277: Finished creating actor, job id = 01000000, actor id = 682832ff3cdc506d5e4bbe2101000000
[2026-01-30 14:03:59,264 I 3413005 3413005] (gcs_server) gcs_actor_scheduler.cc:466: Succeeded in creating actor 4611f66c9ff9857c0630801e01000000 on worker 08eb4f6bf44db7f76a47b03712e5007ccc66f1c7d73b1cecc141b302 at node 435ff685d8e66afce15860cd5b4687480235848d386ffa5d5547bd3d, job id = 01000000
[2026-01-30 14:03:59,264 I 3413005 3413005] (gcs_server) gcs_actor_manager.cc:1171: Actor created successfully, actor id = 4611f66c9ff9857c0630801e01000000, job id = 01000000
[2026-01-30 14:03:59,264 I 3413005 3413005] (gcs_server) gcs_actor_manager.cc:277: Finished creating actor, job id = 01000000, actor id = 15cc7376e051f7543ad1907e01000000
[2026-01-30 14:03:59,264 I 3413005 3413005] (gcs_server) gcs_actor_scheduler.cc:466: Succeeded in creating actor d48430af042aa20f39f99acf01000000 on worker 4377d217374da8ba9f857ba4259265cb9a2eb707d51e6d44433be8d2 at node 435ff685d8e66afce15860cd5b4687480235848d386ffa5d5547bd3d, job id = 01000000
[2026-01-30 14:03:59,264 I 3413005 3413005] (gcs_server) gcs_actor_manager.cc:1171: Actor created successfully, actor id = d48430af042aa20f39f99acf01000000, job id = 01000000
[2026-01-30 14:03:59,264 I 3413005 3413005] (gcs_server) gcs_actor_manager.cc:277: Finished creating actor, job id = 01000000, actor id = 828ed86eb015464e027de58101000000
[2026-01-30 14:03:59,264 I 3413005 3413005] (gcs_server) gcs_actor_manager.cc:277: Finished creating actor, job id = 01000000, actor id = ea26476c528f2639cf18a1a301000000
[2026-01-30 14:03:59,265 I 3413005 3413005] (gcs_server) gcs_actor_manager.cc:277: Finished creating actor, job id = 01000000, actor id = cd63076fc4ebecbb72edba0401000000
[2026-01-30 14:03:59,265 I 3413005 3413005] (gcs_server) gcs_actor_manager.cc:277: Finished creating actor, job id = 01000000, actor id = 4611f66c9ff9857c0630801e01000000
[2026-01-30 14:03:59,265 I 3413005 3413005] (gcs_server) gcs_actor_manager.cc:277: Finished creating actor, job id = 01000000, actor id = d48430af042aa20f39f99acf01000000
[2026-01-30 14:03:59,265 I 3413005 3413005] (gcs_server) gcs_actor_scheduler.cc:466: Succeeded in creating actor e08b1ff832cdfa1e8ce303c101000000 on worker a213fa0538ebfc3272d75fb948f5be4306195c9f4a9af1510a3e9ba4 at node 435ff685d8e66afce15860cd5b4687480235848d386ffa5d5547bd3d, job id = 01000000
[2026-01-30 14:03:59,265 I 3413005 3413005] (gcs_server) gcs_actor_manager.cc:1171: Actor created successfully, actor id = e08b1ff832cdfa1e8ce303c101000000, job id = 01000000
[2026-01-30 14:03:59,265 I 3413005 3413005] (gcs_server) gcs_actor_manager.cc:277: Finished creating actor, job id = 01000000, actor id = e08b1ff832cdfa1e8ce303c101000000
[2026-01-30 14:03:59,265 I 3413005 3413005] (gcs_server) gcs_actor_scheduler.cc:466: Succeeded in creating actor afc9303566fe943b2f37289e01000000 on worker 620355e34fe46ab333be9c6484c96863f7eeb1baa17b97c6876467ed at node 435ff685d8e66afce15860cd5b4687480235848d386ffa5d5547bd3d, job id = 01000000
[2026-01-30 14:03:59,265 I 3413005 3413005] (gcs_server) gcs_actor_manager.cc:1171: Actor created successfully, actor id = afc9303566fe943b2f37289e01000000, job id = 01000000
[2026-01-30 14:03:59,265 I 3413005 3413005] (gcs_server) gcs_actor_manager.cc:277: Finished creating actor, job id = 01000000, actor id = afc9303566fe943b2f37289e01000000
[2026-01-30 14:03:59,267 I 3413005 3413005] (gcs_server) gcs_actor_scheduler.cc:466: Succeeded in creating actor 6ae45908ad34983dcb924af201000000 on worker 881f6054e51d2b430eb19985852474f23915db24a8cb80c54827bb24 at node 435ff685d8e66afce15860cd5b4687480235848d386ffa5d5547bd3d, job id = 01000000
[2026-01-30 14:03:59,267 I 3413005 3413005] (gcs_server) gcs_actor_manager.cc:1171: Actor created successfully, actor id = 6ae45908ad34983dcb924af201000000, job id = 01000000
[2026-01-30 14:03:59,267 I 3413005 3413005] (gcs_server) gcs_actor_manager.cc:277: Finished creating actor, job id = 01000000, actor id = 6ae45908ad34983dcb924af201000000
[2026-01-30 14:03:59,275 I 3413005 3413005] (gcs_server) gcs_actor_scheduler.cc:466: Succeeded in creating actor 03cba3244b38cffc52b58f0401000000 on worker 2213fe50f466340ea2709d86df9bddbaf89d6106250dedf4ee2361ab at node 435ff685d8e66afce15860cd5b4687480235848d386ffa5d5547bd3d, job id = 01000000
[2026-01-30 14:03:59,275 I 3413005 3413005] (gcs_server) gcs_actor_manager.cc:1171: Actor created successfully, actor id = 03cba3244b38cffc52b58f0401000000, job id = 01000000
[2026-01-30 14:03:59,275 I 3413005 3413005] (gcs_server) gcs_actor_manager.cc:277: Finished creating actor, job id = 01000000, actor id = 03cba3244b38cffc52b58f0401000000
[2026-01-30 14:04:17,774 I 3413005 3413005] (gcs_server) gcs_job_manager.cc:149: Getting all job info.
[2026-01-30 14:04:17,774 I 3413005 3413005] (gcs_server) gcs_job_manager.cc:155: Finished getting all job info.
[2026-01-30 14:04:25,946 I 3413005 3413005] (gcs_server) gcs_server.cc:186: GcsNodeManager: 
- RegisterNode request count: 1
- DrainNode request count: 0
- GetAllNodeInfo request count: 30
- GetInternalConfig request count: 1

GcsActorManager: 
- RegisterActor request count: 16
- CreateActor request count: 16
- GetActorInfo request count: 16
- GetNamedActorInfo request count: 0
- GetAllActorInfo request count: 0
- KillActor request count: 0
- ListNamedActors request count: 0
- Registered actors count: 16
- Destroyed actors count: 0
- Named actors count: 0
- Unresolved actors count: 0
- Pending actors count: 0
- Created actors count: 1
- owners_: 1
- actor_to_register_callbacks_: 0
- actor_to_create_callbacks_: 0
- sorted_destroyed_actor_list_: 0

GcsResourceManager: 
- GetResources request count: 0
- GetAllAvailableResources request count0
- ReportResourceUsage request count: 0
- GetAllResourceUsage request count: 24

GcsPlacementGroupManager: 
- CreatePlacementGroup request count: 1
- RemovePlacementGroup request count: 0
- GetPlacementGroup request count: 1
- GetAllPlacementGroup request count: 1
- WaitPlacementGroupUntilReady request count: 0
- GetNamedPlacementGroup request count: 0
- Scheduling pending placement group count: 32
- Registered placement groups count: 1
- Named placement group count: 1
- Pending placement groups count: 1
- Infeasible placement groups count: 0

GcsPublisher {}

[runtime env manager] ID to URIs table:
[runtime env manager] URIs reference table:

GrpcBasedResourceBroadcaster:
- Tracked nodes: 1
[2026-01-30 14:04:25,946 I 3413005 3413005] (gcs_server) gcs_server.cc:736: Event stats:


Global stats: 6843 total (20 active)
Queueing time: mean = 18.128 us, max = 16.617 ms, min = 748.000 ns, total = 124.048 ms
Execution time:  mean = 21.895 us, total = 149.825 ms
Event stats:
	RaySyncer.deadline_timer.report_resource_report - 1200 total (1 active), CPU time: mean = 6.380 us, total = 7.656 ms
	ResourceUpdate - 1135 total (0 active), CPU time: mean = 9.892 us, total = 11.227 ms
	NodeManagerService.grpc_client.RequestResourceReport - 1135 total (0 active), CPU time: mean = 24.791 us, total = 28.137 ms
	NodeManagerService.grpc_client.UpdateResourceUsage - 1134 total (0 active), CPU time: mean = 9.388 us, total = 10.646 ms
	GcsInMemoryStore.Put - 586 total (0 active), CPU time: mean = 30.727 us, total = 18.006 ms
	InternalKVGcsService.grpc_server.InternalKVPut - 448 total (0 active), CPU time: mean = 10.398 us, total = 4.658 ms
	GcsInMemoryStore.Get - 343 total (0 active), CPU time: mean = 21.595 us, total = 7.407 ms
	InternalKVGcsService.grpc_server.InternalKVGet - 342 total (0 active), CPU time: mean = 7.787 us, total = 2.663 ms
	RayletLoadPulled - 120 total (1 active), CPU time: mean = 59.965 us, total = 7.196 ms
	NodeManagerService.grpc_client.GetResourceLoad - 114 total (0 active), CPU time: mean = 9.309 us, total = 1.061 ms
	StatsGcsService.grpc_server.AddProfileData - 52 total (0 active), CPU time: mean = 17.589 us, total = 914.619 us
	NodeInfoGcsService.grpc_server.GetAllNodeInfo - 30 total (0 active), CPU time: mean = 25.674 us, total = 770.219 us
	NodeResourceInfoGcsService.grpc_server.GetAllResourceUsage - 24 total (0 active), CPU time: mean = 73.707 us, total = 1.769 ms
	WorkerInfoGcsService.grpc_server.AddWorkerInfo - 18 total (0 active), CPU time: mean = 13.930 us, total = 250.741 us
	NodeManagerService.grpc_client.RequestWorkerLease - 16 total (0 active), CPU time: mean = 131.295 us, total = 2.101 ms
	CoreWorkerService.grpc_client.WaitForActorOutOfScope - 16 total (16 active), CPU time: mean = 0.000 s, total = 0.000 s
	ActorInfoGcsService.grpc_server.RegisterActor - 16 total (0 active), CPU time: mean = 1.181 ms, total = 18.900 ms
	ActorInfoGcsService.grpc_server.GetActorInfo - 16 total (0 active), CPU time: mean = 12.192 us, total = 195.068 us
	ActorInfoGcsService.grpc_server.CreateActor - 16 total (0 active), CPU time: mean = 166.665 us, total = 2.667 ms
	GcsPlacementGroupManager.SchedulePendingPlacementGroups - 16 total (0 active), CPU time: mean = 73.062 ns, total = 1.169 us
	CoreWorkerService.grpc_client.PushTask - 16 total (0 active), CPU time: mean = 141.065 us, total = 2.257 ms
	GCSServer.deadline_timer.debug_state_dump - 12 total (1 active), CPU time: mean = 245.038 us, total = 2.940 ms
	GcsInMemoryStore.GetAll - 10 total (0 active), CPU time: mean = 1.727 ms, total = 17.268 ms
	InternalKVGcsService.grpc_server.InternalKVKeys - 4 total (0 active), CPU time: mean = 14.688 us, total = 58.751 us
	PeriodicalRunner.RunFnPeriodically - 4 total (0 active), CPU time: mean = 55.248 us, total = 220.992 us
	GcsInMemoryStore.Keys - 4 total (0 active), CPU time: mean = 25.164 us, total = 100.657 us
	JobInfoGcsService.grpc_server.GetAllJobInfo - 3 total (0 active), CPU time: mean = 53.993 us, total = 161.980 us
	GCSServer.deadline_timer.debug_state_event_stats_print - 2 total (1 active, 1 running), CPU time: mean = 118.313 us, total = 236.626 us
	InternalKVGcsService.grpc_server.InternalKVDel - 1 total (0 active), CPU time: mean = 12.304 us, total = 12.304 us
	InternalKVGcsService.grpc_server.InternalKVExists - 1 total (0 active), CPU time: mean = 16.524 us, total = 16.524 us
	NodeInfoGcsService.grpc_server.GetInternalConfig - 1 total (0 active), CPU time: mean = 9.521 us, total = 9.521 us
	PlacementGroupInfoGcsService.grpc_server.GetAllPlacementGroup - 1 total (0 active), CPU time: mean = 12.743 us, total = 12.743 us
	PlacementGroupInfoGcsService.grpc_server.CreatePlacementGroup - 1 total (0 active), CPU time: mean = 52.167 us, total = 52.167 us
	GcsInMemoryStore.Delete - 1 total (0 active), CPU time: mean = 18.817 us, total = 18.817 us
	JobInfoGcsService.grpc_server.AddJob - 1 total (0 active), CPU time: mean = 74.986 us, total = 74.986 us
	GcsInMemoryStore.Exists - 1 total (0 active), CPU time: mean = 19.018 us, total = 19.018 us
	PlacementGroupInfoGcsService.grpc_server.GetPlacementGroup - 1 total (0 active), CPU time: mean = 46.228 us, total = 46.228 us
	NodeInfoGcsService.grpc_server.RegisterNode - 1 total (0 active), CPU time: mean = 56.550 us, total = 56.550 us
	JobInfoGcsService.grpc_server.GetNextJobID - 1 total (0 active), CPU time: mean = 34.760 us, total = 34.760 us


[2026-01-30 14:05:25,946 I 3413005 3413005] (gcs_server) gcs_server.cc:186: GcsNodeManager: 
- RegisterNode request count: 1
- DrainNode request count: 0
- GetAllNodeInfo request count: 37
- GetInternalConfig request count: 1

GcsActorManager: 
- RegisterActor request count: 16
- CreateActor request count: 16
- GetActorInfo request count: 16
- GetNamedActorInfo request count: 0
- GetAllActorInfo request count: 0
- KillActor request count: 0
- ListNamedActors request count: 0
- Registered actors count: 16
- Destroyed actors count: 0
- Named actors count: 0
- Unresolved actors count: 0
- Pending actors count: 0
- Created actors count: 1
- owners_: 1
- actor_to_register_callbacks_: 0
- actor_to_create_callbacks_: 0
- sorted_destroyed_actor_list_: 0

GcsResourceManager: 
- GetResources request count: 0
- GetAllAvailableResources request count0
- ReportResourceUsage request count: 0
- GetAllResourceUsage request count: 36

GcsPlacementGroupManager: 
- CreatePlacementGroup request count: 1
- RemovePlacementGroup request count: 0
- GetPlacementGroup request count: 1
- GetAllPlacementGroup request count: 1
- WaitPlacementGroupUntilReady request count: 0
- GetNamedPlacementGroup request count: 0
- Scheduling pending placement group count: 152
- Registered placement groups count: 1
- Named placement group count: 1
- Pending placement groups count: 1
- Infeasible placement groups count: 0

GcsPublisher {}

[runtime env manager] ID to URIs table:
[runtime env manager] URIs reference table:

GrpcBasedResourceBroadcaster:
- Tracked nodes: 1
[2026-01-30 14:05:25,946 I 3413005 3413005] (gcs_server) gcs_server.cc:736: Event stats:


Global stats: 9626 total (20 active)
Queueing time: mean = 15.592 us, max = 16.617 ms, min = 748.000 ns, total = 150.088 ms
Execution time:  mean = 19.157 us, total = 184.407 ms
Event stats:
	RaySyncer.deadline_timer.report_resource_report - 1800 total (1 active), CPU time: mean = 5.905 us, total = 10.629 ms
	NodeManagerService.grpc_client.RequestResourceReport - 1730 total (0 active), CPU time: mean = 23.255 us, total = 40.230 ms
	ResourceUpdate - 1730 total (0 active), CPU time: mean = 8.911 us, total = 15.416 ms
	NodeManagerService.grpc_client.UpdateResourceUsage - 1729 total (0 active), CPU time: mean = 8.257 us, total = 14.276 ms
	GcsInMemoryStore.Put - 670 total (0 active), CPU time: mean = 30.550 us, total = 20.468 ms
	InternalKVGcsService.grpc_server.InternalKVPut - 532 total (0 active), CPU time: mean = 11.391 us, total = 6.060 ms
	GcsInMemoryStore.Get - 355 total (0 active), CPU time: mean = 21.664 us, total = 7.691 ms
	InternalKVGcsService.grpc_server.InternalKVGet - 354 total (0 active), CPU time: mean = 8.086 us, total = 2.863 ms
	RayletLoadPulled - 180 total (1 active), CPU time: mean = 58.031 us, total = 10.445 ms
	NodeManagerService.grpc_client.GetResourceLoad - 174 total (0 active), CPU time: mean = 9.623 us, total = 1.674 ms
	GcsPlacementGroupManager.SchedulePendingPlacementGroups - 76 total (0 active), CPU time: mean = 73.645 ns, total = 5.597 us
	StatsGcsService.grpc_server.AddProfileData - 52 total (0 active), CPU time: mean = 17.589 us, total = 914.619 us
	NodeInfoGcsService.grpc_server.GetAllNodeInfo - 37 total (0 active), CPU time: mean = 29.031 us, total = 1.074 ms
	NodeResourceInfoGcsService.grpc_server.GetAllResourceUsage - 36 total (0 active), CPU time: mean = 84.641 us, total = 3.047 ms
	GCSServer.deadline_timer.debug_state_dump - 18 total (1 active), CPU time: mean = 256.719 us, total = 4.621 ms
	WorkerInfoGcsService.grpc_server.AddWorkerInfo - 18 total (0 active), CPU time: mean = 13.930 us, total = 250.741 us
	CoreWorkerService.grpc_client.WaitForActorOutOfScope - 16 total (16 active), CPU time: mean = 0.000 s, total = 0.000 s
	CoreWorkerService.grpc_client.PushTask - 16 total (0 active), CPU time: mean = 141.065 us, total = 2.257 ms
	ActorInfoGcsService.grpc_server.RegisterActor - 16 total (0 active), CPU time: mean = 1.181 ms, total = 18.900 ms
	ActorInfoGcsService.grpc_server.CreateActor - 16 total (0 active), CPU time: mean = 166.665 us, total = 2.667 ms
	ActorInfoGcsService.grpc_server.GetActorInfo - 16 total (0 active), CPU time: mean = 12.192 us, total = 195.068 us
	NodeManagerService.grpc_client.RequestWorkerLease - 16 total (0 active), CPU time: mean = 131.295 us, total = 2.101 ms
	GcsInMemoryStore.GetAll - 10 total (0 active), CPU time: mean = 1.727 ms, total = 17.268 ms
	InternalKVGcsService.grpc_server.InternalKVKeys - 4 total (0 active), CPU time: mean = 14.688 us, total = 58.751 us
	PeriodicalRunner.RunFnPeriodically - 4 total (0 active), CPU time: mean = 55.248 us, total = 220.992 us
	GcsInMemoryStore.Keys - 4 total (0 active), CPU time: mean = 25.164 us, total = 100.657 us
	GCSServer.deadline_timer.debug_state_event_stats_print - 3 total (1 active, 1 running), CPU time: mean = 152.656 us, total = 457.968 us
	JobInfoGcsService.grpc_server.GetAllJobInfo - 3 total (0 active), CPU time: mean = 53.993 us, total = 161.980 us
	PlacementGroupInfoGcsService.grpc_server.GetAllPlacementGroup - 1 total (0 active), CPU time: mean = 12.743 us, total = 12.743 us
	PlacementGroupInfoGcsService.grpc_server.GetPlacementGroup - 1 total (0 active), CPU time: mean = 46.228 us, total = 46.228 us
	GcsInMemoryStore.Exists - 1 total (0 active), CPU time: mean = 19.018 us, total = 19.018 us
	JobInfoGcsService.grpc_server.AddJob - 1 total (0 active), CPU time: mean = 74.986 us, total = 74.986 us
	NodeInfoGcsService.grpc_server.GetInternalConfig - 1 total (0 active), CPU time: mean = 9.521 us, total = 9.521 us
	PlacementGroupInfoGcsService.grpc_server.CreatePlacementGroup - 1 total (0 active), CPU time: mean = 52.167 us, total = 52.167 us
	InternalKVGcsService.grpc_server.InternalKVExists - 1 total (0 active), CPU time: mean = 16.524 us, total = 16.524 us
	JobInfoGcsService.grpc_server.GetNextJobID - 1 total (0 active), CPU time: mean = 34.760 us, total = 34.760 us
	InternalKVGcsService.grpc_server.InternalKVDel - 1 total (0 active), CPU time: mean = 12.304 us, total = 12.304 us
	GcsInMemoryStore.Delete - 1 total (0 active), CPU time: mean = 18.817 us, total = 18.817 us
	NodeInfoGcsService.grpc_server.RegisterNode - 1 total (0 active), CPU time: mean = 56.550 us, total = 56.550 us


[2026-01-30 14:06:25,947 I 3413005 3413005] (gcs_server) gcs_server.cc:186: GcsNodeManager: 
- RegisterNode request count: 1
- DrainNode request count: 0
- GetAllNodeInfo request count: 43
- GetInternalConfig request count: 1

GcsActorManager: 
- RegisterActor request count: 16
- CreateActor request count: 16
- GetActorInfo request count: 16
- GetNamedActorInfo request count: 0
- GetAllActorInfo request count: 0
- KillActor request count: 0
- ListNamedActors request count: 0
- Registered actors count: 16
- Destroyed actors count: 0
- Named actors count: 0
- Unresolved actors count: 0
- Pending actors count: 0
- Created actors count: 1
- owners_: 1
- actor_to_register_callbacks_: 0
- actor_to_create_callbacks_: 0
- sorted_destroyed_actor_list_: 0

GcsResourceManager: 
- GetResources request count: 0
- GetAllAvailableResources request count0
- ReportResourceUsage request count: 0
- GetAllResourceUsage request count: 48

GcsPlacementGroupManager: 
- CreatePlacementGroup request count: 1
- RemovePlacementGroup request count: 0
- GetPlacementGroup request count: 1
- GetAllPlacementGroup request count: 1
- WaitPlacementGroupUntilReady request count: 0
- GetNamedPlacementGroup request count: 0
- Scheduling pending placement group count: 270
- Registered placement groups count: 1
- Named placement group count: 1
- Pending placement groups count: 1
- Infeasible placement groups count: 0

GcsPublisher {}

[runtime env manager] ID to URIs table:
[runtime env manager] URIs reference table:

GrpcBasedResourceBroadcaster:
- Tracked nodes: 1
[2026-01-30 14:06:25,947 I 3413005 3413005] (gcs_server) gcs_server.cc:736: Event stats:


Global stats: 12407 total (20 active)
Queueing time: mean = 14.337 us, max = 16.617 ms, min = 748.000 ns, total = 177.878 ms
Execution time:  mean = 18.018 us, total = 223.544 ms
Event stats:
	RaySyncer.deadline_timer.report_resource_report - 2400 total (1 active), CPU time: mean = 5.988 us, total = 14.371 ms
	NodeManagerService.grpc_client.RequestResourceReport - 2325 total (0 active), CPU time: mean = 23.038 us, total = 53.563 ms
	ResourceUpdate - 2325 total (0 active), CPU time: mean = 8.700 us, total = 20.228 ms
	NodeManagerService.grpc_client.UpdateResourceUsage - 2324 total (0 active), CPU time: mean = 8.021 us, total = 18.640 ms
	GcsInMemoryStore.Put - 754 total (0 active), CPU time: mean = 30.752 us, total = 23.187 ms
	InternalKVGcsService.grpc_server.InternalKVPut - 616 total (0 active), CPU time: mean = 12.291 us, total = 7.571 ms
	GcsInMemoryStore.Get - 367 total (0 active), CPU time: mean = 21.739 us, total = 7.978 ms
	InternalKVGcsService.grpc_server.InternalKVGet - 366 total (0 active), CPU time: mean = 8.465 us, total = 3.098 ms
	RayletLoadPulled - 240 total (1 active), CPU time: mean = 59.431 us, total = 14.264 ms
	NodeManagerService.grpc_client.GetResourceLoad - 234 total (0 active), CPU time: mean = 10.148 us, total = 2.375 ms
	GcsPlacementGroupManager.SchedulePendingPlacementGroups - 135 total (0 active), CPU time: mean = 76.726 ns, total = 10.358 us
	StatsGcsService.grpc_server.AddProfileData - 52 total (0 active), CPU time: mean = 17.589 us, total = 914.619 us
	NodeResourceInfoGcsService.grpc_server.GetAllResourceUsage - 48 total (0 active), CPU time: mean = 92.905 us, total = 4.459 ms
	NodeInfoGcsService.grpc_server.GetAllNodeInfo - 43 total (0 active), CPU time: mean = 31.449 us, total = 1.352 ms
	GCSServer.deadline_timer.debug_state_dump - 24 total (1 active), CPU time: mean = 263.672 us, total = 6.328 ms
	WorkerInfoGcsService.grpc_server.AddWorkerInfo - 18 total (0 active), CPU time: mean = 13.930 us, total = 250.741 us
	CoreWorkerService.grpc_client.WaitForActorOutOfScope - 16 total (16 active), CPU time: mean = 0.000 s, total = 0.000 s
	CoreWorkerService.grpc_client.PushTask - 16 total (0 active), CPU time: mean = 141.065 us, total = 2.257 ms
	ActorInfoGcsService.grpc_server.RegisterActor - 16 total (0 active), CPU time: mean = 1.181 ms, total = 18.900 ms
	ActorInfoGcsService.grpc_server.CreateActor - 16 total (0 active), CPU time: mean = 166.665 us, total = 2.667 ms
	ActorInfoGcsService.grpc_server.GetActorInfo - 16 total (0 active), CPU time: mean = 12.192 us, total = 195.068 us
	NodeManagerService.grpc_client.RequestWorkerLease - 16 total (0 active), CPU time: mean = 131.295 us, total = 2.101 ms
	GcsInMemoryStore.GetAll - 10 total (0 active), CPU time: mean = 1.727 ms, total = 17.268 ms
	InternalKVGcsService.grpc_server.InternalKVKeys - 4 total (0 active), CPU time: mean = 14.688 us, total = 58.751 us
	GCSServer.deadline_timer.debug_state_event_stats_print - 4 total (1 active, 1 running), CPU time: mean = 167.315 us, total = 669.260 us
	PeriodicalRunner.RunFnPeriodically - 4 total (0 active), CPU time: mean = 55.248 us, total = 220.992 us
	GcsInMemoryStore.Keys - 4 total (0 active), CPU time: mean = 25.164 us, total = 100.657 us
	JobInfoGcsService.grpc_server.GetAllJobInfo - 3 total (0 active), CPU time: mean = 53.993 us, total = 161.980 us
	PlacementGroupInfoGcsService.grpc_server.GetAllPlacementGroup - 1 total (0 active), CPU time: mean = 12.743 us, total = 12.743 us
	PlacementGroupInfoGcsService.grpc_server.GetPlacementGroup - 1 total (0 active), CPU time: mean = 46.228 us, total = 46.228 us
	GcsInMemoryStore.Exists - 1 total (0 active), CPU time: mean = 19.018 us, total = 19.018 us
	JobInfoGcsService.grpc_server.AddJob - 1 total (0 active), CPU time: mean = 74.986 us, total = 74.986 us
	NodeInfoGcsService.grpc_server.GetInternalConfig - 1 total (0 active), CPU time: mean = 9.521 us, total = 9.521 us
	PlacementGroupInfoGcsService.grpc_server.CreatePlacementGroup - 1 total (0 active), CPU time: mean = 52.167 us, total = 52.167 us
	JobInfoGcsService.grpc_server.GetNextJobID - 1 total (0 active), CPU time: mean = 34.760 us, total = 34.760 us
	InternalKVGcsService.grpc_server.InternalKVExists - 1 total (0 active), CPU time: mean = 16.524 us, total = 16.524 us
	InternalKVGcsService.grpc_server.InternalKVDel - 1 total (0 active), CPU time: mean = 12.304 us, total = 12.304 us
	NodeInfoGcsService.grpc_server.RegisterNode - 1 total (0 active), CPU time: mean = 56.550 us, total = 56.550 us
	GcsInMemoryStore.Delete - 1 total (0 active), CPU time: mean = 18.817 us, total = 18.817 us


[2026-01-30 14:07:25,947 I 3413005 3413005] (gcs_server) gcs_server.cc:186: GcsNodeManager: 
- RegisterNode request count: 1
- DrainNode request count: 0
- GetAllNodeInfo request count: 49
- GetInternalConfig request count: 1

GcsActorManager: 
- RegisterActor request count: 16
- CreateActor request count: 16
- GetActorInfo request count: 16
- GetNamedActorInfo request count: 0
- GetAllActorInfo request count: 0
- KillActor request count: 0
- ListNamedActors request count: 0
- Registered actors count: 16
- Destroyed actors count: 0
- Named actors count: 0
- Unresolved actors count: 0
- Pending actors count: 0
- Created actors count: 1
- owners_: 1
- actor_to_register_callbacks_: 0
- actor_to_create_callbacks_: 0
- sorted_destroyed_actor_list_: 0

GcsResourceManager: 
- GetResources request count: 0
- GetAllAvailableResources request count0
- ReportResourceUsage request count: 0
- GetAllResourceUsage request count: 60

GcsPlacementGroupManager: 
- CreatePlacementGroup request count: 1
- RemovePlacementGroup request count: 0
- GetPlacementGroup request count: 1
- GetAllPlacementGroup request count: 1
- WaitPlacementGroupUntilReady request count: 0
- GetNamedPlacementGroup request count: 0
- Scheduling pending placement group count: 390
- Registered placement groups count: 1
- Named placement group count: 1
- Pending placement groups count: 1
- Infeasible placement groups count: 0

GcsPublisher {}

[runtime env manager] ID to URIs table:
[runtime env manager] URIs reference table:

GrpcBasedResourceBroadcaster:
- Tracked nodes: 1
[2026-01-30 14:07:25,947 I 3413005 3413005] (gcs_server) gcs_server.cc:736: Event stats:


Global stats: 15192 total (20 active)
Queueing time: mean = 13.461 us, max = 16.617 ms, min = 748.000 ns, total = 204.494 ms
Execution time:  mean = 17.083 us, total = 259.520 ms
Event stats:
	RaySyncer.deadline_timer.report_resource_report - 3000 total (1 active), CPU time: mean = 5.879 us, total = 17.636 ms
	NodeManagerService.grpc_client.RequestResourceReport - 2921 total (0 active), CPU time: mean = 22.650 us, total = 66.161 ms
	ResourceUpdate - 2921 total (0 active), CPU time: mean = 8.392 us, total = 24.513 ms
	NodeManagerService.grpc_client.UpdateResourceUsage - 2920 total (0 active), CPU time: mean = 7.679 us, total = 22.423 ms
	GcsInMemoryStore.Put - 838 total (0 active), CPU time: mean = 30.737 us, total = 25.758 ms
	InternalKVGcsService.grpc_server.InternalKVPut - 700 total (0 active), CPU time: mean = 12.688 us, total = 8.882 ms
	GcsInMemoryStore.Get - 379 total (0 active), CPU time: mean = 21.807 us, total = 8.265 ms
	InternalKVGcsService.grpc_server.InternalKVGet - 378 total (0 active), CPU time: mean = 8.772 us, total = 3.316 ms
	RayletLoadPulled - 300 total (1 active), CPU time: mean = 59.144 us, total = 17.743 ms
	NodeManagerService.grpc_client.GetResourceLoad - 294 total (0 active), CPU time: mean = 10.182 us, total = 2.993 ms
	GcsPlacementGroupManager.SchedulePendingPlacementGroups - 195 total (0 active), CPU time: mean = 75.954 ns, total = 14.811 us
	NodeResourceInfoGcsService.grpc_server.GetAllResourceUsage - 60 total (0 active), CPU time: mean = 96.771 us, total = 5.806 ms
	StatsGcsService.grpc_server.AddProfileData - 52 total (0 active), CPU time: mean = 17.589 us, total = 914.619 us
	NodeInfoGcsService.grpc_server.GetAllNodeInfo - 49 total (0 active), CPU time: mean = 31.795 us, total = 1.558 ms
	GCSServer.deadline_timer.debug_state_dump - 30 total (1 active), CPU time: mean = 269.394 us, total = 8.082 ms
	WorkerInfoGcsService.grpc_server.AddWorkerInfo - 18 total (0 active), CPU time: mean = 13.930 us, total = 250.741 us
	CoreWorkerService.grpc_client.WaitForActorOutOfScope - 16 total (16 active), CPU time: mean = 0.000 s, total = 0.000 s
	CoreWorkerService.grpc_client.PushTask - 16 total (0 active), CPU time: mean = 141.065 us, total = 2.257 ms
	ActorInfoGcsService.grpc_server.RegisterActor - 16 total (0 active), CPU time: mean = 1.181 ms, total = 18.900 ms
	ActorInfoGcsService.grpc_server.CreateActor - 16 total (0 active), CPU time: mean = 166.665 us, total = 2.667 ms
	ActorInfoGcsService.grpc_server.GetActorInfo - 16 total (0 active), CPU time: mean = 12.192 us, total = 195.068 us
	NodeManagerService.grpc_client.RequestWorkerLease - 16 total (0 active), CPU time: mean = 131.295 us, total = 2.101 ms
	GcsInMemoryStore.GetAll - 10 total (0 active), CPU time: mean = 1.727 ms, total = 17.268 ms
	GCSServer.deadline_timer.debug_state_event_stats_print - 5 total (1 active, 1 running), CPU time: mean = 184.125 us, total = 920.627 us
	InternalKVGcsService.grpc_server.InternalKVKeys - 4 total (0 active), CPU time: mean = 14.688 us, total = 58.751 us
	PeriodicalRunner.RunFnPeriodically - 4 total (0 active), CPU time: mean = 55.248 us, total = 220.992 us
	GcsInMemoryStore.Keys - 4 total (0 active), CPU time: mean = 25.164 us, total = 100.657 us
	JobInfoGcsService.grpc_server.GetAllJobInfo - 3 total (0 active), CPU time: mean = 53.993 us, total = 161.980 us
	PlacementGroupInfoGcsService.grpc_server.GetAllPlacementGroup - 1 total (0 active), CPU time: mean = 12.743 us, total = 12.743 us
	PlacementGroupInfoGcsService.grpc_server.GetPlacementGroup - 1 total (0 active), CPU time: mean = 46.228 us, total = 46.228 us
	GcsInMemoryStore.Exists - 1 total (0 active), CPU time: mean = 19.018 us, total = 19.018 us
	JobInfoGcsService.grpc_server.AddJob - 1 total (0 active), CPU time: mean = 74.986 us, total = 74.986 us
	NodeInfoGcsService.grpc_server.GetInternalConfig - 1 total (0 active), CPU time: mean = 9.521 us, total = 9.521 us
	PlacementGroupInfoGcsService.grpc_server.CreatePlacementGroup - 1 total (0 active), CPU time: mean = 52.167 us, total = 52.167 us
	JobInfoGcsService.grpc_server.GetNextJobID - 1 total (0 active), CPU time: mean = 34.760 us, total = 34.760 us
	InternalKVGcsService.grpc_server.InternalKVExists - 1 total (0 active), CPU time: mean = 16.524 us, total = 16.524 us
	InternalKVGcsService.grpc_server.InternalKVDel - 1 total (0 active), CPU time: mean = 12.304 us, total = 12.304 us
	NodeInfoGcsService.grpc_server.RegisterNode - 1 total (0 active), CPU time: mean = 56.550 us, total = 56.550 us
	GcsInMemoryStore.Delete - 1 total (0 active), CPU time: mean = 18.817 us, total = 18.817 us


[2026-01-30 14:08:25,947 I 3413005 3413005] (gcs_server) gcs_server.cc:186: GcsNodeManager: 
- RegisterNode request count: 1
- DrainNode request count: 0
- GetAllNodeInfo request count: 55
- GetInternalConfig request count: 1

GcsActorManager: 
- RegisterActor request count: 16
- CreateActor request count: 16
- GetActorInfo request count: 16
- GetNamedActorInfo request count: 0
- GetAllActorInfo request count: 0
- KillActor request count: 0
- ListNamedActors request count: 0
- Registered actors count: 16
- Destroyed actors count: 0
- Named actors count: 0
- Unresolved actors count: 0
- Pending actors count: 0
- Created actors count: 1
- owners_: 1
- actor_to_register_callbacks_: 0
- actor_to_create_callbacks_: 0
- sorted_destroyed_actor_list_: 0

GcsResourceManager: 
- GetResources request count: 0
- GetAllAvailableResources request count0
- ReportResourceUsage request count: 0
- GetAllResourceUsage request count: 72

GcsPlacementGroupManager: 
- CreatePlacementGroup request count: 1
- RemovePlacementGroup request count: 0
- GetPlacementGroup request count: 1
- GetAllPlacementGroup request count: 1
- WaitPlacementGroupUntilReady request count: 0
- GetNamedPlacementGroup request count: 0
- Scheduling pending placement group count: 510
- Registered placement groups count: 1
- Named placement group count: 1
- Pending placement groups count: 1
- Infeasible placement groups count: 0

GcsPublisher {}

[runtime env manager] ID to URIs table:
[runtime env manager] URIs reference table:

GrpcBasedResourceBroadcaster:
- Tracked nodes: 1
[2026-01-30 14:08:25,947 I 3413005 3413005] (gcs_server) gcs_server.cc:736: Event stats:


Global stats: 17977 total (20 active)
Queueing time: mean = 12.825 us, max = 16.617 ms, min = 748.000 ns, total = 230.554 ms
Execution time:  mean = 16.393 us, total = 294.694 ms
Event stats:
	RaySyncer.deadline_timer.report_resource_report - 3600 total (1 active), CPU time: mean = 5.735 us, total = 20.645 ms
	NodeManagerService.grpc_client.RequestResourceReport - 3517 total (0 active), CPU time: mean = 22.326 us, total = 78.519 ms
	ResourceUpdate - 3517 total (0 active), CPU time: mean = 8.178 us, total = 28.761 ms
	NodeManagerService.grpc_client.UpdateResourceUsage - 3516 total (0 active), CPU time: mean = 7.423 us, total = 26.098 ms
	GcsInMemoryStore.Put - 922 total (0 active), CPU time: mean = 30.660 us, total = 28.269 ms
	InternalKVGcsService.grpc_server.InternalKVPut - 784 total (0 active), CPU time: mean = 13.046 us, total = 10.228 ms
	GcsInMemoryStore.Get - 391 total (0 active), CPU time: mean = 21.876 us, total = 8.554 ms
	InternalKVGcsService.grpc_server.InternalKVGet - 390 total (0 active), CPU time: mean = 9.058 us, total = 3.533 ms
	RayletLoadPulled - 360 total (1 active), CPU time: mean = 58.450 us, total = 21.042 ms
	NodeManagerService.grpc_client.GetResourceLoad - 354 total (0 active), CPU time: mean = 10.264 us, total = 3.633 ms
	GcsPlacementGroupManager.SchedulePendingPlacementGroups - 255 total (0 active), CPU time: mean = 75.133 ns, total = 19.159 us
	NodeResourceInfoGcsService.grpc_server.GetAllResourceUsage - 72 total (0 active), CPU time: mean = 99.844 us, total = 7.189 ms
	NodeInfoGcsService.grpc_server.GetAllNodeInfo - 55 total (0 active), CPU time: mean = 33.327 us, total = 1.833 ms
	StatsGcsService.grpc_server.AddProfileData - 52 total (0 active), CPU time: mean = 17.589 us, total = 914.619 us
	GCSServer.deadline_timer.debug_state_dump - 36 total (1 active), CPU time: mean = 271.614 us, total = 9.778 ms
	WorkerInfoGcsService.grpc_server.AddWorkerInfo - 18 total (0 active), CPU time: mean = 13.930 us, total = 250.741 us
	CoreWorkerService.grpc_client.WaitForActorOutOfScope - 16 total (16 active), CPU time: mean = 0.000 s, total = 0.000 s
	CoreWorkerService.grpc_client.PushTask - 16 total (0 active), CPU time: mean = 141.065 us, total = 2.257 ms
	ActorInfoGcsService.grpc_server.RegisterActor - 16 total (0 active), CPU time: mean = 1.181 ms, total = 18.900 ms
	ActorInfoGcsService.grpc_server.CreateActor - 16 total (0 active), CPU time: mean = 166.665 us, total = 2.667 ms
	ActorInfoGcsService.grpc_server.GetActorInfo - 16 total (0 active), CPU time: mean = 12.192 us, total = 195.068 us
	NodeManagerService.grpc_client.RequestWorkerLease - 16 total (0 active), CPU time: mean = 131.295 us, total = 2.101 ms
	GcsInMemoryStore.GetAll - 10 total (0 active), CPU time: mean = 1.727 ms, total = 17.268 ms
	GCSServer.deadline_timer.debug_state_event_stats_print - 6 total (1 active, 1 running), CPU time: mean = 190.933 us, total = 1.146 ms
	InternalKVGcsService.grpc_server.InternalKVKeys - 4 total (0 active), CPU time: mean = 14.688 us, total = 58.751 us
	PeriodicalRunner.RunFnPeriodically - 4 total (0 active), CPU time: mean = 55.248 us, total = 220.992 us
	GcsInMemoryStore.Keys - 4 total (0 active), CPU time: mean = 25.164 us, total = 100.657 us
	JobInfoGcsService.grpc_server.GetAllJobInfo - 3 total (0 active), CPU time: mean = 53.993 us, total = 161.980 us
	PlacementGroupInfoGcsService.grpc_server.GetAllPlacementGroup - 1 total (0 active), CPU time: mean = 12.743 us, total = 12.743 us
	PlacementGroupInfoGcsService.grpc_server.GetPlacementGroup - 1 total (0 active), CPU time: mean = 46.228 us, total = 46.228 us
	GcsInMemoryStore.Exists - 1 total (0 active), CPU time: mean = 19.018 us, total = 19.018 us
	JobInfoGcsService.grpc_server.AddJob - 1 total (0 active), CPU time: mean = 74.986 us, total = 74.986 us
	NodeInfoGcsService.grpc_server.GetInternalConfig - 1 total (0 active), CPU time: mean = 9.521 us, total = 9.521 us
	PlacementGroupInfoGcsService.grpc_server.CreatePlacementGroup - 1 total (0 active), CPU time: mean = 52.167 us, total = 52.167 us
	JobInfoGcsService.grpc_server.GetNextJobID - 1 total (0 active), CPU time: mean = 34.760 us, total = 34.760 us
	InternalKVGcsService.grpc_server.InternalKVExists - 1 total (0 active), CPU time: mean = 16.524 us, total = 16.524 us
	InternalKVGcsService.grpc_server.InternalKVDel - 1 total (0 active), CPU time: mean = 12.304 us, total = 12.304 us
	NodeInfoGcsService.grpc_server.RegisterNode - 1 total (0 active), CPU time: mean = 56.550 us, total = 56.550 us
	GcsInMemoryStore.Delete - 1 total (0 active), CPU time: mean = 18.817 us, total = 18.817 us


[2026-01-30 14:09:25,947 I 3413005 3413005] (gcs_server) gcs_server.cc:186: GcsNodeManager: 
- RegisterNode request count: 1
- DrainNode request count: 0
- GetAllNodeInfo request count: 61
- GetInternalConfig request count: 1

GcsActorManager: 
- RegisterActor request count: 16
- CreateActor request count: 16
- GetActorInfo request count: 16
- GetNamedActorInfo request count: 0
- GetAllActorInfo request count: 0
- KillActor request count: 0
- ListNamedActors request count: 0
- Registered actors count: 16
- Destroyed actors count: 0
- Named actors count: 0
- Unresolved actors count: 0
- Pending actors count: 0
- Created actors count: 1
- owners_: 1
- actor_to_register_callbacks_: 0
- actor_to_create_callbacks_: 0
- sorted_destroyed_actor_list_: 0

GcsResourceManager: 
- GetResources request count: 0
- GetAllAvailableResources request count0
- ReportResourceUsage request count: 0
- GetAllResourceUsage request count: 84

GcsPlacementGroupManager: 
- CreatePlacementGroup request count: 1
- RemovePlacementGroup request count: 0
- GetPlacementGroup request count: 1
- GetAllPlacementGroup request count: 1
- WaitPlacementGroupUntilReady request count: 0
- GetNamedPlacementGroup request count: 0
- Scheduling pending placement group count: 630
- Registered placement groups count: 1
- Named placement group count: 1
- Pending placement groups count: 1
- Infeasible placement groups count: 0

GcsPublisher {}

[runtime env manager] ID to URIs table:
[runtime env manager] URIs reference table:

GrpcBasedResourceBroadcaster:
- Tracked nodes: 1
[2026-01-30 14:09:25,947 I 3413005 3413005] (gcs_server) gcs_server.cc:736: Event stats:


Global stats: 20761 total (20 active)
Queueing time: mean = 12.362 us, max = 16.617 ms, min = 748.000 ns, total = 256.649 ms
Execution time:  mean = 15.912 us, total = 330.348 ms
Event stats:
	RaySyncer.deadline_timer.report_resource_report - 4200 total (1 active), CPU time: mean = 5.659 us, total = 23.766 ms
	NodeManagerService.grpc_client.UpdateResourceUsage - 4113 total (0 active), CPU time: mean = 7.282 us, total = 29.951 ms
	NodeManagerService.grpc_client.RequestResourceReport - 4113 total (0 active), CPU time: mean = 22.065 us, total = 90.752 ms
	ResourceUpdate - 4113 total (0 active), CPU time: mean = 8.041 us, total = 33.073 ms
	GcsInMemoryStore.Put - 1005 total (0 active), CPU time: mean = 30.855 us, total = 31.009 ms
	InternalKVGcsService.grpc_server.InternalKVPut - 867 total (0 active), CPU time: mean = 13.432 us, total = 11.646 ms
	RayletLoadPulled - 420 total (1 active), CPU time: mean = 57.573 us, total = 24.181 ms
	NodeManagerService.grpc_client.GetResourceLoad - 414 total (0 active), CPU time: mean = 10.314 us, total = 4.270 ms
	GcsInMemoryStore.Get - 403 total (0 active), CPU time: mean = 21.974 us, total = 8.856 ms
	InternalKVGcsService.grpc_server.InternalKVGet - 402 total (0 active), CPU time: mean = 9.349 us, total = 3.758 ms
	GcsPlacementGroupManager.SchedulePendingPlacementGroups - 315 total (0 active), CPU time: mean = 74.803 ns, total = 23.563 us
	NodeResourceInfoGcsService.grpc_server.GetAllResourceUsage - 84 total (0 active), CPU time: mean = 102.649 us, total = 8.623 ms
	NodeInfoGcsService.grpc_server.GetAllNodeInfo - 61 total (0 active), CPU time: mean = 34.957 us, total = 2.132 ms
	StatsGcsService.grpc_server.AddProfileData - 52 total (0 active), CPU time: mean = 17.589 us, total = 914.619 us
	GCSServer.deadline_timer.debug_state_dump - 42 total (1 active), CPU time: mean = 272.984 us, total = 11.465 ms
	WorkerInfoGcsService.grpc_server.AddWorkerInfo - 18 total (0 active), CPU time: mean = 13.930 us, total = 250.741 us
	CoreWorkerService.grpc_client.WaitForActorOutOfScope - 16 total (16 active), CPU time: mean = 0.000 s, total = 0.000 s
	CoreWorkerService.grpc_client.PushTask - 16 total (0 active), CPU time: mean = 141.065 us, total = 2.257 ms
	ActorInfoGcsService.grpc_server.RegisterActor - 16 total (0 active), CPU time: mean = 1.181 ms, total = 18.900 ms
	ActorInfoGcsService.grpc_server.CreateActor - 16 total (0 active), CPU time: mean = 166.665 us, total = 2.667 ms
	ActorInfoGcsService.grpc_server.GetActorInfo - 16 total (0 active), CPU time: mean = 12.192 us, total = 195.068 us
	NodeManagerService.grpc_client.RequestWorkerLease - 16 total (0 active), CPU time: mean = 131.295 us, total = 2.101 ms
	GcsInMemoryStore.GetAll - 10 total (0 active), CPU time: mean = 1.727 ms, total = 17.268 ms
	GCSServer.deadline_timer.debug_state_event_stats_print - 7 total (1 active, 1 running), CPU time: mean = 199.401 us, total = 1.396 ms
	InternalKVGcsService.grpc_server.InternalKVKeys - 4 total (0 active), CPU time: mean = 14.688 us, total = 58.751 us
	PeriodicalRunner.RunFnPeriodically - 4 total (0 active), CPU time: mean = 55.248 us, total = 220.992 us
	GcsInMemoryStore.Keys - 4 total (0 active), CPU time: mean = 25.164 us, total = 100.657 us
	JobInfoGcsService.grpc_server.GetAllJobInfo - 3 total (0 active), CPU time: mean = 53.993 us, total = 161.980 us
	PlacementGroupInfoGcsService.grpc_server.GetAllPlacementGroup - 1 total (0 active), CPU time: mean = 12.743 us, total = 12.743 us
	PlacementGroupInfoGcsService.grpc_server.GetPlacementGroup - 1 total (0 active), CPU time: mean = 46.228 us, total = 46.228 us
	GcsInMemoryStore.Exists - 1 total (0 active), CPU time: mean = 19.018 us, total = 19.018 us
	JobInfoGcsService.grpc_server.AddJob - 1 total (0 active), CPU time: mean = 74.986 us, total = 74.986 us
	NodeInfoGcsService.grpc_server.GetInternalConfig - 1 total (0 active), CPU time: mean = 9.521 us, total = 9.521 us
	PlacementGroupInfoGcsService.grpc_server.CreatePlacementGroup - 1 total (0 active), CPU time: mean = 52.167 us, total = 52.167 us
	JobInfoGcsService.grpc_server.GetNextJobID - 1 total (0 active), CPU time: mean = 34.760 us, total = 34.760 us
	InternalKVGcsService.grpc_server.InternalKVExists - 1 total (0 active), CPU time: mean = 16.524 us, total = 16.524 us
	InternalKVGcsService.grpc_server.InternalKVDel - 1 total (0 active), CPU time: mean = 12.304 us, total = 12.304 us
	NodeInfoGcsService.grpc_server.RegisterNode - 1 total (0 active), CPU time: mean = 56.550 us, total = 56.550 us
	GcsInMemoryStore.Delete - 1 total (0 active), CPU time: mean = 18.817 us, total = 18.817 us


[2026-01-30 14:10:25,948 I 3413005 3413005] (gcs_server) gcs_server.cc:186: GcsNodeManager: 
- RegisterNode request count: 1
- DrainNode request count: 0
- GetAllNodeInfo request count: 67
- GetInternalConfig request count: 1

GcsActorManager: 
- RegisterActor request count: 16
- CreateActor request count: 16
- GetActorInfo request count: 16
- GetNamedActorInfo request count: 0
- GetAllActorInfo request count: 0
- KillActor request count: 0
- ListNamedActors request count: 0
- Registered actors count: 16
- Destroyed actors count: 0
- Named actors count: 0
- Unresolved actors count: 0
- Pending actors count: 0
- Created actors count: 1
- owners_: 1
- actor_to_register_callbacks_: 0
- actor_to_create_callbacks_: 0
- sorted_destroyed_actor_list_: 0

GcsResourceManager: 
- GetResources request count: 0
- GetAllAvailableResources request count0
- ReportResourceUsage request count: 0
- GetAllResourceUsage request count: 96

GcsPlacementGroupManager: 
- CreatePlacementGroup request count: 1
- RemovePlacementGroup request count: 0
- GetPlacementGroup request count: 1
- GetAllPlacementGroup request count: 1
- WaitPlacementGroupUntilReady request count: 0
- GetNamedPlacementGroup request count: 0
- Scheduling pending placement group count: 750
- Registered placement groups count: 1
- Named placement group count: 1
- Pending placement groups count: 1
- Infeasible placement groups count: 0

GcsPublisher {}

[runtime env manager] ID to URIs table:
[runtime env manager] URIs reference table:

GrpcBasedResourceBroadcaster:
- Tracked nodes: 1
[2026-01-30 14:10:25,948 I 3413005 3413005] (gcs_server) gcs_server.cc:736: Event stats:


Global stats: 23543 total (20 active)
Queueing time: mean = 12.041 us, max = 16.617 ms, min = 748.000 ns, total = 283.491 ms
Execution time:  mean = 15.553 us, total = 366.162 ms
Event stats:
	RaySyncer.deadline_timer.report_resource_report - 4800 total (1 active), CPU time: mean = 5.583 us, total = 26.799 ms
	NodeManagerService.grpc_client.UpdateResourceUsage - 4708 total (0 active), CPU time: mean = 7.185 us, total = 33.826 ms
	NodeManagerService.grpc_client.RequestResourceReport - 4708 total (0 active), CPU time: mean = 22.027 us, total = 103.704 ms
	ResourceUpdate - 4708 total (0 active), CPU time: mean = 7.950 us, total = 37.430 ms
	GcsInMemoryStore.Put - 1089 total (0 active), CPU time: mean = 30.577 us, total = 33.298 ms
	InternalKVGcsService.grpc_server.InternalKVPut - 951 total (0 active), CPU time: mean = 13.448 us, total = 12.789 ms
	RayletLoadPulled - 480 total (1 active), CPU time: mean = 57.166 us, total = 27.440 ms
	NodeManagerService.grpc_client.GetResourceLoad - 474 total (0 active), CPU time: mean = 10.334 us, total = 4.898 ms
	GcsInMemoryStore.Get - 415 total (0 active), CPU time: mean = 22.058 us, total = 9.154 ms
	InternalKVGcsService.grpc_server.InternalKVGet - 414 total (0 active), CPU time: mean = 9.615 us, total = 3.981 ms
	GcsPlacementGroupManager.SchedulePendingPlacementGroups - 375 total (0 active), CPU time: mean = 74.336 ns, total = 27.876 us
	NodeResourceInfoGcsService.grpc_server.GetAllResourceUsage - 96 total (0 active), CPU time: mean = 105.521 us, total = 10.130 ms
	NodeInfoGcsService.grpc_server.GetAllNodeInfo - 67 total (0 active), CPU time: mean = 35.382 us, total = 2.371 ms
	StatsGcsService.grpc_server.AddProfileData - 52 total (0 active), CPU time: mean = 17.589 us, total = 914.619 us
	GCSServer.deadline_timer.debug_state_dump - 48 total (1 active), CPU time: mean = 275.473 us, total = 13.223 ms
	WorkerInfoGcsService.grpc_server.AddWorkerInfo - 18 total (0 active), CPU time: mean = 13.930 us, total = 250.741 us
	CoreWorkerService.grpc_client.WaitForActorOutOfScope - 16 total (16 active), CPU time: mean = 0.000 s, total = 0.000 s
	CoreWorkerService.grpc_client.PushTask - 16 total (0 active), CPU time: mean = 141.065 us, total = 2.257 ms
	ActorInfoGcsService.grpc_server.RegisterActor - 16 total (0 active), CPU time: mean = 1.181 ms, total = 18.900 ms
	ActorInfoGcsService.grpc_server.CreateActor - 16 total (0 active), CPU time: mean = 166.665 us, total = 2.667 ms
	ActorInfoGcsService.grpc_server.GetActorInfo - 16 total (0 active), CPU time: mean = 12.192 us, total = 195.068 us
	NodeManagerService.grpc_client.RequestWorkerLease - 16 total (0 active), CPU time: mean = 131.295 us, total = 2.101 ms
	GcsInMemoryStore.GetAll - 10 total (0 active), CPU time: mean = 1.727 ms, total = 17.268 ms
	GCSServer.deadline_timer.debug_state_event_stats_print - 8 total (1 active, 1 running), CPU time: mean = 205.577 us, total = 1.645 ms
	InternalKVGcsService.grpc_server.InternalKVKeys - 4 total (0 active), CPU time: mean = 14.688 us, total = 58.751 us
	PeriodicalRunner.RunFnPeriodically - 4 total (0 active), CPU time: mean = 55.248 us, total = 220.992 us
	GcsInMemoryStore.Keys - 4 total (0 active), CPU time: mean = 25.164 us, total = 100.657 us
	JobInfoGcsService.grpc_server.GetAllJobInfo - 3 total (0 active), CPU time: mean = 53.993 us, total = 161.980 us
	PlacementGroupInfoGcsService.grpc_server.GetAllPlacementGroup - 1 total (0 active), CPU time: mean = 12.743 us, total = 12.743 us
	PlacementGroupInfoGcsService.grpc_server.GetPlacementGroup - 1 total (0 active), CPU time: mean = 46.228 us, total = 46.228 us
	GcsInMemoryStore.Exists - 1 total (0 active), CPU time: mean = 19.018 us, total = 19.018 us
	JobInfoGcsService.grpc_server.AddJob - 1 total (0 active), CPU time: mean = 74.986 us, total = 74.986 us
	NodeInfoGcsService.grpc_server.GetInternalConfig - 1 total (0 active), CPU time: mean = 9.521 us, total = 9.521 us
	PlacementGroupInfoGcsService.grpc_server.CreatePlacementGroup - 1 total (0 active), CPU time: mean = 52.167 us, total = 52.167 us
	JobInfoGcsService.grpc_server.GetNextJobID - 1 total (0 active), CPU time: mean = 34.760 us, total = 34.760 us
	InternalKVGcsService.grpc_server.InternalKVExists - 1 total (0 active), CPU time: mean = 16.524 us, total = 16.524 us
	InternalKVGcsService.grpc_server.InternalKVDel - 1 total (0 active), CPU time: mean = 12.304 us, total = 12.304 us
	NodeInfoGcsService.grpc_server.RegisterNode - 1 total (0 active), CPU time: mean = 56.550 us, total = 56.550 us
	GcsInMemoryStore.Delete - 1 total (0 active), CPU time: mean = 18.817 us, total = 18.817 us


[2026-01-30 14:11:25,948 I 3413005 3413005] (gcs_server) gcs_server.cc:186: GcsNodeManager: 
- RegisterNode request count: 1
- DrainNode request count: 0
- GetAllNodeInfo request count: 73
- GetInternalConfig request count: 1

GcsActorManager: 
- RegisterActor request count: 16
- CreateActor request count: 16
- GetActorInfo request count: 16
- GetNamedActorInfo request count: 0
- GetAllActorInfo request count: 0
- KillActor request count: 0
- ListNamedActors request count: 0
- Registered actors count: 16
- Destroyed actors count: 0
- Named actors count: 0
- Unresolved actors count: 0
- Pending actors count: 0
- Created actors count: 1
- owners_: 1
- actor_to_register_callbacks_: 0
- actor_to_create_callbacks_: 0
- sorted_destroyed_actor_list_: 0

GcsResourceManager: 
- GetResources request count: 0
- GetAllAvailableResources request count0
- ReportResourceUsage request count: 0
- GetAllResourceUsage request count: 108

GcsPlacementGroupManager: 
- CreatePlacementGroup request count: 1
- RemovePlacementGroup request count: 0
- GetPlacementGroup request count: 1
- GetAllPlacementGroup request count: 1
- WaitPlacementGroupUntilReady request count: 0
- GetNamedPlacementGroup request count: 0
- Scheduling pending placement group count: 870
- Registered placement groups count: 1
- Named placement group count: 1
- Pending placement groups count: 1
- Infeasible placement groups count: 0

GcsPublisher {}

[runtime env manager] ID to URIs table:
[runtime env manager] URIs reference table:

GrpcBasedResourceBroadcaster:
- Tracked nodes: 1
[2026-01-30 14:11:25,948 I 3413005 3413005] (gcs_server) gcs_server.cc:736: Event stats:


Global stats: 26325 total (20 active)
Queueing time: mean = 11.886 us, max = 16.617 ms, min = 748.000 ns, total = 312.886 ms
Execution time:  mean = 15.518 us, total = 408.507 ms
Event stats:
	RaySyncer.deadline_timer.report_resource_report - 5400 total (1 active), CPU time: mean = 5.527 us, total = 29.844 ms
	NodeManagerService.grpc_client.UpdateResourceUsage - 5303 total (0 active), CPU time: mean = 7.254 us, total = 38.469 ms
	ResourceUpdate - 5303 total (0 active), CPU time: mean = 8.049 us, total = 42.683 ms
	NodeManagerService.grpc_client.RequestResourceReport - 5303 total (0 active), CPU time: mean = 22.528 us, total = 119.466 ms
	GcsInMemoryStore.Put - 1173 total (0 active), CPU time: mean = 31.135 us, total = 36.522 ms
	InternalKVGcsService.grpc_server.InternalKVPut - 1035 total (0 active), CPU time: mean = 13.683 us, total = 14.162 ms
	RayletLoadPulled - 540 total (1 active), CPU time: mean = 58.899 us, total = 31.806 ms
	NodeManagerService.grpc_client.GetResourceLoad - 534 total (0 active), CPU time: mean = 10.581 us, total = 5.651 ms
	GcsPlacementGroupManager.SchedulePendingPlacementGroups - 435 total (0 active), CPU time: mean = 76.055 ns, total = 33.084 us
	GcsInMemoryStore.Get - 427 total (0 active), CPU time: mean = 22.249 us, total = 9.500 ms
	InternalKVGcsService.grpc_server.InternalKVGet - 426 total (0 active), CPU time: mean = 9.825 us, total = 4.186 ms
	NodeResourceInfoGcsService.grpc_server.GetAllResourceUsage - 108 total (0 active), CPU time: mean = 104.997 us, total = 11.340 ms
	NodeInfoGcsService.grpc_server.GetAllNodeInfo - 73 total (0 active), CPU time: mean = 36.531 us, total = 2.667 ms
	GCSServer.deadline_timer.debug_state_dump - 54 total (1 active), CPU time: mean = 275.466 us, total = 14.875 ms
	StatsGcsService.grpc_server.AddProfileData - 52 total (0 active), CPU time: mean = 17.589 us, total = 914.619 us
	WorkerInfoGcsService.grpc_server.AddWorkerInfo - 18 total (0 active), CPU time: mean = 13.930 us, total = 250.741 us
	CoreWorkerService.grpc_client.WaitForActorOutOfScope - 16 total (16 active), CPU time: mean = 0.000 s, total = 0.000 s
	CoreWorkerService.grpc_client.PushTask - 16 total (0 active), CPU time: mean = 141.065 us, total = 2.257 ms
	ActorInfoGcsService.grpc_server.RegisterActor - 16 total (0 active), CPU time: mean = 1.181 ms, total = 18.900 ms
	NodeManagerService.grpc_client.RequestWorkerLease - 16 total (0 active), CPU time: mean = 131.295 us, total = 2.101 ms
	ActorInfoGcsService.grpc_server.CreateActor - 16 total (0 active), CPU time: mean = 166.665 us, total = 2.667 ms
	ActorInfoGcsService.grpc_server.GetActorInfo - 16 total (0 active), CPU time: mean = 12.192 us, total = 195.068 us
	GcsInMemoryStore.GetAll - 10 total (0 active), CPU time: mean = 1.727 ms, total = 17.268 ms
	GCSServer.deadline_timer.debug_state_event_stats_print - 9 total (1 active, 1 running), CPU time: mean = 206.173 us, total = 1.856 ms
	PeriodicalRunner.RunFnPeriodically - 4 total (0 active), CPU time: mean = 55.248 us, total = 220.992 us
	InternalKVGcsService.grpc_server.InternalKVKeys - 4 total (0 active), CPU time: mean = 14.688 us, total = 58.751 us
	GcsInMemoryStore.Keys - 4 total (0 active), CPU time: mean = 25.164 us, total = 100.657 us
	JobInfoGcsService.grpc_server.GetAllJobInfo - 3 total (0 active), CPU time: mean = 53.993 us, total = 161.980 us
	JobInfoGcsService.grpc_server.GetNextJobID - 1 total (0 active), CPU time: mean = 34.760 us, total = 34.760 us
	PlacementGroupInfoGcsService.grpc_server.CreatePlacementGroup - 1 total (0 active), CPU time: mean = 52.167 us, total = 52.167 us
	NodeInfoGcsService.grpc_server.GetInternalConfig - 1 total (0 active), CPU time: mean = 9.521 us, total = 9.521 us
	JobInfoGcsService.grpc_server.AddJob - 1 total (0 active), CPU time: mean = 74.986 us, total = 74.986 us
	GcsInMemoryStore.Exists - 1 total (0 active), CPU time: mean = 19.018 us, total = 19.018 us
	PlacementGroupInfoGcsService.grpc_server.GetAllPlacementGroup - 1 total (0 active), CPU time: mean = 12.743 us, total = 12.743 us
	InternalKVGcsService.grpc_server.InternalKVExists - 1 total (0 active), CPU time: mean = 16.524 us, total = 16.524 us
	InternalKVGcsService.grpc_server.InternalKVDel - 1 total (0 active), CPU time: mean = 12.304 us, total = 12.304 us
	PlacementGroupInfoGcsService.grpc_server.GetPlacementGroup - 1 total (0 active), CPU time: mean = 46.228 us, total = 46.228 us
	NodeInfoGcsService.grpc_server.RegisterNode - 1 total (0 active), CPU time: mean = 56.550 us, total = 56.550 us
	GcsInMemoryStore.Delete - 1 total (0 active), CPU time: mean = 18.817 us, total = 18.817 us


[2026-01-30 14:12:25,948 I 3413005 3413005] (gcs_server) gcs_server.cc:186: GcsNodeManager: 
- RegisterNode request count: 1
- DrainNode request count: 0
- GetAllNodeInfo request count: 79
- GetInternalConfig request count: 1

GcsActorManager: 
- RegisterActor request count: 16
- CreateActor request count: 16
- GetActorInfo request count: 16
- GetNamedActorInfo request count: 0
- GetAllActorInfo request count: 0
- KillActor request count: 0
- ListNamedActors request count: 0
- Registered actors count: 16
- Destroyed actors count: 0
- Named actors count: 0
- Unresolved actors count: 0
- Pending actors count: 0
- Created actors count: 1
- owners_: 1
- actor_to_register_callbacks_: 0
- actor_to_create_callbacks_: 0
- sorted_destroyed_actor_list_: 0

GcsResourceManager: 
- GetResources request count: 0
- GetAllAvailableResources request count0
- ReportResourceUsage request count: 0
- GetAllResourceUsage request count: 120

GcsPlacementGroupManager: 
- CreatePlacementGroup request count: 1
- RemovePlacementGroup request count: 0
- GetPlacementGroup request count: 1
- GetAllPlacementGroup request count: 1
- WaitPlacementGroupUntilReady request count: 0
- GetNamedPlacementGroup request count: 0
- Scheduling pending placement group count: 990
- Registered placement groups count: 1
- Named placement group count: 1
- Pending placement groups count: 1
- Infeasible placement groups count: 0

GcsPublisher {}

[runtime env manager] ID to URIs table:
[runtime env manager] URIs reference table:

GrpcBasedResourceBroadcaster:
- Tracked nodes: 1
[2026-01-30 14:12:25,948 I 3413005 3413005] (gcs_server) gcs_server.cc:736: Event stats:


Global stats: 29110 total (20 active)
Queueing time: mean = 11.674 us, max = 16.617 ms, min = 748.000 ns, total = 339.823 ms
Execution time:  mean = 15.299 us, total = 445.351 ms
Event stats:
	RaySyncer.deadline_timer.report_resource_report - 6000 total (1 active), CPU time: mean = 5.513 us, total = 33.078 ms
	NodeManagerService.grpc_client.UpdateResourceUsage - 5899 total (0 active), CPU time: mean = 7.195 us, total = 42.442 ms
	ResourceUpdate - 5899 total (0 active), CPU time: mean = 7.997 us, total = 47.174 ms
	NodeManagerService.grpc_client.RequestResourceReport - 5899 total (0 active), CPU time: mean = 22.419 us, total = 132.249 ms
	GcsInMemoryStore.Put - 1257 total (0 active), CPU time: mean = 31.185 us, total = 39.199 ms
	InternalKVGcsService.grpc_server.InternalKVPut - 1119 total (0 active), CPU time: mean = 13.883 us, total = 15.535 ms
	RayletLoadPulled - 600 total (1 active), CPU time: mean = 59.010 us, total = 35.406 ms
	NodeManagerService.grpc_client.GetResourceLoad - 594 total (0 active), CPU time: mean = 10.588 us, total = 6.289 ms
	GcsPlacementGroupManager.SchedulePendingPlacementGroups - 495 total (0 active), CPU time: mean = 75.788 ns, total = 37.515 us
	GcsInMemoryStore.Get - 439 total (0 active), CPU time: mean = 22.278 us, total = 9.780 ms
	InternalKVGcsService.grpc_server.InternalKVGet - 438 total (0 active), CPU time: mean = 10.078 us, total = 4.414 ms
	NodeResourceInfoGcsService.grpc_server.GetAllResourceUsage - 120 total (0 active), CPU time: mean = 105.439 us, total = 12.653 ms
	NodeInfoGcsService.grpc_server.GetAllNodeInfo - 79 total (0 active), CPU time: mean = 37.244 us, total = 2.942 ms
	GCSServer.deadline_timer.debug_state_dump - 60 total (1 active), CPU time: mean = 276.992 us, total = 16.620 ms
	StatsGcsService.grpc_server.AddProfileData - 52 total (0 active), CPU time: mean = 17.589 us, total = 914.619 us
	WorkerInfoGcsService.grpc_server.AddWorkerInfo - 18 total (0 active), CPU time: mean = 13.930 us, total = 250.741 us
	CoreWorkerService.grpc_client.WaitForActorOutOfScope - 16 total (16 active), CPU time: mean = 0.000 s, total = 0.000 s
	CoreWorkerService.grpc_client.PushTask - 16 total (0 active), CPU time: mean = 141.065 us, total = 2.257 ms
	ActorInfoGcsService.grpc_server.RegisterActor - 16 total (0 active), CPU time: mean = 1.181 ms, total = 18.900 ms
	NodeManagerService.grpc_client.RequestWorkerLease - 16 total (0 active), CPU time: mean = 131.295 us, total = 2.101 ms
	ActorInfoGcsService.grpc_server.CreateActor - 16 total (0 active), CPU time: mean = 166.665 us, total = 2.667 ms
	ActorInfoGcsService.grpc_server.GetActorInfo - 16 total (0 active), CPU time: mean = 12.192 us, total = 195.068 us
	GcsInMemoryStore.GetAll - 10 total (0 active), CPU time: mean = 1.727 ms, total = 17.268 ms
	GCSServer.deadline_timer.debug_state_event_stats_print - 10 total (1 active, 1 running), CPU time: mean = 208.498 us, total = 2.085 ms
	PeriodicalRunner.RunFnPeriodically - 4 total (0 active), CPU time: mean = 55.248 us, total = 220.992 us
	InternalKVGcsService.grpc_server.InternalKVKeys - 4 total (0 active), CPU time: mean = 14.688 us, total = 58.751 us
	GcsInMemoryStore.Keys - 4 total (0 active), CPU time: mean = 25.164 us, total = 100.657 us
	JobInfoGcsService.grpc_server.GetAllJobInfo - 3 total (0 active), CPU time: mean = 53.993 us, total = 161.980 us
	JobInfoGcsService.grpc_server.GetNextJobID - 1 total (0 active), CPU time: mean = 34.760 us, total = 34.760 us
	PlacementGroupInfoGcsService.grpc_server.CreatePlacementGroup - 1 total (0 active), CPU time: mean = 52.167 us, total = 52.167 us
	NodeInfoGcsService.grpc_server.GetInternalConfig - 1 total (0 active), CPU time: mean = 9.521 us, total = 9.521 us
	JobInfoGcsService.grpc_server.AddJob - 1 total (0 active), CPU time: mean = 74.986 us, total = 74.986 us
	GcsInMemoryStore.Exists - 1 total (0 active), CPU time: mean = 19.018 us, total = 19.018 us
	PlacementGroupInfoGcsService.grpc_server.GetAllPlacementGroup - 1 total (0 active), CPU time: mean = 12.743 us, total = 12.743 us
	InternalKVGcsService.grpc_server.InternalKVExists - 1 total (0 active), CPU time: mean = 16.524 us, total = 16.524 us
	InternalKVGcsService.grpc_server.InternalKVDel - 1 total (0 active), CPU time: mean = 12.304 us, total = 12.304 us
	PlacementGroupInfoGcsService.grpc_server.GetPlacementGroup - 1 total (0 active), CPU time: mean = 46.228 us, total = 46.228 us
	NodeInfoGcsService.grpc_server.RegisterNode - 1 total (0 active), CPU time: mean = 56.550 us, total = 56.550 us
	GcsInMemoryStore.Delete - 1 total (0 active), CPU time: mean = 18.817 us, total = 18.817 us


[2026-01-30 14:13:25,948 I 3413005 3413005] (gcs_server) gcs_server.cc:186: GcsNodeManager: 
- RegisterNode request count: 1
- DrainNode request count: 0
- GetAllNodeInfo request count: 85
- GetInternalConfig request count: 1

GcsActorManager: 
- RegisterActor request count: 16
- CreateActor request count: 16
- GetActorInfo request count: 16
- GetNamedActorInfo request count: 0
- GetAllActorInfo request count: 0
- KillActor request count: 0
- ListNamedActors request count: 0
- Registered actors count: 16
- Destroyed actors count: 0
- Named actors count: 0
- Unresolved actors count: 0
- Pending actors count: 0
- Created actors count: 1
- owners_: 1
- actor_to_register_callbacks_: 0
- actor_to_create_callbacks_: 0
- sorted_destroyed_actor_list_: 0

GcsResourceManager: 
- GetResources request count: 0
- GetAllAvailableResources request count0
- ReportResourceUsage request count: 0
- GetAllResourceUsage request count: 132

GcsPlacementGroupManager: 
- CreatePlacementGroup request count: 1
- RemovePlacementGroup request count: 0
- GetPlacementGroup request count: 1
- GetAllPlacementGroup request count: 1
- WaitPlacementGroupUntilReady request count: 0
- GetNamedPlacementGroup request count: 0
- Scheduling pending placement group count: 1110
- Registered placement groups count: 1
- Named placement group count: 1
- Pending placement groups count: 1
- Infeasible placement groups count: 0

GcsPublisher {}

[runtime env manager] ID to URIs table:
[runtime env manager] URIs reference table:

GrpcBasedResourceBroadcaster:
- Tracked nodes: 1
[2026-01-30 14:13:25,948 I 3413005 3413005] (gcs_server) gcs_server.cc:736: Event stats:


Global stats: 31887 total (20 active)
Queueing time: mean = 11.603 us, max = 16.617 ms, min = 748.000 ns, total = 369.985 ms
Execution time:  mean = 15.252 us, total = 486.347 ms
Event stats:
	RaySyncer.deadline_timer.report_resource_report - 6599 total (1 active), CPU time: mean = 5.439 us, total = 35.890 ms
	ResourceUpdate - 6493 total (0 active), CPU time: mean = 7.991 us, total = 51.883 ms
	NodeManagerService.grpc_client.RequestResourceReport - 6493 total (0 active), CPU time: mean = 22.707 us, total = 147.436 ms
	NodeManagerService.grpc_client.UpdateResourceUsage - 6492 total (0 active), CPU time: mean = 7.289 us, total = 47.322 ms
	GcsInMemoryStore.Put - 1341 total (0 active), CPU time: mean = 31.598 us, total = 42.374 ms
	InternalKVGcsService.grpc_server.InternalKVPut - 1203 total (0 active), CPU time: mean = 13.918 us, total = 16.743 ms
	RayletLoadPulled - 660 total (1 active), CPU time: mean = 60.255 us, total = 39.768 ms
	NodeManagerService.grpc_client.GetResourceLoad - 654 total (0 active), CPU time: mean = 10.763 us, total = 7.039 ms
	GcsPlacementGroupManager.SchedulePendingPlacementGroups - 555 total (0 active), CPU time: mean = 75.890 ns, total = 42.119 us
	GcsInMemoryStore.Get - 451 total (0 active), CPU time: mean = 22.384 us, total = 10.095 ms
	InternalKVGcsService.grpc_server.InternalKVGet - 450 total (0 active), CPU time: mean = 10.204 us, total = 4.592 ms
	NodeResourceInfoGcsService.grpc_server.GetAllResourceUsage - 132 total (0 active), CPU time: mean = 104.524 us, total = 13.797 ms
	NodeInfoGcsService.grpc_server.GetAllNodeInfo - 85 total (0 active), CPU time: mean = 36.952 us, total = 3.141 ms
	GCSServer.deadline_timer.debug_state_dump - 66 total (1 active), CPU time: mean = 279.455 us, total = 18.444 ms
	StatsGcsService.grpc_server.AddProfileData - 52 total (0 active), CPU time: mean = 17.589 us, total = 914.619 us
	WorkerInfoGcsService.grpc_server.AddWorkerInfo - 18 total (0 active), CPU time: mean = 13.930 us, total = 250.741 us
	CoreWorkerService.grpc_client.WaitForActorOutOfScope - 16 total (16 active), CPU time: mean = 0.000 s, total = 0.000 s
	CoreWorkerService.grpc_client.PushTask - 16 total (0 active), CPU time: mean = 141.065 us, total = 2.257 ms
	ActorInfoGcsService.grpc_server.RegisterActor - 16 total (0 active), CPU time: mean = 1.181 ms, total = 18.900 ms
	NodeManagerService.grpc_client.RequestWorkerLease - 16 total (0 active), CPU time: mean = 131.295 us, total = 2.101 ms
	ActorInfoGcsService.grpc_server.CreateActor - 16 total (0 active), CPU time: mean = 166.665 us, total = 2.667 ms
	ActorInfoGcsService.grpc_server.GetActorInfo - 16 total (0 active), CPU time: mean = 12.192 us, total = 195.068 us
	GCSServer.deadline_timer.debug_state_event_stats_print - 11 total (1 active, 1 running), CPU time: mean = 211.972 us, total = 2.332 ms
	GcsInMemoryStore.GetAll - 10 total (0 active), CPU time: mean = 1.727 ms, total = 17.268 ms
	PeriodicalRunner.RunFnPeriodically - 4 total (0 active), CPU time: mean = 55.248 us, total = 220.992 us
	InternalKVGcsService.grpc_server.InternalKVKeys - 4 total (0 active), CPU time: mean = 14.688 us, total = 58.751 us
	GcsInMemoryStore.Keys - 4 total (0 active), CPU time: mean = 25.164 us, total = 100.657 us
	JobInfoGcsService.grpc_server.GetAllJobInfo - 3 total (0 active), CPU time: mean = 53.993 us, total = 161.980 us
	JobInfoGcsService.grpc_server.GetNextJobID - 1 total (0 active), CPU time: mean = 34.760 us, total = 34.760 us
	PlacementGroupInfoGcsService.grpc_server.CreatePlacementGroup - 1 total (0 active), CPU time: mean = 52.167 us, total = 52.167 us
	NodeInfoGcsService.grpc_server.GetInternalConfig - 1 total (0 active), CPU time: mean = 9.521 us, total = 9.521 us
	JobInfoGcsService.grpc_server.AddJob - 1 total (0 active), CPU time: mean = 74.986 us, total = 74.986 us
	GcsInMemoryStore.Exists - 1 total (0 active), CPU time: mean = 19.018 us, total = 19.018 us
	PlacementGroupInfoGcsService.grpc_server.GetAllPlacementGroup - 1 total (0 active), CPU time: mean = 12.743 us, total = 12.743 us
	InternalKVGcsService.grpc_server.InternalKVExists - 1 total (0 active), CPU time: mean = 16.524 us, total = 16.524 us
	InternalKVGcsService.grpc_server.InternalKVDel - 1 total (0 active), CPU time: mean = 12.304 us, total = 12.304 us
	PlacementGroupInfoGcsService.grpc_server.GetPlacementGroup - 1 total (0 active), CPU time: mean = 46.228 us, total = 46.228 us
	NodeInfoGcsService.grpc_server.RegisterNode - 1 total (0 active), CPU time: mean = 56.550 us, total = 56.550 us
	GcsInMemoryStore.Delete - 1 total (0 active), CPU time: mean = 18.817 us, total = 18.817 us


[2026-01-30 14:14:25,948 I 3413005 3413005] (gcs_server) gcs_server.cc:186: GcsNodeManager: 
- RegisterNode request count: 1
- DrainNode request count: 0
- GetAllNodeInfo request count: 91
- GetInternalConfig request count: 1

GcsActorManager: 
- RegisterActor request count: 16
- CreateActor request count: 16
- GetActorInfo request count: 16
- GetNamedActorInfo request count: 0
- GetAllActorInfo request count: 0
- KillActor request count: 0
- ListNamedActors request count: 0
- Registered actors count: 16
- Destroyed actors count: 0
- Named actors count: 0
- Unresolved actors count: 0
- Pending actors count: 0
- Created actors count: 1
- owners_: 1
- actor_to_register_callbacks_: 0
- actor_to_create_callbacks_: 0
- sorted_destroyed_actor_list_: 0

GcsResourceManager: 
- GetResources request count: 0
- GetAllAvailableResources request count0
- ReportResourceUsage request count: 0
- GetAllResourceUsage request count: 144

GcsPlacementGroupManager: 
- CreatePlacementGroup request count: 1
- RemovePlacementGroup request count: 0
- GetPlacementGroup request count: 1
- GetAllPlacementGroup request count: 1
- WaitPlacementGroupUntilReady request count: 0
- GetNamedPlacementGroup request count: 0
- Scheduling pending placement group count: 1230
- Registered placement groups count: 1
- Named placement group count: 1
- Pending placement groups count: 1
- Infeasible placement groups count: 0

GcsPublisher {}

[runtime env manager] ID to URIs table:
[runtime env manager] URIs reference table:

GrpcBasedResourceBroadcaster:
- Tracked nodes: 1
[2026-01-30 14:14:25,949 I 3413005 3413005] (gcs_server) gcs_server.cc:736: Event stats:


Global stats: 34664 total (20 active)
Queueing time: mean = 11.493 us, max = 16.617 ms, min = 748.000 ns, total = 398.409 ms
Execution time:  mean = 15.175 us, total = 526.036 ms
Event stats:
	RaySyncer.deadline_timer.report_resource_report - 7199 total (1 active), CPU time: mean = 5.420 us, total = 39.017 ms
	NodeManagerService.grpc_client.UpdateResourceUsage - 7086 total (0 active), CPU time: mean = 7.355 us, total = 52.120 ms
	ResourceUpdate - 7086 total (0 active), CPU time: mean = 7.971 us, total = 56.481 ms
	NodeManagerService.grpc_client.RequestResourceReport - 7086 total (0 active), CPU time: mean = 22.832 us, total = 161.787 ms
	GcsInMemoryStore.Put - 1425 total (0 active), CPU time: mean = 31.916 us, total = 45.480 ms
	InternalKVGcsService.grpc_server.InternalKVPut - 1287 total (0 active), CPU time: mean = 13.955 us, total = 17.961 ms
	RayletLoadPulled - 720 total (1 active), CPU time: mean = 60.662 us, total = 43.677 ms
	NodeManagerService.grpc_client.GetResourceLoad - 714 total (0 active), CPU time: mean = 10.903 us, total = 7.785 ms
	GcsPlacementGroupManager.SchedulePendingPlacementGroups - 615 total (0 active), CPU time: mean = 75.878 ns, total = 46.665 us
	GcsInMemoryStore.Get - 463 total (0 active), CPU time: mean = 22.445 us, total = 10.392 ms
	InternalKVGcsService.grpc_server.InternalKVGet - 462 total (0 active), CPU time: mean = 10.368 us, total = 4.790 ms
	NodeResourceInfoGcsService.grpc_server.GetAllResourceUsage - 144 total (0 active), CPU time: mean = 105.078 us, total = 15.131 ms
	NodeInfoGcsService.grpc_server.GetAllNodeInfo - 91 total (0 active), CPU time: mean = 37.818 us, total = 3.441 ms
	GCSServer.deadline_timer.debug_state_dump - 72 total (1 active), CPU time: mean = 277.375 us, total = 19.971 ms
	StatsGcsService.grpc_server.AddProfileData - 52 total (0 active), CPU time: mean = 17.589 us, total = 914.619 us
	WorkerInfoGcsService.grpc_server.AddWorkerInfo - 18 total (0 active), CPU time: mean = 13.930 us, total = 250.741 us
	CoreWorkerService.grpc_client.WaitForActorOutOfScope - 16 total (16 active), CPU time: mean = 0.000 s, total = 0.000 s
	CoreWorkerService.grpc_client.PushTask - 16 total (0 active), CPU time: mean = 141.065 us, total = 2.257 ms
	ActorInfoGcsService.grpc_server.RegisterActor - 16 total (0 active), CPU time: mean = 1.181 ms, total = 18.900 ms
	NodeManagerService.grpc_client.RequestWorkerLease - 16 total (0 active), CPU time: mean = 131.295 us, total = 2.101 ms
	ActorInfoGcsService.grpc_server.CreateActor - 16 total (0 active), CPU time: mean = 166.665 us, total = 2.667 ms
	ActorInfoGcsService.grpc_server.GetActorInfo - 16 total (0 active), CPU time: mean = 12.192 us, total = 195.068 us
	GCSServer.deadline_timer.debug_state_event_stats_print - 12 total (1 active, 1 running), CPU time: mean = 209.048 us, total = 2.509 ms
	GcsInMemoryStore.GetAll - 10 total (0 active), CPU time: mean = 1.727 ms, total = 17.268 ms
	PeriodicalRunner.RunFnPeriodically - 4 total (0 active), CPU time: mean = 55.248 us, total = 220.992 us
	InternalKVGcsService.grpc_server.InternalKVKeys - 4 total (0 active), CPU time: mean = 14.688 us, total = 58.751 us
	GcsInMemoryStore.Keys - 4 total (0 active), CPU time: mean = 25.164 us, total = 100.657 us
	JobInfoGcsService.grpc_server.GetAllJobInfo - 3 total (0 active), CPU time: mean = 53.993 us, total = 161.980 us
	JobInfoGcsService.grpc_server.GetNextJobID - 1 total (0 active), CPU time: mean = 34.760 us, total = 34.760 us
	PlacementGroupInfoGcsService.grpc_server.CreatePlacementGroup - 1 total (0 active), CPU time: mean = 52.167 us, total = 52.167 us
	NodeInfoGcsService.grpc_server.GetInternalConfig - 1 total (0 active), CPU time: mean = 9.521 us, total = 9.521 us
	JobInfoGcsService.grpc_server.AddJob - 1 total (0 active), CPU time: mean = 74.986 us, total = 74.986 us
	GcsInMemoryStore.Exists - 1 total (0 active), CPU time: mean = 19.018 us, total = 19.018 us
	PlacementGroupInfoGcsService.grpc_server.GetAllPlacementGroup - 1 total (0 active), CPU time: mean = 12.743 us, total = 12.743 us
	InternalKVGcsService.grpc_server.InternalKVExists - 1 total (0 active), CPU time: mean = 16.524 us, total = 16.524 us
	InternalKVGcsService.grpc_server.InternalKVDel - 1 total (0 active), CPU time: mean = 12.304 us, total = 12.304 us
	PlacementGroupInfoGcsService.grpc_server.GetPlacementGroup - 1 total (0 active), CPU time: mean = 46.228 us, total = 46.228 us
	NodeInfoGcsService.grpc_server.RegisterNode - 1 total (0 active), CPU time: mean = 56.550 us, total = 56.550 us
	GcsInMemoryStore.Delete - 1 total (0 active), CPU time: mean = 18.817 us, total = 18.817 us


[2026-01-30 14:15:25,949 I 3413005 3413005] (gcs_server) gcs_server.cc:186: GcsNodeManager: 
- RegisterNode request count: 1
- DrainNode request count: 0
- GetAllNodeInfo request count: 97
- GetInternalConfig request count: 1

GcsActorManager: 
- RegisterActor request count: 16
- CreateActor request count: 16
- GetActorInfo request count: 16
- GetNamedActorInfo request count: 0
- GetAllActorInfo request count: 0
- KillActor request count: 0
- ListNamedActors request count: 0
- Registered actors count: 16
- Destroyed actors count: 0
- Named actors count: 0
- Unresolved actors count: 0
- Pending actors count: 0
- Created actors count: 1
- owners_: 1
- actor_to_register_callbacks_: 0
- actor_to_create_callbacks_: 0
- sorted_destroyed_actor_list_: 0

GcsResourceManager: 
- GetResources request count: 0
- GetAllAvailableResources request count0
- ReportResourceUsage request count: 0
- GetAllResourceUsage request count: 156

GcsPlacementGroupManager: 
- CreatePlacementGroup request count: 1
- RemovePlacementGroup request count: 0
- GetPlacementGroup request count: 1
- GetAllPlacementGroup request count: 1
- WaitPlacementGroupUntilReady request count: 0
- GetNamedPlacementGroup request count: 0
- Scheduling pending placement group count: 1350
- Registered placement groups count: 1
- Named placement group count: 1
- Pending placement groups count: 1
- Infeasible placement groups count: 0

GcsPublisher {}

[runtime env manager] ID to URIs table:
[runtime env manager] URIs reference table:

GrpcBasedResourceBroadcaster:
- Tracked nodes: 1
[2026-01-30 14:15:25,949 I 3413005 3413005] (gcs_server) gcs_server.cc:736: Event stats:


Global stats: 37446 total (20 active)
Queueing time: mean = 11.370 us, max = 16.617 ms, min = 748.000 ns, total = 425.777 ms
Execution time:  mean = 15.112 us, total = 565.868 ms
Event stats:
	RaySyncer.deadline_timer.report_resource_report - 7799 total (1 active), CPU time: mean = 5.399 us, total = 42.110 ms
	NodeManagerService.grpc_client.UpdateResourceUsage - 7681 total (0 active), CPU time: mean = 7.355 us, total = 56.492 ms
	ResourceUpdate - 7681 total (0 active), CPU time: mean = 7.994 us, total = 61.405 ms
	NodeManagerService.grpc_client.RequestResourceReport - 7681 total (0 active), CPU time: mean = 22.887 us, total = 175.796 ms
	GcsInMemoryStore.Put - 1509 total (0 active), CPU time: mean = 32.137 us, total = 48.495 ms
	InternalKVGcsService.grpc_server.InternalKVPut - 1371 total (0 active), CPU time: mean = 14.174 us, total = 19.433 ms
	RayletLoadPulled - 780 total (1 active), CPU time: mean = 61.257 us, total = 47.780 ms
	NodeManagerService.grpc_client.GetResourceLoad - 774 total (0 active), CPU time: mean = 10.926 us, total = 8.457 ms
	GcsPlacementGroupManager.SchedulePendingPlacementGroups - 675 total (0 active), CPU time: mean = 76.249 ns, total = 51.468 us
	GcsInMemoryStore.Get - 475 total (0 active), CPU time: mean = 22.527 us, total = 10.700 ms
	InternalKVGcsService.grpc_server.InternalKVGet - 474 total (0 active), CPU time: mean = 10.571 us, total = 5.010 ms
	NodeResourceInfoGcsService.grpc_server.GetAllResourceUsage - 156 total (0 active), CPU time: mean = 106.478 us, total = 16.611 ms
	NodeInfoGcsService.grpc_server.GetAllNodeInfo - 97 total (0 active), CPU time: mean = 38.332 us, total = 3.718 ms
	GCSServer.deadline_timer.debug_state_dump - 78 total (1 active), CPU time: mean = 277.550 us, total = 21.649 ms
	StatsGcsService.grpc_server.AddProfileData - 52 total (0 active), CPU time: mean = 17.589 us, total = 914.619 us
	WorkerInfoGcsService.grpc_server.AddWorkerInfo - 18 total (0 active), CPU time: mean = 13.930 us, total = 250.741 us
	CoreWorkerService.grpc_client.WaitForActorOutOfScope - 16 total (16 active), CPU time: mean = 0.000 s, total = 0.000 s
	CoreWorkerService.grpc_client.PushTask - 16 total (0 active), CPU time: mean = 141.065 us, total = 2.257 ms
	ActorInfoGcsService.grpc_server.RegisterActor - 16 total (0 active), CPU time: mean = 1.181 ms, total = 18.900 ms
	NodeManagerService.grpc_client.RequestWorkerLease - 16 total (0 active), CPU time: mean = 131.295 us, total = 2.101 ms
	ActorInfoGcsService.grpc_server.CreateActor - 16 total (0 active), CPU time: mean = 166.665 us, total = 2.667 ms
	ActorInfoGcsService.grpc_server.GetActorInfo - 16 total (0 active), CPU time: mean = 12.192 us, total = 195.068 us
	GCSServer.deadline_timer.debug_state_event_stats_print - 13 total (1 active, 1 running), CPU time: mean = 208.639 us, total = 2.712 ms
	GcsInMemoryStore.GetAll - 10 total (0 active), CPU time: mean = 1.727 ms, total = 17.268 ms
	PeriodicalRunner.RunFnPeriodically - 4 total (0 active), CPU time: mean = 55.248 us, total = 220.992 us
	InternalKVGcsService.grpc_server.InternalKVKeys - 4 total (0 active), CPU time: mean = 14.688 us, total = 58.751 us
	GcsInMemoryStore.Keys - 4 total (0 active), CPU time: mean = 25.164 us, total = 100.657 us
	JobInfoGcsService.grpc_server.GetAllJobInfo - 3 total (0 active), CPU time: mean = 53.993 us, total = 161.980 us
	JobInfoGcsService.grpc_server.GetNextJobID - 1 total (0 active), CPU time: mean = 34.760 us, total = 34.760 us
	PlacementGroupInfoGcsService.grpc_server.CreatePlacementGroup - 1 total (0 active), CPU time: mean = 52.167 us, total = 52.167 us
	NodeInfoGcsService.grpc_server.GetInternalConfig - 1 total (0 active), CPU time: mean = 9.521 us, total = 9.521 us
	JobInfoGcsService.grpc_server.AddJob - 1 total (0 active), CPU time: mean = 74.986 us, total = 74.986 us
	GcsInMemoryStore.Exists - 1 total (0 active), CPU time: mean = 19.018 us, total = 19.018 us
	PlacementGroupInfoGcsService.grpc_server.GetAllPlacementGroup - 1 total (0 active), CPU time: mean = 12.743 us, total = 12.743 us
	InternalKVGcsService.grpc_server.InternalKVExists - 1 total (0 active), CPU time: mean = 16.524 us, total = 16.524 us
	InternalKVGcsService.grpc_server.InternalKVDel - 1 total (0 active), CPU time: mean = 12.304 us, total = 12.304 us
	PlacementGroupInfoGcsService.grpc_server.GetPlacementGroup - 1 total (0 active), CPU time: mean = 46.228 us, total = 46.228 us
	NodeInfoGcsService.grpc_server.RegisterNode - 1 total (0 active), CPU time: mean = 56.550 us, total = 56.550 us
	GcsInMemoryStore.Delete - 1 total (0 active), CPU time: mean = 18.817 us, total = 18.817 us


[2026-01-30 14:16:25,949 I 3413005 3413005] (gcs_server) gcs_server.cc:186: GcsNodeManager: 
- RegisterNode request count: 1
- DrainNode request count: 0
- GetAllNodeInfo request count: 103
- GetInternalConfig request count: 1

GcsActorManager: 
- RegisterActor request count: 16
- CreateActor request count: 16
- GetActorInfo request count: 16
- GetNamedActorInfo request count: 0
- GetAllActorInfo request count: 0
- KillActor request count: 0
- ListNamedActors request count: 0
- Registered actors count: 16
- Destroyed actors count: 0
- Named actors count: 0
- Unresolved actors count: 0
- Pending actors count: 0
- Created actors count: 1
- owners_: 1
- actor_to_register_callbacks_: 0
- actor_to_create_callbacks_: 0
- sorted_destroyed_actor_list_: 0

GcsResourceManager: 
- GetResources request count: 0
- GetAllAvailableResources request count0
- ReportResourceUsage request count: 0
- GetAllResourceUsage request count: 168

GcsPlacementGroupManager: 
- CreatePlacementGroup request count: 1
- RemovePlacementGroup request count: 0
- GetPlacementGroup request count: 1
- GetAllPlacementGroup request count: 1
- WaitPlacementGroupUntilReady request count: 0
- GetNamedPlacementGroup request count: 0
- Scheduling pending placement group count: 1470
- Registered placement groups count: 1
- Named placement group count: 1
- Pending placement groups count: 1
- Infeasible placement groups count: 0

GcsPublisher {}

[runtime env manager] ID to URIs table:
[runtime env manager] URIs reference table:

GrpcBasedResourceBroadcaster:
- Tracked nodes: 1
[2026-01-30 14:16:25,949 I 3413005 3413005] (gcs_server) gcs_server.cc:736: Event stats:


Global stats: 40227 total (20 active)
Queueing time: mean = 11.260 us, max = 16.617 ms, min = 748.000 ns, total = 452.940 ms
Execution time:  mean = 15.034 us, total = 604.763 ms
Event stats:
	RaySyncer.deadline_timer.report_resource_report - 8399 total (1 active), CPU time: mean = 5.373 us, total = 45.124 ms
	ResourceUpdate - 8276 total (0 active), CPU time: mean = 8.014 us, total = 66.322 ms
	NodeManagerService.grpc_client.RequestResourceReport - 8276 total (0 active), CPU time: mean = 22.878 us, total = 189.341 ms
	NodeManagerService.grpc_client.UpdateResourceUsage - 8275 total (0 active), CPU time: mean = 7.302 us, total = 60.425 ms
	GcsInMemoryStore.Put - 1593 total (0 active), CPU time: mean = 32.155 us, total = 51.223 ms
	InternalKVGcsService.grpc_server.InternalKVPut - 1455 total (0 active), CPU time: mean = 14.359 us, total = 20.892 ms
	RayletLoadPulled - 840 total (1 active), CPU time: mean = 62.006 us, total = 52.085 ms
	NodeManagerService.grpc_client.GetResourceLoad - 834 total (0 active), CPU time: mean = 10.906 us, total = 9.096 ms
	GcsPlacementGroupManager.SchedulePendingPlacementGroups - 735 total (0 active), CPU time: mean = 76.517 ns, total = 56.240 us
	GcsInMemoryStore.Get - 487 total (0 active), CPU time: mean = 22.600 us, total = 11.006 ms
	InternalKVGcsService.grpc_server.InternalKVGet - 486 total (0 active), CPU time: mean = 10.811 us, total = 5.254 ms
	NodeResourceInfoGcsService.grpc_server.GetAllResourceUsage - 168 total (0 active), CPU time: mean = 107.701 us, total = 18.094 ms
	NodeInfoGcsService.grpc_server.GetAllNodeInfo - 103 total (0 active), CPU time: mean = 38.401 us, total = 3.955 ms
	GCSServer.deadline_timer.debug_state_dump - 84 total (1 active), CPU time: mean = 279.361 us, total = 23.466 ms
	StatsGcsService.grpc_server.AddProfileData - 52 total (0 active), CPU time: mean = 17.589 us, total = 914.619 us
	WorkerInfoGcsService.grpc_server.AddWorkerInfo - 18 total (0 active), CPU time: mean = 13.930 us, total = 250.741 us
	CoreWorkerService.grpc_client.WaitForActorOutOfScope - 16 total (16 active), CPU time: mean = 0.000 s, total = 0.000 s
	CoreWorkerService.grpc_client.PushTask - 16 total (0 active), CPU time: mean = 141.065 us, total = 2.257 ms
	ActorInfoGcsService.grpc_server.RegisterActor - 16 total (0 active), CPU time: mean = 1.181 ms, total = 18.900 ms
	NodeManagerService.grpc_client.RequestWorkerLease - 16 total (0 active), CPU time: mean = 131.295 us, total = 2.101 ms
	ActorInfoGcsService.grpc_server.CreateActor - 16 total (0 active), CPU time: mean = 166.665 us, total = 2.667 ms
	ActorInfoGcsService.grpc_server.GetActorInfo - 16 total (0 active), CPU time: mean = 12.192 us, total = 195.068 us
	GCSServer.deadline_timer.debug_state_event_stats_print - 14 total (1 active, 1 running), CPU time: mean = 212.504 us, total = 2.975 ms
	GcsInMemoryStore.GetAll - 10 total (0 active), CPU time: mean = 1.727 ms, total = 17.268 ms
	PeriodicalRunner.RunFnPeriodically - 4 total (0 active), CPU time: mean = 55.248 us, total = 220.992 us
	InternalKVGcsService.grpc_server.InternalKVKeys - 4 total (0 active), CPU time: mean = 14.688 us, total = 58.751 us
	GcsInMemoryStore.Keys - 4 total (0 active), CPU time: mean = 25.164 us, total = 100.657 us
	JobInfoGcsService.grpc_server.GetAllJobInfo - 3 total (0 active), CPU time: mean = 53.993 us, total = 161.980 us
	JobInfoGcsService.grpc_server.GetNextJobID - 1 total (0 active), CPU time: mean = 34.760 us, total = 34.760 us
	PlacementGroupInfoGcsService.grpc_server.CreatePlacementGroup - 1 total (0 active), CPU time: mean = 52.167 us, total = 52.167 us
	NodeInfoGcsService.grpc_server.GetInternalConfig - 1 total (0 active), CPU time: mean = 9.521 us, total = 9.521 us
	JobInfoGcsService.grpc_server.AddJob - 1 total (0 active), CPU time: mean = 74.986 us, total = 74.986 us
	GcsInMemoryStore.Exists - 1 total (0 active), CPU time: mean = 19.018 us, total = 19.018 us
	PlacementGroupInfoGcsService.grpc_server.GetAllPlacementGroup - 1 total (0 active), CPU time: mean = 12.743 us, total = 12.743 us
	InternalKVGcsService.grpc_server.InternalKVExists - 1 total (0 active), CPU time: mean = 16.524 us, total = 16.524 us
	InternalKVGcsService.grpc_server.InternalKVDel - 1 total (0 active), CPU time: mean = 12.304 us, total = 12.304 us
	PlacementGroupInfoGcsService.grpc_server.GetPlacementGroup - 1 total (0 active), CPU time: mean = 46.228 us, total = 46.228 us
	NodeInfoGcsService.grpc_server.RegisterNode - 1 total (0 active), CPU time: mean = 56.550 us, total = 56.550 us
	GcsInMemoryStore.Delete - 1 total (0 active), CPU time: mean = 18.817 us, total = 18.817 us


[2026-01-30 14:17:25,949 I 3413005 3413005] (gcs_server) gcs_server.cc:186: GcsNodeManager: 
- RegisterNode request count: 1
- DrainNode request count: 0
- GetAllNodeInfo request count: 109
- GetInternalConfig request count: 1

GcsActorManager: 
- RegisterActor request count: 16
- CreateActor request count: 16
- GetActorInfo request count: 16
- GetNamedActorInfo request count: 0
- GetAllActorInfo request count: 0
- KillActor request count: 0
- ListNamedActors request count: 0
- Registered actors count: 16
- Destroyed actors count: 0
- Named actors count: 0
- Unresolved actors count: 0
- Pending actors count: 0
- Created actors count: 1
- owners_: 1
- actor_to_register_callbacks_: 0
- actor_to_create_callbacks_: 0
- sorted_destroyed_actor_list_: 0

GcsResourceManager: 
- GetResources request count: 0
- GetAllAvailableResources request count0
- ReportResourceUsage request count: 0
- GetAllResourceUsage request count: 180

GcsPlacementGroupManager: 
- CreatePlacementGroup request count: 1
- RemovePlacementGroup request count: 0
- GetPlacementGroup request count: 1
- GetAllPlacementGroup request count: 1
- WaitPlacementGroupUntilReady request count: 0
- GetNamedPlacementGroup request count: 0
- Scheduling pending placement group count: 1590
- Registered placement groups count: 1
- Named placement group count: 1
- Pending placement groups count: 1
- Infeasible placement groups count: 0

GcsPublisher {}

[runtime env manager] ID to URIs table:
[runtime env manager] URIs reference table:

GrpcBasedResourceBroadcaster:
- Tracked nodes: 1
[2026-01-30 14:17:25,949 I 3413005 3413005] (gcs_server) gcs_server.cc:736: Event stats:


Global stats: 43006 total (20 active)
Queueing time: mean = 11.221 us, max = 16.617 ms, min = 748.000 ns, total = 482.568 ms
Execution time:  mean = 14.986 us, total = 644.494 ms
Event stats:
	RaySyncer.deadline_timer.report_resource_report - 8999 total (1 active), CPU time: mean = 5.332 us, total = 47.980 ms
	ResourceUpdate - 8870 total (0 active), CPU time: mean = 8.007 us, total = 71.026 ms
	NodeManagerService.grpc_client.RequestResourceReport - 8870 total (0 active), CPU time: mean = 23.004 us, total = 204.044 ms
	NodeManagerService.grpc_client.UpdateResourceUsage - 8869 total (0 active), CPU time: mean = 7.289 us, total = 64.645 ms
	GcsInMemoryStore.Put - 1677 total (0 active), CPU time: mean = 32.181 us, total = 53.968 ms
	InternalKVGcsService.grpc_server.InternalKVPut - 1539 total (0 active), CPU time: mean = 14.539 us, total = 22.376 ms
	RayletLoadPulled - 900 total (1 active), CPU time: mean = 62.553 us, total = 56.298 ms
	NodeManagerService.grpc_client.GetResourceLoad - 894 total (0 active), CPU time: mean = 10.959 us, total = 9.797 ms
	GcsPlacementGroupManager.SchedulePendingPlacementGroups - 795 total (0 active), CPU time: mean = 76.397 ns, total = 60.736 us
	GcsInMemoryStore.Get - 499 total (0 active), CPU time: mean = 22.653 us, total = 11.304 ms
	InternalKVGcsService.grpc_server.InternalKVGet - 498 total (0 active), CPU time: mean = 11.019 us, total = 5.487 ms
	NodeResourceInfoGcsService.grpc_server.GetAllResourceUsage - 180 total (0 active), CPU time: mean = 108.318 us, total = 19.497 ms
	NodeInfoGcsService.grpc_server.GetAllNodeInfo - 109 total (0 active), CPU time: mean = 38.083 us, total = 4.151 ms
	GCSServer.deadline_timer.debug_state_dump - 90 total (1 active), CPU time: mean = 280.189 us, total = 25.217 ms
	StatsGcsService.grpc_server.AddProfileData - 52 total (0 active), CPU time: mean = 17.589 us, total = 914.619 us
	WorkerInfoGcsService.grpc_server.AddWorkerInfo - 18 total (0 active), CPU time: mean = 13.930 us, total = 250.741 us
	CoreWorkerService.grpc_client.WaitForActorOutOfScope - 16 total (16 active), CPU time: mean = 0.000 s, total = 0.000 s
	CoreWorkerService.grpc_client.PushTask - 16 total (0 active), CPU time: mean = 141.065 us, total = 2.257 ms
	ActorInfoGcsService.grpc_server.RegisterActor - 16 total (0 active), CPU time: mean = 1.181 ms, total = 18.900 ms
	NodeManagerService.grpc_client.RequestWorkerLease - 16 total (0 active), CPU time: mean = 131.295 us, total = 2.101 ms
	ActorInfoGcsService.grpc_server.CreateActor - 16 total (0 active), CPU time: mean = 166.665 us, total = 2.667 ms
	ActorInfoGcsService.grpc_server.GetActorInfo - 16 total (0 active), CPU time: mean = 12.192 us, total = 195.068 us
	GCSServer.deadline_timer.debug_state_event_stats_print - 15 total (1 active, 1 running), CPU time: mean = 212.911 us, total = 3.194 ms
	GcsInMemoryStore.GetAll - 10 total (0 active), CPU time: mean = 1.727 ms, total = 17.268 ms
	PeriodicalRunner.RunFnPeriodically - 4 total (0 active), CPU time: mean = 55.248 us, total = 220.992 us
	InternalKVGcsService.grpc_server.InternalKVKeys - 4 total (0 active), CPU time: mean = 14.688 us, total = 58.751 us
	GcsInMemoryStore.Keys - 4 total (0 active), CPU time: mean = 25.164 us, total = 100.657 us
	JobInfoGcsService.grpc_server.GetAllJobInfo - 3 total (0 active), CPU time: mean = 53.993 us, total = 161.980 us
	JobInfoGcsService.grpc_server.GetNextJobID - 1 total (0 active), CPU time: mean = 34.760 us, total = 34.760 us
	PlacementGroupInfoGcsService.grpc_server.CreatePlacementGroup - 1 total (0 active), CPU time: mean = 52.167 us, total = 52.167 us
	NodeInfoGcsService.grpc_server.GetInternalConfig - 1 total (0 active), CPU time: mean = 9.521 us, total = 9.521 us
	JobInfoGcsService.grpc_server.AddJob - 1 total (0 active), CPU time: mean = 74.986 us, total = 74.986 us
	GcsInMemoryStore.Exists - 1 total (0 active), CPU time: mean = 19.018 us, total = 19.018 us
	PlacementGroupInfoGcsService.grpc_server.GetAllPlacementGroup - 1 total (0 active), CPU time: mean = 12.743 us, total = 12.743 us
	InternalKVGcsService.grpc_server.InternalKVExists - 1 total (0 active), CPU time: mean = 16.524 us, total = 16.524 us
	InternalKVGcsService.grpc_server.InternalKVDel - 1 total (0 active), CPU time: mean = 12.304 us, total = 12.304 us
	PlacementGroupInfoGcsService.grpc_server.GetPlacementGroup - 1 total (0 active), CPU time: mean = 46.228 us, total = 46.228 us
	NodeInfoGcsService.grpc_server.RegisterNode - 1 total (0 active), CPU time: mean = 56.550 us, total = 56.550 us
	GcsInMemoryStore.Delete - 1 total (0 active), CPU time: mean = 18.817 us, total = 18.817 us


[2026-01-30 14:18:25,949 I 3413005 3413005] (gcs_server) gcs_server.cc:186: GcsNodeManager: 
- RegisterNode request count: 1
- DrainNode request count: 0
- GetAllNodeInfo request count: 115
- GetInternalConfig request count: 1

GcsActorManager: 
- RegisterActor request count: 16
- CreateActor request count: 16
- GetActorInfo request count: 16
- GetNamedActorInfo request count: 0
- GetAllActorInfo request count: 0
- KillActor request count: 0
- ListNamedActors request count: 0
- Registered actors count: 16
- Destroyed actors count: 0
- Named actors count: 0
- Unresolved actors count: 0
- Pending actors count: 0
- Created actors count: 1
- owners_: 1
- actor_to_register_callbacks_: 0
- actor_to_create_callbacks_: 0
- sorted_destroyed_actor_list_: 0

GcsResourceManager: 
- GetResources request count: 0
- GetAllAvailableResources request count0
- ReportResourceUsage request count: 0
- GetAllResourceUsage request count: 192

GcsPlacementGroupManager: 
- CreatePlacementGroup request count: 1
- RemovePlacementGroup request count: 0
- GetPlacementGroup request count: 1
- GetAllPlacementGroup request count: 1
- WaitPlacementGroupUntilReady request count: 0
- GetNamedPlacementGroup request count: 0
- Scheduling pending placement group count: 1710
- Registered placement groups count: 1
- Named placement group count: 1
- Pending placement groups count: 1
- Infeasible placement groups count: 0

GcsPublisher {}

[runtime env manager] ID to URIs table:
[runtime env manager] URIs reference table:

GrpcBasedResourceBroadcaster:
- Tracked nodes: 1
[2026-01-30 14:18:25,950 I 3413005 3413005] (gcs_server) gcs_server.cc:736: Event stats:


Global stats: 45785 total (20 active)
Queueing time: mean = 11.138 us, max = 16.617 ms, min = 748.000 ns, total = 509.942 ms
Execution time:  mean = 14.901 us, total = 682.223 ms
Event stats:
	RaySyncer.deadline_timer.report_resource_report - 9599 total (1 active), CPU time: mean = 5.304 us, total = 50.910 ms
	ResourceUpdate - 9464 total (0 active), CPU time: mean = 8.006 us, total = 75.765 ms
	NodeManagerService.grpc_client.RequestResourceReport - 9464 total (0 active), CPU time: mean = 22.950 us, total = 217.202 ms
	NodeManagerService.grpc_client.UpdateResourceUsage - 9463 total (0 active), CPU time: mean = 7.227 us, total = 68.393 ms
	GcsInMemoryStore.Put - 1761 total (0 active), CPU time: mean = 32.269 us, total = 56.825 ms
	InternalKVGcsService.grpc_server.InternalKVPut - 1623 total (0 active), CPU time: mean = 14.707 us, total = 23.870 ms
	RayletLoadPulled - 960 total (1 active), CPU time: mean = 62.815 us, total = 60.302 ms
	NodeManagerService.grpc_client.GetResourceLoad - 954 total (0 active), CPU time: mean = 10.918 us, total = 10.415 ms
	GcsPlacementGroupManager.SchedulePendingPlacementGroups - 855 total (0 active), CPU time: mean = 76.648 ns, total = 65.534 us
	GcsInMemoryStore.Get - 511 total (0 active), CPU time: mean = 22.688 us, total = 11.594 ms
	InternalKVGcsService.grpc_server.InternalKVGet - 510 total (0 active), CPU time: mean = 11.231 us, total = 5.728 ms
	NodeResourceInfoGcsService.grpc_server.GetAllResourceUsage - 192 total (0 active), CPU time: mean = 109.307 us, total = 20.987 ms
	NodeInfoGcsService.grpc_server.GetAllNodeInfo - 115 total (0 active), CPU time: mean = 38.488 us, total = 4.426 ms
	GCSServer.deadline_timer.debug_state_dump - 96 total (1 active), CPU time: mean = 279.768 us, total = 26.858 ms
	StatsGcsService.grpc_server.AddProfileData - 52 total (0 active), CPU time: mean = 17.589 us, total = 914.619 us
	WorkerInfoGcsService.grpc_server.AddWorkerInfo - 18 total (0 active), CPU time: mean = 13.930 us, total = 250.741 us
	CoreWorkerService.grpc_client.WaitForActorOutOfScope - 16 total (16 active), CPU time: mean = 0.000 s, total = 0.000 s
	CoreWorkerService.grpc_client.PushTask - 16 total (0 active), CPU time: mean = 141.065 us, total = 2.257 ms
	ActorInfoGcsService.grpc_server.RegisterActor - 16 total (0 active), CPU time: mean = 1.181 ms, total = 18.900 ms
	GCSServer.deadline_timer.debug_state_event_stats_print - 16 total (1 active, 1 running), CPU time: mean = 214.619 us, total = 3.434 ms
	NodeManagerService.grpc_client.RequestWorkerLease - 16 total (0 active), CPU time: mean = 131.295 us, total = 2.101 ms
	ActorInfoGcsService.grpc_server.CreateActor - 16 total (0 active), CPU time: mean = 166.665 us, total = 2.667 ms
	ActorInfoGcsService.grpc_server.GetActorInfo - 16 total (0 active), CPU time: mean = 12.192 us, total = 195.068 us
	GcsInMemoryStore.GetAll - 10 total (0 active), CPU time: mean = 1.727 ms, total = 17.268 ms
	PeriodicalRunner.RunFnPeriodically - 4 total (0 active), CPU time: mean = 55.248 us, total = 220.992 us
	InternalKVGcsService.grpc_server.InternalKVKeys - 4 total (0 active), CPU time: mean = 14.688 us, total = 58.751 us
	GcsInMemoryStore.Keys - 4 total (0 active), CPU time: mean = 25.164 us, total = 100.657 us
	JobInfoGcsService.grpc_server.GetAllJobInfo - 3 total (0 active), CPU time: mean = 53.993 us, total = 161.980 us
	JobInfoGcsService.grpc_server.GetNextJobID - 1 total (0 active), CPU time: mean = 34.760 us, total = 34.760 us
	PlacementGroupInfoGcsService.grpc_server.CreatePlacementGroup - 1 total (0 active), CPU time: mean = 52.167 us, total = 52.167 us
	NodeInfoGcsService.grpc_server.GetInternalConfig - 1 total (0 active), CPU time: mean = 9.521 us, total = 9.521 us
	JobInfoGcsService.grpc_server.AddJob - 1 total (0 active), CPU time: mean = 74.986 us, total = 74.986 us
	GcsInMemoryStore.Exists - 1 total (0 active), CPU time: mean = 19.018 us, total = 19.018 us
	PlacementGroupInfoGcsService.grpc_server.GetAllPlacementGroup - 1 total (0 active), CPU time: mean = 12.743 us, total = 12.743 us
	InternalKVGcsService.grpc_server.InternalKVExists - 1 total (0 active), CPU time: mean = 16.524 us, total = 16.524 us
	InternalKVGcsService.grpc_server.InternalKVDel - 1 total (0 active), CPU time: mean = 12.304 us, total = 12.304 us
	PlacementGroupInfoGcsService.grpc_server.GetPlacementGroup - 1 total (0 active), CPU time: mean = 46.228 us, total = 46.228 us
	NodeInfoGcsService.grpc_server.RegisterNode - 1 total (0 active), CPU time: mean = 56.550 us, total = 56.550 us
	GcsInMemoryStore.Delete - 1 total (0 active), CPU time: mean = 18.817 us, total = 18.817 us


[2026-01-30 14:19:25,950 I 3413005 3413005] (gcs_server) gcs_server.cc:186: GcsNodeManager: 
- RegisterNode request count: 1
- DrainNode request count: 0
- GetAllNodeInfo request count: 121
- GetInternalConfig request count: 1

GcsActorManager: 
- RegisterActor request count: 16
- CreateActor request count: 16
- GetActorInfo request count: 16
- GetNamedActorInfo request count: 0
- GetAllActorInfo request count: 0
- KillActor request count: 0
- ListNamedActors request count: 0
- Registered actors count: 16
- Destroyed actors count: 0
- Named actors count: 0
- Unresolved actors count: 0
- Pending actors count: 0
- Created actors count: 1
- owners_: 1
- actor_to_register_callbacks_: 0
- actor_to_create_callbacks_: 0
- sorted_destroyed_actor_list_: 0

GcsResourceManager: 
- GetResources request count: 0
- GetAllAvailableResources request count0
- ReportResourceUsage request count: 0
- GetAllResourceUsage request count: 204

GcsPlacementGroupManager: 
- CreatePlacementGroup request count: 1
- RemovePlacementGroup request count: 0
- GetPlacementGroup request count: 1
- GetAllPlacementGroup request count: 1
- WaitPlacementGroupUntilReady request count: 0
- GetNamedPlacementGroup request count: 0
- Scheduling pending placement group count: 1830
- Registered placement groups count: 1
- Named placement group count: 1
- Pending placement groups count: 1
- Infeasible placement groups count: 0

GcsPublisher {}

[runtime env manager] ID to URIs table:
[runtime env manager] URIs reference table:

GrpcBasedResourceBroadcaster:
- Tracked nodes: 1
[2026-01-30 14:19:25,950 I 3413005 3413005] (gcs_server) gcs_server.cc:736: Event stats:


Global stats: 48567 total (20 active)
Queueing time: mean = 11.072 us, max = 16.617 ms, min = 748.000 ns, total = 537.712 ms
Execution time:  mean = 14.808 us, total = 719.172 ms
Event stats:
	RaySyncer.deadline_timer.report_resource_report - 10199 total (1 active), CPU time: mean = 5.259 us, total = 53.637 ms
	ResourceUpdate - 10059 total (0 active), CPU time: mean = 7.991 us, total = 80.378 ms
	NodeManagerService.grpc_client.RequestResourceReport - 10059 total (0 active), CPU time: mean = 22.903 us, total = 230.383 ms
	NodeManagerService.grpc_client.UpdateResourceUsage - 10058 total (0 active), CPU time: mean = 7.163 us, total = 72.045 ms
	GcsInMemoryStore.Put - 1845 total (0 active), CPU time: mean = 32.247 us, total = 59.496 ms
	InternalKVGcsService.grpc_server.InternalKVPut - 1707 total (0 active), CPU time: mean = 14.827 us, total = 25.309 ms
	RayletLoadPulled - 1020 total (1 active), CPU time: mean = 62.935 us, total = 64.194 ms
	NodeManagerService.grpc_client.GetResourceLoad - 1014 total (0 active), CPU time: mean = 10.870 us, total = 11.023 ms
	GcsPlacementGroupManager.SchedulePendingPlacementGroups - 915 total (0 active), CPU time: mean = 76.716 ns, total = 70.195 us
	GcsInMemoryStore.Get - 523 total (0 active), CPU time: mean = 22.729 us, total = 11.887 ms
	InternalKVGcsService.grpc_server.InternalKVGet - 522 total (0 active), CPU time: mean = 11.428 us, total = 5.965 ms
	NodeResourceInfoGcsService.grpc_server.GetAllResourceUsage - 204 total (0 active), CPU time: mean = 109.930 us, total = 22.426 ms
	NodeInfoGcsService.grpc_server.GetAllNodeInfo - 121 total (0 active), CPU time: mean = 38.233 us, total = 4.626 ms
	GCSServer.deadline_timer.debug_state_dump - 102 total (1 active), CPU time: mean = 280.681 us, total = 28.629 ms
	StatsGcsService.grpc_server.AddProfileData - 52 total (0 active), CPU time: mean = 17.589 us, total = 914.619 us
	WorkerInfoGcsService.grpc_server.AddWorkerInfo - 18 total (0 active), CPU time: mean = 13.930 us, total = 250.741 us
	GCSServer.deadline_timer.debug_state_event_stats_print - 17 total (1 active, 1 running), CPU time: mean = 215.055 us, total = 3.656 ms
	CoreWorkerService.grpc_client.WaitForActorOutOfScope - 16 total (16 active), CPU time: mean = 0.000 s, total = 0.000 s
	CoreWorkerService.grpc_client.PushTask - 16 total (0 active), CPU time: mean = 141.065 us, total = 2.257 ms
	ActorInfoGcsService.grpc_server.RegisterActor - 16 total (0 active), CPU time: mean = 1.181 ms, total = 18.900 ms
	NodeManagerService.grpc_client.RequestWorkerLease - 16 total (0 active), CPU time: mean = 131.295 us, total = 2.101 ms
	ActorInfoGcsService.grpc_server.CreateActor - 16 total (0 active), CPU time: mean = 166.665 us, total = 2.667 ms
	ActorInfoGcsService.grpc_server.GetActorInfo - 16 total (0 active), CPU time: mean = 12.192 us, total = 195.068 us
	GcsInMemoryStore.GetAll - 10 total (0 active), CPU time: mean = 1.727 ms, total = 17.268 ms
	PeriodicalRunner.RunFnPeriodically - 4 total (0 active), CPU time: mean = 55.248 us, total = 220.992 us
	InternalKVGcsService.grpc_server.InternalKVKeys - 4 total (0 active), CPU time: mean = 14.688 us, total = 58.751 us
	GcsInMemoryStore.Keys - 4 total (0 active), CPU time: mean = 25.164 us, total = 100.657 us
	JobInfoGcsService.grpc_server.GetAllJobInfo - 3 total (0 active), CPU time: mean = 53.993 us, total = 161.980 us
	JobInfoGcsService.grpc_server.GetNextJobID - 1 total (0 active), CPU time: mean = 34.760 us, total = 34.760 us
	PlacementGroupInfoGcsService.grpc_server.CreatePlacementGroup - 1 total (0 active), CPU time: mean = 52.167 us, total = 52.167 us
	NodeInfoGcsService.grpc_server.GetInternalConfig - 1 total (0 active), CPU time: mean = 9.521 us, total = 9.521 us
	JobInfoGcsService.grpc_server.AddJob - 1 total (0 active), CPU time: mean = 74.986 us, total = 74.986 us
	GcsInMemoryStore.Exists - 1 total (0 active), CPU time: mean = 19.018 us, total = 19.018 us
	PlacementGroupInfoGcsService.grpc_server.GetAllPlacementGroup - 1 total (0 active), CPU time: mean = 12.743 us, total = 12.743 us
	InternalKVGcsService.grpc_server.InternalKVExists - 1 total (0 active), CPU time: mean = 16.524 us, total = 16.524 us
	InternalKVGcsService.grpc_server.InternalKVDel - 1 total (0 active), CPU time: mean = 12.304 us, total = 12.304 us
	PlacementGroupInfoGcsService.grpc_server.GetPlacementGroup - 1 total (0 active), CPU time: mean = 46.228 us, total = 46.228 us
	NodeInfoGcsService.grpc_server.RegisterNode - 1 total (0 active), CPU time: mean = 56.550 us, total = 56.550 us
	GcsInMemoryStore.Delete - 1 total (0 active), CPU time: mean = 18.817 us, total = 18.817 us


[2026-01-30 14:20:25,950 I 3413005 3413005] (gcs_server) gcs_server.cc:186: GcsNodeManager: 
- RegisterNode request count: 1
- DrainNode request count: 0
- GetAllNodeInfo request count: 127
- GetInternalConfig request count: 1

GcsActorManager: 
- RegisterActor request count: 16
- CreateActor request count: 16
- GetActorInfo request count: 16
- GetNamedActorInfo request count: 0
- GetAllActorInfo request count: 0
- KillActor request count: 0
- ListNamedActors request count: 0
- Registered actors count: 16
- Destroyed actors count: 0
- Named actors count: 0
- Unresolved actors count: 0
- Pending actors count: 0
- Created actors count: 1
- owners_: 1
- actor_to_register_callbacks_: 0
- actor_to_create_callbacks_: 0
- sorted_destroyed_actor_list_: 0

GcsResourceManager: 
- GetResources request count: 0
- GetAllAvailableResources request count0
- ReportResourceUsage request count: 0
- GetAllResourceUsage request count: 216

GcsPlacementGroupManager: 
- CreatePlacementGroup request count: 1
- RemovePlacementGroup request count: 0
- GetPlacementGroup request count: 1
- GetAllPlacementGroup request count: 1
- WaitPlacementGroupUntilReady request count: 0
- GetNamedPlacementGroup request count: 0
- Scheduling pending placement group count: 1950
- Registered placement groups count: 1
- Named placement group count: 1
- Pending placement groups count: 1
- Infeasible placement groups count: 0

GcsPublisher {}

[runtime env manager] ID to URIs table:
[runtime env manager] URIs reference table:

GrpcBasedResourceBroadcaster:
- Tracked nodes: 1
[2026-01-30 14:20:25,950 I 3413005 3413005] (gcs_server) gcs_server.cc:736: Event stats:


Global stats: 51347 total (20 active)
Queueing time: mean = 11.015 us, max = 16.617 ms, min = 748.000 ns, total = 565.571 ms
Execution time:  mean = 14.747 us, total = 757.214 ms
Event stats:
	RaySyncer.deadline_timer.report_resource_report - 10799 total (1 active), CPU time: mean = 5.234 us, total = 56.526 ms
	NodeManagerService.grpc_client.UpdateResourceUsage - 10653 total (0 active), CPU time: mean = 7.145 us, total = 76.115 ms
	ResourceUpdate - 10653 total (0 active), CPU time: mean = 8.003 us, total = 85.260 ms
	NodeManagerService.grpc_client.RequestResourceReport - 10653 total (0 active), CPU time: mean = 22.897 us, total = 243.922 ms
	GcsInMemoryStore.Put - 1929 total (0 active), CPU time: mean = 32.206 us, total = 62.125 ms
	InternalKVGcsService.grpc_server.InternalKVPut - 1791 total (0 active), CPU time: mean = 14.968 us, total = 26.809 ms
	RayletLoadPulled - 1080 total (1 active), CPU time: mean = 62.938 us, total = 67.973 ms
	NodeManagerService.grpc_client.GetResourceLoad - 1074 total (0 active), CPU time: mean = 10.837 us, total = 11.639 ms
	GcsPlacementGroupManager.SchedulePendingPlacementGroups - 975 total (0 active), CPU time: mean = 76.883 ns, total = 74.961 us
	GcsInMemoryStore.Get - 535 total (0 active), CPU time: mean = 22.769 us, total = 12.182 ms
	InternalKVGcsService.grpc_server.InternalKVGet - 534 total (0 active), CPU time: mean = 11.613 us, total = 6.202 ms
	NodeResourceInfoGcsService.grpc_server.GetAllResourceUsage - 216 total (0 active), CPU time: mean = 110.577 us, total = 23.885 ms
	NodeInfoGcsService.grpc_server.GetAllNodeInfo - 127 total (0 active), CPU time: mean = 38.437 us, total = 4.882 ms
	GCSServer.deadline_timer.debug_state_dump - 108 total (1 active), CPU time: mean = 280.666 us, total = 30.312 ms
	StatsGcsService.grpc_server.AddProfileData - 52 total (0 active), CPU time: mean = 17.589 us, total = 914.619 us
	GCSServer.deadline_timer.debug_state_event_stats_print - 18 total (1 active, 1 running), CPU time: mean = 214.443 us, total = 3.860 ms
	WorkerInfoGcsService.grpc_server.AddWorkerInfo - 18 total (0 active), CPU time: mean = 13.930 us, total = 250.741 us
	CoreWorkerService.grpc_client.WaitForActorOutOfScope - 16 total (16 active), CPU time: mean = 0.000 s, total = 0.000 s
	CoreWorkerService.grpc_client.PushTask - 16 total (0 active), CPU time: mean = 141.065 us, total = 2.257 ms
	ActorInfoGcsService.grpc_server.RegisterActor - 16 total (0 active), CPU time: mean = 1.181 ms, total = 18.900 ms
	NodeManagerService.grpc_client.RequestWorkerLease - 16 total (0 active), CPU time: mean = 131.295 us, total = 2.101 ms
	ActorInfoGcsService.grpc_server.CreateActor - 16 total (0 active), CPU time: mean = 166.665 us, total = 2.667 ms
	ActorInfoGcsService.grpc_server.GetActorInfo - 16 total (0 active), CPU time: mean = 12.192 us, total = 195.068 us
	GcsInMemoryStore.GetAll - 10 total (0 active), CPU time: mean = 1.727 ms, total = 17.268 ms
	PeriodicalRunner.RunFnPeriodically - 4 total (0 active), CPU time: mean = 55.248 us, total = 220.992 us
	InternalKVGcsService.grpc_server.InternalKVKeys - 4 total (0 active), CPU time: mean = 14.688 us, total = 58.751 us
	GcsInMemoryStore.Keys - 4 total (0 active), CPU time: mean = 25.164 us, total = 100.657 us
	JobInfoGcsService.grpc_server.GetAllJobInfo - 3 total (0 active), CPU time: mean = 53.993 us, total = 161.980 us
	JobInfoGcsService.grpc_server.GetNextJobID - 1 total (0 active), CPU time: mean = 34.760 us, total = 34.760 us
	PlacementGroupInfoGcsService.grpc_server.CreatePlacementGroup - 1 total (0 active), CPU time: mean = 52.167 us, total = 52.167 us
	NodeInfoGcsService.grpc_server.GetInternalConfig - 1 total (0 active), CPU time: mean = 9.521 us, total = 9.521 us
	JobInfoGcsService.grpc_server.AddJob - 1 total (0 active), CPU time: mean = 74.986 us, total = 74.986 us
	GcsInMemoryStore.Exists - 1 total (0 active), CPU time: mean = 19.018 us, total = 19.018 us
	PlacementGroupInfoGcsService.grpc_server.GetAllPlacementGroup - 1 total (0 active), CPU time: mean = 12.743 us, total = 12.743 us
	InternalKVGcsService.grpc_server.InternalKVExists - 1 total (0 active), CPU time: mean = 16.524 us, total = 16.524 us
	InternalKVGcsService.grpc_server.InternalKVDel - 1 total (0 active), CPU time: mean = 12.304 us, total = 12.304 us
	PlacementGroupInfoGcsService.grpc_server.GetPlacementGroup - 1 total (0 active), CPU time: mean = 46.228 us, total = 46.228 us
	NodeInfoGcsService.grpc_server.RegisterNode - 1 total (0 active), CPU time: mean = 56.550 us, total = 56.550 us
	GcsInMemoryStore.Delete - 1 total (0 active), CPU time: mean = 18.817 us, total = 18.817 us


[2026-01-30 14:21:25,950 I 3413005 3413005] (gcs_server) gcs_server.cc:186: GcsNodeManager: 
- RegisterNode request count: 1
- DrainNode request count: 0
- GetAllNodeInfo request count: 133
- GetInternalConfig request count: 1

GcsActorManager: 
- RegisterActor request count: 16
- CreateActor request count: 16
- GetActorInfo request count: 16
- GetNamedActorInfo request count: 0
- GetAllActorInfo request count: 0
- KillActor request count: 0
- ListNamedActors request count: 0
- Registered actors count: 16
- Destroyed actors count: 0
- Named actors count: 0
- Unresolved actors count: 0
- Pending actors count: 0
- Created actors count: 1
- owners_: 1
- actor_to_register_callbacks_: 0
- actor_to_create_callbacks_: 0
- sorted_destroyed_actor_list_: 0

GcsResourceManager: 
- GetResources request count: 0
- GetAllAvailableResources request count0
- ReportResourceUsage request count: 0
- GetAllResourceUsage request count: 228

GcsPlacementGroupManager: 
- CreatePlacementGroup request count: 1
- RemovePlacementGroup request count: 0
- GetPlacementGroup request count: 1
- GetAllPlacementGroup request count: 1
- WaitPlacementGroupUntilReady request count: 0
- GetNamedPlacementGroup request count: 0
- Scheduling pending placement group count: 2070
- Registered placement groups count: 1
- Named placement group count: 1
- Pending placement groups count: 1
- Infeasible placement groups count: 0

GcsPublisher {}

[runtime env manager] ID to URIs table:
[runtime env manager] URIs reference table:

GrpcBasedResourceBroadcaster:
- Tracked nodes: 1
[2026-01-30 14:21:25,950 I 3413005 3413005] (gcs_server) gcs_server.cc:736: Event stats:


Global stats: 54124 total (20 active)
Queueing time: mean = 10.975 us, max = 16.617 ms, min = 748.000 ns, total = 593.996 ms
Execution time:  mean = 14.726 us, total = 797.014 ms
Event stats:
	RaySyncer.deadline_timer.report_resource_report - 11399 total (1 active), CPU time: mean = 5.241 us, total = 59.738 ms
	NodeManagerService.grpc_client.UpdateResourceUsage - 11247 total (0 active), CPU time: mean = 7.145 us, total = 80.363 ms
	ResourceUpdate - 11247 total (0 active), CPU time: mean = 8.093 us, total = 91.021 ms
	NodeManagerService.grpc_client.RequestResourceReport - 11247 total (0 active), CPU time: mean = 22.894 us, total = 257.494 ms
	GcsInMemoryStore.Put - 2012 total (0 active), CPU time: mean = 32.305 us, total = 64.997 ms
	InternalKVGcsService.grpc_server.InternalKVPut - 1874 total (0 active), CPU time: mean = 15.108 us, total = 28.312 ms
	RayletLoadPulled - 1140 total (1 active), CPU time: mean = 62.618 us, total = 71.385 ms
	NodeManagerService.grpc_client.GetResourceLoad - 1134 total (0 active), CPU time: mean = 10.805 us, total = 12.253 ms
	GcsPlacementGroupManager.SchedulePendingPlacementGroups - 1035 total (0 active), CPU time: mean = 76.923 ns, total = 79.615 us
	GcsInMemoryStore.Get - 547 total (0 active), CPU time: mean = 22.825 us, total = 12.486 ms
	InternalKVGcsService.grpc_server.InternalKVGet - 546 total (0 active), CPU time: mean = 11.947 us, total = 6.523 ms
	NodeResourceInfoGcsService.grpc_server.GetAllResourceUsage - 228 total (0 active), CPU time: mean = 111.927 us, total = 25.519 ms
	NodeInfoGcsService.grpc_server.GetAllNodeInfo - 133 total (0 active), CPU time: mean = 39.324 us, total = 5.230 ms
	GCSServer.deadline_timer.debug_state_dump - 114 total (1 active), CPU time: mean = 281.431 us, total = 32.083 ms
	StatsGcsService.grpc_server.AddProfileData - 52 total (0 active), CPU time: mean = 17.589 us, total = 914.619 us
	GCSServer.deadline_timer.debug_state_event_stats_print - 19 total (1 active, 1 running), CPU time: mean = 214.806 us, total = 4.081 ms
	WorkerInfoGcsService.grpc_server.AddWorkerInfo - 18 total (0 active), CPU time: mean = 13.930 us, total = 250.741 us
	CoreWorkerService.grpc_client.WaitForActorOutOfScope - 16 total (16 active), CPU time: mean = 0.000 s, total = 0.000 s
	CoreWorkerService.grpc_client.PushTask - 16 total (0 active), CPU time: mean = 141.065 us, total = 2.257 ms
	ActorInfoGcsService.grpc_server.RegisterActor - 16 total (0 active), CPU time: mean = 1.181 ms, total = 18.900 ms
	NodeManagerService.grpc_client.RequestWorkerLease - 16 total (0 active), CPU time: mean = 131.295 us, total = 2.101 ms
	ActorInfoGcsService.grpc_server.CreateActor - 16 total (0 active), CPU time: mean = 166.665 us, total = 2.667 ms
	ActorInfoGcsService.grpc_server.GetActorInfo - 16 total (0 active), CPU time: mean = 12.192 us, total = 195.068 us
	GcsInMemoryStore.GetAll - 10 total (0 active), CPU time: mean = 1.727 ms, total = 17.268 ms
	PeriodicalRunner.RunFnPeriodically - 4 total (0 active), CPU time: mean = 55.248 us, total = 220.992 us
	InternalKVGcsService.grpc_server.InternalKVKeys - 4 total (0 active), CPU time: mean = 14.688 us, total = 58.751 us
	GcsInMemoryStore.Keys - 4 total (0 active), CPU time: mean = 25.164 us, total = 100.657 us
	JobInfoGcsService.grpc_server.GetAllJobInfo - 3 total (0 active), CPU time: mean = 53.993 us, total = 161.980 us
	JobInfoGcsService.grpc_server.GetNextJobID - 1 total (0 active), CPU time: mean = 34.760 us, total = 34.760 us
	PlacementGroupInfoGcsService.grpc_server.CreatePlacementGroup - 1 total (0 active), CPU time: mean = 52.167 us, total = 52.167 us
	NodeInfoGcsService.grpc_server.GetInternalConfig - 1 total (0 active), CPU time: mean = 9.521 us, total = 9.521 us
	JobInfoGcsService.grpc_server.AddJob - 1 total (0 active), CPU time: mean = 74.986 us, total = 74.986 us
	GcsInMemoryStore.Exists - 1 total (0 active), CPU time: mean = 19.018 us, total = 19.018 us
	PlacementGroupInfoGcsService.grpc_server.GetAllPlacementGroup - 1 total (0 active), CPU time: mean = 12.743 us, total = 12.743 us
	InternalKVGcsService.grpc_server.InternalKVExists - 1 total (0 active), CPU time: mean = 16.524 us, total = 16.524 us
	InternalKVGcsService.grpc_server.InternalKVDel - 1 total (0 active), CPU time: mean = 12.304 us, total = 12.304 us
	PlacementGroupInfoGcsService.grpc_server.GetPlacementGroup - 1 total (0 active), CPU time: mean = 46.228 us, total = 46.228 us
	NodeInfoGcsService.grpc_server.RegisterNode - 1 total (0 active), CPU time: mean = 56.550 us, total = 56.550 us
	GcsInMemoryStore.Delete - 1 total (0 active), CPU time: mean = 18.817 us, total = 18.817 us


[2026-01-30 14:22:25,950 I 3413005 3413005] (gcs_server) gcs_server.cc:186: GcsNodeManager: 
- RegisterNode request count: 1
- DrainNode request count: 0
- GetAllNodeInfo request count: 139
- GetInternalConfig request count: 1

GcsActorManager: 
- RegisterActor request count: 16
- CreateActor request count: 16
- GetActorInfo request count: 16
- GetNamedActorInfo request count: 0
- GetAllActorInfo request count: 0
- KillActor request count: 0
- ListNamedActors request count: 0
- Registered actors count: 16
- Destroyed actors count: 0
- Named actors count: 0
- Unresolved actors count: 0
- Pending actors count: 0
- Created actors count: 1
- owners_: 1
- actor_to_register_callbacks_: 0
- actor_to_create_callbacks_: 0
- sorted_destroyed_actor_list_: 0

GcsResourceManager: 
- GetResources request count: 0
- GetAllAvailableResources request count0
- ReportResourceUsage request count: 0
- GetAllResourceUsage request count: 239

GcsPlacementGroupManager: 
- CreatePlacementGroup request count: 1
- RemovePlacementGroup request count: 0
- GetPlacementGroup request count: 1
- GetAllPlacementGroup request count: 1
- WaitPlacementGroupUntilReady request count: 0
- GetNamedPlacementGroup request count: 0
- Scheduling pending placement group count: 2190
- Registered placement groups count: 1
- Named placement group count: 1
- Pending placement groups count: 1
- Infeasible placement groups count: 0

GcsPublisher {}

[runtime env manager] ID to URIs table:
[runtime env manager] URIs reference table:

GrpcBasedResourceBroadcaster:
- Tracked nodes: 1
[2026-01-30 14:22:25,951 I 3413005 3413005] (gcs_server) gcs_server.cc:736: Event stats:


Global stats: 56902 total (20 active)
Queueing time: mean = 10.905 us, max = 16.617 ms, min = 748.000 ns, total = 620.501 ms
Execution time:  mean = 14.663 us, total = 834.358 ms
Event stats:
	RaySyncer.deadline_timer.report_resource_report - 11999 total (1 active), CPU time: mean = 5.252 us, total = 63.015 ms
	NodeManagerService.grpc_client.UpdateResourceUsage - 11843 total (0 active), CPU time: mean = 7.145 us, total = 84.624 ms
	ResourceUpdate - 11843 total (0 active), CPU time: mean = 8.086 us, total = 95.768 ms
	NodeManagerService.grpc_client.RequestResourceReport - 11843 total (0 active), CPU time: mean = 22.837 us, total = 270.455 ms
	GcsInMemoryStore.Put - 2094 total (0 active), CPU time: mean = 32.209 us, total = 67.447 ms
	InternalKVGcsService.grpc_server.InternalKVPut - 1956 total (0 active), CPU time: mean = 15.109 us, total = 29.552 ms
	RayletLoadPulled - 1200 total (1 active), CPU time: mean = 62.501 us, total = 75.001 ms
	NodeManagerService.grpc_client.GetResourceLoad - 1194 total (0 active), CPU time: mean = 10.826 us, total = 12.926 ms
	GcsPlacementGroupManager.SchedulePendingPlacementGroups - 1095 total (0 active), CPU time: mean = 77.255 ns, total = 84.594 us
	GcsInMemoryStore.Get - 558 total (0 active), CPU time: mean = 22.893 us, total = 12.774 ms
	InternalKVGcsService.grpc_server.InternalKVGet - 557 total (0 active), CPU time: mean = 12.086 us, total = 6.732 ms
	NodeResourceInfoGcsService.grpc_server.GetAllResourceUsage - 239 total (0 active), CPU time: mean = 112.467 us, total = 26.880 ms
	NodeInfoGcsService.grpc_server.GetAllNodeInfo - 139 total (0 active), CPU time: mean = 39.784 us, total = 5.530 ms
	GCSServer.deadline_timer.debug_state_dump - 120 total (1 active), CPU time: mean = 281.419 us, total = 33.770 ms
	StatsGcsService.grpc_server.AddProfileData - 52 total (0 active), CPU time: mean = 17.589 us, total = 914.619 us
	GCSServer.deadline_timer.debug_state_event_stats_print - 20 total (1 active, 1 running), CPU time: mean = 217.548 us, total = 4.351 ms
	WorkerInfoGcsService.grpc_server.AddWorkerInfo - 18 total (0 active), CPU time: mean = 13.930 us, total = 250.741 us
	CoreWorkerService.grpc_client.WaitForActorOutOfScope - 16 total (16 active), CPU time: mean = 0.000 s, total = 0.000 s
	CoreWorkerService.grpc_client.PushTask - 16 total (0 active), CPU time: mean = 141.065 us, total = 2.257 ms
	ActorInfoGcsService.grpc_server.RegisterActor - 16 total (0 active), CPU time: mean = 1.181 ms, total = 18.900 ms
	NodeManagerService.grpc_client.RequestWorkerLease - 16 total (0 active), CPU time: mean = 131.295 us, total = 2.101 ms
	ActorInfoGcsService.grpc_server.CreateActor - 16 total (0 active), CPU time: mean = 166.665 us, total = 2.667 ms
	ActorInfoGcsService.grpc_server.GetActorInfo - 16 total (0 active), CPU time: mean = 12.192 us, total = 195.068 us
	GcsInMemoryStore.GetAll - 10 total (0 active), CPU time: mean = 1.727 ms, total = 17.268 ms
	PeriodicalRunner.RunFnPeriodically - 4 total (0 active), CPU time: mean = 55.248 us, total = 220.992 us
	InternalKVGcsService.grpc_server.InternalKVKeys - 4 total (0 active), CPU time: mean = 14.688 us, total = 58.751 us
	GcsInMemoryStore.Keys - 4 total (0 active), CPU time: mean = 25.164 us, total = 100.657 us
	JobInfoGcsService.grpc_server.GetAllJobInfo - 3 total (0 active), CPU time: mean = 53.993 us, total = 161.980 us
	JobInfoGcsService.grpc_server.GetNextJobID - 1 total (0 active), CPU time: mean = 34.760 us, total = 34.760 us
	PlacementGroupInfoGcsService.grpc_server.CreatePlacementGroup - 1 total (0 active), CPU time: mean = 52.167 us, total = 52.167 us
	NodeInfoGcsService.grpc_server.GetInternalConfig - 1 total (0 active), CPU time: mean = 9.521 us, total = 9.521 us
	JobInfoGcsService.grpc_server.AddJob - 1 total (0 active), CPU time: mean = 74.986 us, total = 74.986 us
	GcsInMemoryStore.Exists - 1 total (0 active), CPU time: mean = 19.018 us, total = 19.018 us
	PlacementGroupInfoGcsService.grpc_server.GetAllPlacementGroup - 1 total (0 active), CPU time: mean = 12.743 us, total = 12.743 us
	InternalKVGcsService.grpc_server.InternalKVExists - 1 total (0 active), CPU time: mean = 16.524 us, total = 16.524 us
	InternalKVGcsService.grpc_server.InternalKVDel - 1 total (0 active), CPU time: mean = 12.304 us, total = 12.304 us
	PlacementGroupInfoGcsService.grpc_server.GetPlacementGroup - 1 total (0 active), CPU time: mean = 46.228 us, total = 46.228 us
	NodeInfoGcsService.grpc_server.RegisterNode - 1 total (0 active), CPU time: mean = 56.550 us, total = 56.550 us
	GcsInMemoryStore.Delete - 1 total (0 active), CPU time: mean = 18.817 us, total = 18.817 us


[2026-01-30 14:23:25,951 I 3413005 3413005] (gcs_server) gcs_server.cc:186: GcsNodeManager: 
- RegisterNode request count: 1
- DrainNode request count: 0
- GetAllNodeInfo request count: 145
- GetInternalConfig request count: 1

GcsActorManager: 
- RegisterActor request count: 16
- CreateActor request count: 16
- GetActorInfo request count: 16
- GetNamedActorInfo request count: 0
- GetAllActorInfo request count: 0
- KillActor request count: 0
- ListNamedActors request count: 0
- Registered actors count: 16
- Destroyed actors count: 0
- Named actors count: 0
- Unresolved actors count: 0
- Pending actors count: 0
- Created actors count: 1
- owners_: 1
- actor_to_register_callbacks_: 0
- actor_to_create_callbacks_: 0
- sorted_destroyed_actor_list_: 0

GcsResourceManager: 
- GetResources request count: 0
- GetAllAvailableResources request count0
- ReportResourceUsage request count: 0
- GetAllResourceUsage request count: 251

GcsPlacementGroupManager: 
- CreatePlacementGroup request count: 1
- RemovePlacementGroup request count: 0
- GetPlacementGroup request count: 1
- GetAllPlacementGroup request count: 1
- WaitPlacementGroupUntilReady request count: 0
- GetNamedPlacementGroup request count: 0
- Scheduling pending placement group count: 2310
- Registered placement groups count: 1
- Named placement group count: 1
- Pending placement groups count: 1
- Infeasible placement groups count: 0

GcsPublisher {}

[runtime env manager] ID to URIs table:
[runtime env manager] URIs reference table:

GrpcBasedResourceBroadcaster:
- Tracked nodes: 1
[2026-01-30 14:23:25,951 I 3413005 3413005] (gcs_server) gcs_server.cc:736: Event stats:


Global stats: 59684 total (20 active)
Queueing time: mean = 10.845 us, max = 16.617 ms, min = 748.000 ns, total = 647.278 ms
Execution time:  mean = 14.589 us, total = 870.749 ms
Event stats:
	RaySyncer.deadline_timer.report_resource_report - 12599 total (1 active), CPU time: mean = 5.246 us, total = 66.091 ms
	NodeManagerService.grpc_client.UpdateResourceUsage - 12438 total (0 active), CPU time: mean = 7.113 us, total = 88.467 ms
	ResourceUpdate - 12438 total (0 active), CPU time: mean = 8.093 us, total = 100.659 ms
	NodeManagerService.grpc_client.RequestResourceReport - 12438 total (0 active), CPU time: mean = 22.769 us, total = 283.195 ms
	GcsInMemoryStore.Put - 2178 total (0 active), CPU time: mean = 32.024 us, total = 69.749 ms
	InternalKVGcsService.grpc_server.InternalKVPut - 2040 total (0 active), CPU time: mean = 15.142 us, total = 30.890 ms
	RayletLoadPulled - 1260 total (1 active), CPU time: mean = 62.297 us, total = 78.494 ms
	NodeManagerService.grpc_client.GetResourceLoad - 1254 total (0 active), CPU time: mean = 10.823 us, total = 13.573 ms
	GcsPlacementGroupManager.SchedulePendingPlacementGroups - 1155 total (0 active), CPU time: mean = 77.893 ns, total = 89.966 us
	GcsInMemoryStore.Get - 570 total (0 active), CPU time: mean = 22.937 us, total = 13.074 ms
	InternalKVGcsService.grpc_server.InternalKVGet - 569 total (0 active), CPU time: mean = 12.232 us, total = 6.960 ms
	NodeResourceInfoGcsService.grpc_server.GetAllResourceUsage - 251 total (0 active), CPU time: mean = 112.150 us, total = 28.150 ms
	NodeInfoGcsService.grpc_server.GetAllNodeInfo - 145 total (0 active), CPU time: mean = 40.647 us, total = 5.894 ms
	GCSServer.deadline_timer.debug_state_dump - 126 total (1 active), CPU time: mean = 281.354 us, total = 35.451 ms
	StatsGcsService.grpc_server.AddProfileData - 52 total (0 active), CPU time: mean = 17.589 us, total = 914.619 us
	GCSServer.deadline_timer.debug_state_event_stats_print - 21 total (1 active, 1 running), CPU time: mean = 217.380 us, total = 4.565 ms
	WorkerInfoGcsService.grpc_server.AddWorkerInfo - 18 total (0 active), CPU time: mean = 13.930 us, total = 250.741 us
	CoreWorkerService.grpc_client.WaitForActorOutOfScope - 16 total (16 active), CPU time: mean = 0.000 s, total = 0.000 s
	CoreWorkerService.grpc_client.PushTask - 16 total (0 active), CPU time: mean = 141.065 us, total = 2.257 ms
	ActorInfoGcsService.grpc_server.RegisterActor - 16 total (0 active), CPU time: mean = 1.181 ms, total = 18.900 ms
	NodeManagerService.grpc_client.RequestWorkerLease - 16 total (0 active), CPU time: mean = 131.295 us, total = 2.101 ms
	ActorInfoGcsService.grpc_server.CreateActor - 16 total (0 active), CPU time: mean = 166.665 us, total = 2.667 ms
	ActorInfoGcsService.grpc_server.GetActorInfo - 16 total (0 active), CPU time: mean = 12.192 us, total = 195.068 us
	GcsInMemoryStore.GetAll - 10 total (0 active), CPU time: mean = 1.727 ms, total = 17.268 ms
	PeriodicalRunner.RunFnPeriodically - 4 total (0 active), CPU time: mean = 55.248 us, total = 220.992 us
	InternalKVGcsService.grpc_server.InternalKVKeys - 4 total (0 active), CPU time: mean = 14.688 us, total = 58.751 us
	GcsInMemoryStore.Keys - 4 total (0 active), CPU time: mean = 25.164 us, total = 100.657 us
	JobInfoGcsService.grpc_server.GetAllJobInfo - 3 total (0 active), CPU time: mean = 53.993 us, total = 161.980 us
	JobInfoGcsService.grpc_server.GetNextJobID - 1 total (0 active), CPU time: mean = 34.760 us, total = 34.760 us
	PlacementGroupInfoGcsService.grpc_server.CreatePlacementGroup - 1 total (0 active), CPU time: mean = 52.167 us, total = 52.167 us
	NodeInfoGcsService.grpc_server.GetInternalConfig - 1 total (0 active), CPU time: mean = 9.521 us, total = 9.521 us
	JobInfoGcsService.grpc_server.AddJob - 1 total (0 active), CPU time: mean = 74.986 us, total = 74.986 us
	GcsInMemoryStore.Exists - 1 total (0 active), CPU time: mean = 19.018 us, total = 19.018 us
	PlacementGroupInfoGcsService.grpc_server.GetAllPlacementGroup - 1 total (0 active), CPU time: mean = 12.743 us, total = 12.743 us
	InternalKVGcsService.grpc_server.InternalKVExists - 1 total (0 active), CPU time: mean = 16.524 us, total = 16.524 us
	InternalKVGcsService.grpc_server.InternalKVDel - 1 total (0 active), CPU time: mean = 12.304 us, total = 12.304 us
	PlacementGroupInfoGcsService.grpc_server.GetPlacementGroup - 1 total (0 active), CPU time: mean = 46.228 us, total = 46.228 us
	NodeInfoGcsService.grpc_server.RegisterNode - 1 total (0 active), CPU time: mean = 56.550 us, total = 56.550 us
	GcsInMemoryStore.Delete - 1 total (0 active), CPU time: mean = 18.817 us, total = 18.817 us


[2026-01-30 14:24:25,951 I 3413005 3413005] (gcs_server) gcs_server.cc:186: GcsNodeManager: 
- RegisterNode request count: 1
- DrainNode request count: 0
- GetAllNodeInfo request count: 151
- GetInternalConfig request count: 1

GcsActorManager: 
- RegisterActor request count: 16
- CreateActor request count: 16
- GetActorInfo request count: 16
- GetNamedActorInfo request count: 0
- GetAllActorInfo request count: 0
- KillActor request count: 0
- ListNamedActors request count: 0
- Registered actors count: 16
- Destroyed actors count: 0
- Named actors count: 0
- Unresolved actors count: 0
- Pending actors count: 0
- Created actors count: 1
- owners_: 1
- actor_to_register_callbacks_: 0
- actor_to_create_callbacks_: 0
- sorted_destroyed_actor_list_: 0

GcsResourceManager: 
- GetResources request count: 0
- GetAllAvailableResources request count0
- ReportResourceUsage request count: 0
- GetAllResourceUsage request count: 263

GcsPlacementGroupManager: 
- CreatePlacementGroup request count: 1
- RemovePlacementGroup request count: 0
- GetPlacementGroup request count: 1
- GetAllPlacementGroup request count: 1
- WaitPlacementGroupUntilReady request count: 0
- GetNamedPlacementGroup request count: 0
- Scheduling pending placement group count: 2430
- Registered placement groups count: 1
- Named placement group count: 1
- Pending placement groups count: 1
- Infeasible placement groups count: 0

GcsPublisher {}

[runtime env manager] ID to URIs table:
[runtime env manager] URIs reference table:

GrpcBasedResourceBroadcaster:
- Tracked nodes: 1
[2026-01-30 14:24:25,951 I 3413005 3413005] (gcs_server) gcs_server.cc:736: Event stats:


Global stats: 62467 total (20 active)
Queueing time: mean = 10.789 us, max = 16.617 ms, min = 748.000 ns, total = 673.964 ms
Execution time:  mean = 14.509 us, total = 906.313 ms
Event stats:
	RaySyncer.deadline_timer.report_resource_report - 13198 total (1 active), CPU time: mean = 5.226 us, total = 68.979 ms
	ResourceUpdate - 13034 total (0 active), CPU time: mean = 8.077 us, total = 105.275 ms
	NodeManagerService.grpc_client.RequestResourceReport - 13034 total (0 active), CPU time: mean = 22.666 us, total = 295.425 ms
	NodeManagerService.grpc_client.UpdateResourceUsage - 13033 total (0 active), CPU time: mean = 7.086 us, total = 92.352 ms
	GcsInMemoryStore.Put - 2262 total (0 active), CPU time: mean = 31.967 us, total = 72.310 ms
	InternalKVGcsService.grpc_server.InternalKVPut - 2124 total (0 active), CPU time: mean = 15.207 us, total = 32.300 ms
	RayletLoadPulled - 1320 total (1 active), CPU time: mean = 62.018 us, total = 81.864 ms
	NodeManagerService.grpc_client.GetResourceLoad - 1314 total (0 active), CPU time: mean = 10.831 us, total = 14.232 ms
	GcsPlacementGroupManager.SchedulePendingPlacementGroups - 1215 total (0 active), CPU time: mean = 78.630 ns, total = 95.536 us
	GcsInMemoryStore.Get - 582 total (0 active), CPU time: mean = 22.971 us, total = 13.369 ms
	InternalKVGcsService.grpc_server.InternalKVGet - 581 total (0 active), CPU time: mean = 12.341 us, total = 7.170 ms
	NodeResourceInfoGcsService.grpc_server.GetAllResourceUsage - 263 total (0 active), CPU time: mean = 111.253 us, total = 29.259 ms
	NodeInfoGcsService.grpc_server.GetAllNodeInfo - 151 total (0 active), CPU time: mean = 41.238 us, total = 6.227 ms
	GCSServer.deadline_timer.debug_state_dump - 132 total (1 active), CPU time: mean = 281.722 us, total = 37.187 ms
	StatsGcsService.grpc_server.AddProfileData - 52 total (0 active), CPU time: mean = 17.589 us, total = 914.619 us
	GCSServer.deadline_timer.debug_state_event_stats_print - 22 total (1 active, 1 running), CPU time: mean = 219.035 us, total = 4.819 ms
	WorkerInfoGcsService.grpc_server.AddWorkerInfo - 18 total (0 active), CPU time: mean = 13.930 us, total = 250.741 us
	CoreWorkerService.grpc_client.WaitForActorOutOfScope - 16 total (16 active), CPU time: mean = 0.000 s, total = 0.000 s
	CoreWorkerService.grpc_client.PushTask - 16 total (0 active), CPU time: mean = 141.065 us, total = 2.257 ms
	ActorInfoGcsService.grpc_server.RegisterActor - 16 total (0 active), CPU time: mean = 1.181 ms, total = 18.900 ms
	NodeManagerService.grpc_client.RequestWorkerLease - 16 total (0 active), CPU time: mean = 131.295 us, total = 2.101 ms
	ActorInfoGcsService.grpc_server.CreateActor - 16 total (0 active), CPU time: mean = 166.665 us, total = 2.667 ms
	ActorInfoGcsService.grpc_server.GetActorInfo - 16 total (0 active), CPU time: mean = 12.192 us, total = 195.068 us
	GcsInMemoryStore.GetAll - 10 total (0 active), CPU time: mean = 1.727 ms, total = 17.268 ms
	PeriodicalRunner.RunFnPeriodically - 4 total (0 active), CPU time: mean = 55.248 us, total = 220.992 us
	InternalKVGcsService.grpc_server.InternalKVKeys - 4 total (0 active), CPU time: mean = 14.688 us, total = 58.751 us
	GcsInMemoryStore.Keys - 4 total (0 active), CPU time: mean = 25.164 us, total = 100.657 us
	JobInfoGcsService.grpc_server.GetAllJobInfo - 3 total (0 active), CPU time: mean = 53.993 us, total = 161.980 us
	JobInfoGcsService.grpc_server.GetNextJobID - 1 total (0 active), CPU time: mean = 34.760 us, total = 34.760 us
	PlacementGroupInfoGcsService.grpc_server.CreatePlacementGroup - 1 total (0 active), CPU time: mean = 52.167 us, total = 52.167 us
	NodeInfoGcsService.grpc_server.GetInternalConfig - 1 total (0 active), CPU time: mean = 9.521 us, total = 9.521 us
	JobInfoGcsService.grpc_server.AddJob - 1 total (0 active), CPU time: mean = 74.986 us, total = 74.986 us
	GcsInMemoryStore.Exists - 1 total (0 active), CPU time: mean = 19.018 us, total = 19.018 us
	PlacementGroupInfoGcsService.grpc_server.GetAllPlacementGroup - 1 total (0 active), CPU time: mean = 12.743 us, total = 12.743 us
	InternalKVGcsService.grpc_server.InternalKVExists - 1 total (0 active), CPU time: mean = 16.524 us, total = 16.524 us
	InternalKVGcsService.grpc_server.InternalKVDel - 1 total (0 active), CPU time: mean = 12.304 us, total = 12.304 us
	PlacementGroupInfoGcsService.grpc_server.GetPlacementGroup - 1 total (0 active), CPU time: mean = 46.228 us, total = 46.228 us
	NodeInfoGcsService.grpc_server.RegisterNode - 1 total (0 active), CPU time: mean = 56.550 us, total = 56.550 us
	GcsInMemoryStore.Delete - 1 total (0 active), CPU time: mean = 18.817 us, total = 18.817 us


[2026-01-30 14:25:25,951 I 3413005 3413005] (gcs_server) gcs_server.cc:186: GcsNodeManager: 
- RegisterNode request count: 1
- DrainNode request count: 0
- GetAllNodeInfo request count: 157
- GetInternalConfig request count: 1

GcsActorManager: 
- RegisterActor request count: 16
- CreateActor request count: 16
- GetActorInfo request count: 16
- GetNamedActorInfo request count: 0
- GetAllActorInfo request count: 0
- KillActor request count: 0
- ListNamedActors request count: 0
- Registered actors count: 16
- Destroyed actors count: 0
- Named actors count: 0
- Unresolved actors count: 0
- Pending actors count: 0
- Created actors count: 1
- owners_: 1
- actor_to_register_callbacks_: 0
- actor_to_create_callbacks_: 0
- sorted_destroyed_actor_list_: 0

GcsResourceManager: 
- GetResources request count: 0
- GetAllAvailableResources request count0
- ReportResourceUsage request count: 0
- GetAllResourceUsage request count: 275

GcsPlacementGroupManager: 
- CreatePlacementGroup request count: 1
- RemovePlacementGroup request count: 0
- GetPlacementGroup request count: 1
- GetAllPlacementGroup request count: 1
- WaitPlacementGroupUntilReady request count: 0
- GetNamedPlacementGroup request count: 0
- Scheduling pending placement group count: 2550
- Registered placement groups count: 1
- Named placement group count: 1
- Pending placement groups count: 1
- Infeasible placement groups count: 0

GcsPublisher {}

[runtime env manager] ID to URIs table:
[runtime env manager] URIs reference table:

GrpcBasedResourceBroadcaster:
- Tracked nodes: 1
[2026-01-30 14:25:25,951 I 3413005 3413005] (gcs_server) gcs_server.cc:736: Event stats:


Global stats: 65255 total (20 active)
Queueing time: mean = 10.739 us, max = 16.617 ms, min = 748.000 ns, total = 700.773 ms
Execution time:  mean = 14.466 us, total = 944.000 ms
Event stats:
	RaySyncer.deadline_timer.report_resource_report - 13798 total (1 active), CPU time: mean = 5.238 us, total = 72.273 ms
	ResourceUpdate - 13631 total (0 active), CPU time: mean = 8.088 us, total = 110.253 ms
	NodeManagerService.grpc_client.RequestResourceReport - 13631 total (0 active), CPU time: mean = 22.616 us, total = 308.276 ms
	NodeManagerService.grpc_client.UpdateResourceUsage - 13630 total (0 active), CPU time: mean = 7.089 us, total = 96.616 ms
	GcsInMemoryStore.Put - 2346 total (0 active), CPU time: mean = 31.941 us, total = 74.933 ms
	InternalKVGcsService.grpc_server.InternalKVPut - 2208 total (0 active), CPU time: mean = 15.272 us, total = 33.721 ms
	RayletLoadPulled - 1380 total (1 active), CPU time: mean = 61.871 us, total = 85.383 ms
	NodeManagerService.grpc_client.GetResourceLoad - 1374 total (0 active), CPU time: mean = 10.861 us, total = 14.923 ms
	GcsPlacementGroupManager.SchedulePendingPlacementGroups - 1275 total (0 active), CPU time: mean = 78.436 ns, total = 100.006 us
	GcsInMemoryStore.Get - 594 total (0 active), CPU time: mean = 22.978 us, total = 13.649 ms
	InternalKVGcsService.grpc_server.InternalKVGet - 593 total (0 active), CPU time: mean = 12.457 us, total = 7.387 ms
	NodeResourceInfoGcsService.grpc_server.GetAllResourceUsage - 275 total (0 active), CPU time: mean = 110.816 us, total = 30.474 ms
	NodeInfoGcsService.grpc_server.GetAllNodeInfo - 157 total (0 active), CPU time: mean = 42.049 us, total = 6.602 ms
	GCSServer.deadline_timer.debug_state_dump - 138 total (1 active), CPU time: mean = 282.081 us, total = 38.927 ms
	StatsGcsService.grpc_server.AddProfileData - 52 total (0 active), CPU time: mean = 17.589 us, total = 914.619 us
	GCSServer.deadline_timer.debug_state_event_stats_print - 23 total (1 active, 1 running), CPU time: mean = 218.893 us, total = 5.035 ms
	WorkerInfoGcsService.grpc_server.AddWorkerInfo - 18 total (0 active), CPU time: mean = 13.930 us, total = 250.741 us
	CoreWorkerService.grpc_client.WaitForActorOutOfScope - 16 total (16 active), CPU time: mean = 0.000 s, total = 0.000 s
	CoreWorkerService.grpc_client.PushTask - 16 total (0 active), CPU time: mean = 141.065 us, total = 2.257 ms
	ActorInfoGcsService.grpc_server.RegisterActor - 16 total (0 active), CPU time: mean = 1.181 ms, total = 18.900 ms
	NodeManagerService.grpc_client.RequestWorkerLease - 16 total (0 active), CPU time: mean = 131.295 us, total = 2.101 ms
	ActorInfoGcsService.grpc_server.CreateActor - 16 total (0 active), CPU time: mean = 166.665 us, total = 2.667 ms
	ActorInfoGcsService.grpc_server.GetActorInfo - 16 total (0 active), CPU time: mean = 12.192 us, total = 195.068 us
	GcsInMemoryStore.GetAll - 10 total (0 active), CPU time: mean = 1.727 ms, total = 17.268 ms
	PeriodicalRunner.RunFnPeriodically - 4 total (0 active), CPU time: mean = 55.248 us, total = 220.992 us
	InternalKVGcsService.grpc_server.InternalKVKeys - 4 total (0 active), CPU time: mean = 14.688 us, total = 58.751 us
	GcsInMemoryStore.Keys - 4 total (0 active), CPU time: mean = 25.164 us, total = 100.657 us
	JobInfoGcsService.grpc_server.GetAllJobInfo - 3 total (0 active), CPU time: mean = 53.993 us, total = 161.980 us
	JobInfoGcsService.grpc_server.GetNextJobID - 1 total (0 active), CPU time: mean = 34.760 us, total = 34.760 us
	PlacementGroupInfoGcsService.grpc_server.CreatePlacementGroup - 1 total (0 active), CPU time: mean = 52.167 us, total = 52.167 us
	NodeInfoGcsService.grpc_server.GetInternalConfig - 1 total (0 active), CPU time: mean = 9.521 us, total = 9.521 us
	JobInfoGcsService.grpc_server.AddJob - 1 total (0 active), CPU time: mean = 74.986 us, total = 74.986 us
	GcsInMemoryStore.Exists - 1 total (0 active), CPU time: mean = 19.018 us, total = 19.018 us
	PlacementGroupInfoGcsService.grpc_server.GetAllPlacementGroup - 1 total (0 active), CPU time: mean = 12.743 us, total = 12.743 us
	InternalKVGcsService.grpc_server.InternalKVExists - 1 total (0 active), CPU time: mean = 16.524 us, total = 16.524 us
	InternalKVGcsService.grpc_server.InternalKVDel - 1 total (0 active), CPU time: mean = 12.304 us, total = 12.304 us
	PlacementGroupInfoGcsService.grpc_server.GetPlacementGroup - 1 total (0 active), CPU time: mean = 46.228 us, total = 46.228 us
	NodeInfoGcsService.grpc_server.RegisterNode - 1 total (0 active), CPU time: mean = 56.550 us, total = 56.550 us
	GcsInMemoryStore.Delete - 1 total (0 active), CPU time: mean = 18.817 us, total = 18.817 us


[2026-01-30 14:26:25,951 I 3413005 3413005] (gcs_server) gcs_server.cc:186: GcsNodeManager: 
- RegisterNode request count: 1
- DrainNode request count: 0
- GetAllNodeInfo request count: 163
- GetInternalConfig request count: 1

GcsActorManager: 
- RegisterActor request count: 16
- CreateActor request count: 16
- GetActorInfo request count: 16
- GetNamedActorInfo request count: 0
- GetAllActorInfo request count: 0
- KillActor request count: 0
- ListNamedActors request count: 0
- Registered actors count: 16
- Destroyed actors count: 0
- Named actors count: 0
- Unresolved actors count: 0
- Pending actors count: 0
- Created actors count: 1
- owners_: 1
- actor_to_register_callbacks_: 0
- actor_to_create_callbacks_: 0
- sorted_destroyed_actor_list_: 0

GcsResourceManager: 
- GetResources request count: 0
- GetAllAvailableResources request count0
- ReportResourceUsage request count: 0
- GetAllResourceUsage request count: 287

GcsPlacementGroupManager: 
- CreatePlacementGroup request count: 1
- RemovePlacementGroup request count: 0
- GetPlacementGroup request count: 1
- GetAllPlacementGroup request count: 1
- WaitPlacementGroupUntilReady request count: 0
- GetNamedPlacementGroup request count: 0
- Scheduling pending placement group count: 2670
- Registered placement groups count: 1
- Named placement group count: 1
- Pending placement groups count: 1
- Infeasible placement groups count: 0

GcsPublisher {}

[runtime env manager] ID to URIs table:
[runtime env manager] URIs reference table:

GrpcBasedResourceBroadcaster:
- Tracked nodes: 1
[2026-01-30 14:26:25,952 I 3413005 3413005] (gcs_server) gcs_server.cc:736: Event stats:


Global stats: 68041 total (20 active)
Queueing time: mean = 10.707 us, max = 16.617 ms, min = 748.000 ns, total = 728.490 ms
Execution time:  mean = 14.433 us, total = 982.026 ms
Event stats:
	RaySyncer.deadline_timer.report_resource_report - 14398 total (1 active), CPU time: mean = 5.226 us, total = 75.237 ms
	ResourceUpdate - 14226 total (0 active), CPU time: mean = 8.101 us, total = 115.241 ms
	NodeManagerService.grpc_client.RequestResourceReport - 14226 total (0 active), CPU time: mean = 22.613 us, total = 321.693 ms
	NodeManagerService.grpc_client.UpdateResourceUsage - 14225 total (0 active), CPU time: mean = 7.059 us, total = 100.416 ms
	GcsInMemoryStore.Put - 2430 total (0 active), CPU time: mean = 31.886 us, total = 77.484 ms
	InternalKVGcsService.grpc_server.InternalKVPut - 2292 total (0 active), CPU time: mean = 15.333 us, total = 35.142 ms
	RayletLoadPulled - 1440 total (1 active), CPU time: mean = 62.174 us, total = 89.531 ms
	NodeManagerService.grpc_client.GetResourceLoad - 1434 total (0 active), CPU time: mean = 10.837 us, total = 15.540 ms
	GcsPlacementGroupManager.SchedulePendingPlacementGroups - 1335 total (0 active), CPU time: mean = 78.762 ns, total = 105.147 us
	GcsInMemoryStore.Get - 608 total (0 active), CPU time: mean = 23.060 us, total = 14.021 ms
	InternalKVGcsService.grpc_server.InternalKVGet - 607 total (0 active), CPU time: mean = 12.584 us, total = 7.638 ms
	NodeResourceInfoGcsService.grpc_server.GetAllResourceUsage - 287 total (0 active), CPU time: mean = 110.482 us, total = 31.708 ms
	NodeInfoGcsService.grpc_server.GetAllNodeInfo - 163 total (0 active), CPU time: mean = 42.425 us, total = 6.915 ms
	GCSServer.deadline_timer.debug_state_dump - 144 total (1 active), CPU time: mean = 282.062 us, total = 40.617 ms
	StatsGcsService.grpc_server.AddProfileData - 52 total (0 active), CPU time: mean = 17.589 us, total = 914.619 us
	GCSServer.deadline_timer.debug_state_event_stats_print - 24 total (1 active, 1 running), CPU time: mean = 220.426 us, total = 5.290 ms
	WorkerInfoGcsService.grpc_server.AddWorkerInfo - 18 total (0 active), CPU time: mean = 13.930 us, total = 250.741 us
	CoreWorkerService.grpc_client.WaitForActorOutOfScope - 16 total (16 active), CPU time: mean = 0.000 s, total = 0.000 s
	CoreWorkerService.grpc_client.PushTask - 16 total (0 active), CPU time: mean = 141.065 us, total = 2.257 ms
	ActorInfoGcsService.grpc_server.RegisterActor - 16 total (0 active), CPU time: mean = 1.181 ms, total = 18.900 ms
	NodeManagerService.grpc_client.RequestWorkerLease - 16 total (0 active), CPU time: mean = 131.295 us, total = 2.101 ms
	ActorInfoGcsService.grpc_server.CreateActor - 16 total (0 active), CPU time: mean = 166.665 us, total = 2.667 ms
	ActorInfoGcsService.grpc_server.GetActorInfo - 16 total (0 active), CPU time: mean = 12.192 us, total = 195.068 us
	GcsInMemoryStore.GetAll - 10 total (0 active), CPU time: mean = 1.727 ms, total = 17.268 ms
	PeriodicalRunner.RunFnPeriodically - 4 total (0 active), CPU time: mean = 55.248 us, total = 220.992 us
	InternalKVGcsService.grpc_server.InternalKVKeys - 4 total (0 active), CPU time: mean = 14.688 us, total = 58.751 us
	GcsInMemoryStore.Keys - 4 total (0 active), CPU time: mean = 25.164 us, total = 100.657 us
	JobInfoGcsService.grpc_server.GetAllJobInfo - 3 total (0 active), CPU time: mean = 53.993 us, total = 161.980 us
	JobInfoGcsService.grpc_server.GetNextJobID - 1 total (0 active), CPU time: mean = 34.760 us, total = 34.760 us
	PlacementGroupInfoGcsService.grpc_server.CreatePlacementGroup - 1 total (0 active), CPU time: mean = 52.167 us, total = 52.167 us
	NodeInfoGcsService.grpc_server.GetInternalConfig - 1 total (0 active), CPU time: mean = 9.521 us, total = 9.521 us
	JobInfoGcsService.grpc_server.AddJob - 1 total (0 active), CPU time: mean = 74.986 us, total = 74.986 us
	GcsInMemoryStore.Exists - 1 total (0 active), CPU time: mean = 19.018 us, total = 19.018 us
	PlacementGroupInfoGcsService.grpc_server.GetAllPlacementGroup - 1 total (0 active), CPU time: mean = 12.743 us, total = 12.743 us
	InternalKVGcsService.grpc_server.InternalKVExists - 1 total (0 active), CPU time: mean = 16.524 us, total = 16.524 us
	InternalKVGcsService.grpc_server.InternalKVDel - 1 total (0 active), CPU time: mean = 12.304 us, total = 12.304 us
	PlacementGroupInfoGcsService.grpc_server.GetPlacementGroup - 1 total (0 active), CPU time: mean = 46.228 us, total = 46.228 us
	NodeInfoGcsService.grpc_server.RegisterNode - 1 total (0 active), CPU time: mean = 56.550 us, total = 56.550 us
	GcsInMemoryStore.Delete - 1 total (0 active), CPU time: mean = 18.817 us, total = 18.817 us


[2026-01-30 14:27:25,952 I 3413005 3413005] (gcs_server) gcs_server.cc:186: GcsNodeManager: 
- RegisterNode request count: 1
- DrainNode request count: 0
- GetAllNodeInfo request count: 169
- GetInternalConfig request count: 1

GcsActorManager: 
- RegisterActor request count: 16
- CreateActor request count: 16
- GetActorInfo request count: 16
- GetNamedActorInfo request count: 0
- GetAllActorInfo request count: 0
- KillActor request count: 0
- ListNamedActors request count: 0
- Registered actors count: 16
- Destroyed actors count: 0
- Named actors count: 0
- Unresolved actors count: 0
- Pending actors count: 0
- Created actors count: 1
- owners_: 1
- actor_to_register_callbacks_: 0
- actor_to_create_callbacks_: 0
- sorted_destroyed_actor_list_: 0

GcsResourceManager: 
- GetResources request count: 0
- GetAllAvailableResources request count0
- ReportResourceUsage request count: 0
- GetAllResourceUsage request count: 299

GcsPlacementGroupManager: 
- CreatePlacementGroup request count: 1
- RemovePlacementGroup request count: 0
- GetPlacementGroup request count: 1
- GetAllPlacementGroup request count: 1
- WaitPlacementGroupUntilReady request count: 0
- GetNamedPlacementGroup request count: 0
- Scheduling pending placement group count: 2790
- Registered placement groups count: 1
- Named placement group count: 1
- Pending placement groups count: 1
- Infeasible placement groups count: 0

GcsPublisher {}

[runtime env manager] ID to URIs table:
[runtime env manager] URIs reference table:

GrpcBasedResourceBroadcaster:
- Tracked nodes: 1
[2026-01-30 14:27:25,952 I 3413005 3413005] (gcs_server) gcs_server.cc:736: Event stats:


Global stats: 70820 total (20 active)
Queueing time: mean = 10.681 us, max = 16.617 ms, min = 748.000 ns, total = 756.416 ms
Execution time:  mean = 14.383 us, total = 1.019 s
Event stats:
	RaySyncer.deadline_timer.report_resource_report - 14998 total (1 active), CPU time: mean = 5.196 us, total = 77.931 ms
	ResourceUpdate - 14820 total (0 active), CPU time: mean = 8.089 us, total = 119.874 ms
	NodeManagerService.grpc_client.RequestResourceReport - 14820 total (0 active), CPU time: mean = 22.589 us, total = 334.772 ms
	NodeManagerService.grpc_client.UpdateResourceUsage - 14819 total (0 active), CPU time: mean = 7.018 us, total = 104.001 ms
	GcsInMemoryStore.Put - 2514 total (0 active), CPU time: mean = 31.854 us, total = 80.080 ms
	InternalKVGcsService.grpc_server.InternalKVPut - 2376 total (0 active), CPU time: mean = 15.346 us, total = 36.463 ms
	RayletLoadPulled - 1500 total (1 active), CPU time: mean = 62.319 us, total = 93.479 ms
	NodeManagerService.grpc_client.GetResourceLoad - 1494 total (0 active), CPU time: mean = 10.819 us, total = 16.163 ms
	GcsPlacementGroupManager.SchedulePendingPlacementGroups - 1395 total (0 active), CPU time: mean = 78.715 ns, total = 109.808 us
	GcsInMemoryStore.Get - 620 total (0 active), CPU time: mean = 23.080 us, total = 14.310 ms
	InternalKVGcsService.grpc_server.InternalKVGet - 619 total (0 active), CPU time: mean = 12.695 us, total = 7.858 ms
	NodeResourceInfoGcsService.grpc_server.GetAllResourceUsage - 299 total (0 active), CPU time: mean = 110.368 us, total = 33.000 ms
	NodeInfoGcsService.grpc_server.GetAllNodeInfo - 169 total (0 active), CPU time: mean = 42.834 us, total = 7.239 ms
	GCSServer.deadline_timer.debug_state_dump - 150 total (1 active), CPU time: mean = 281.952 us, total = 42.293 ms
	StatsGcsService.grpc_server.AddProfileData - 52 total (0 active), CPU time: mean = 17.589 us, total = 914.619 us
	GCSServer.deadline_timer.debug_state_event_stats_print - 25 total (1 active, 1 running), CPU time: mean = 222.617 us, total = 5.565 ms
	WorkerInfoGcsService.grpc_server.AddWorkerInfo - 18 total (0 active), CPU time: mean = 13.930 us, total = 250.741 us
	CoreWorkerService.grpc_client.WaitForActorOutOfScope - 16 total (16 active), CPU time: mean = 0.000 s, total = 0.000 s
	CoreWorkerService.grpc_client.PushTask - 16 total (0 active), CPU time: mean = 141.065 us, total = 2.257 ms
	ActorInfoGcsService.grpc_server.RegisterActor - 16 total (0 active), CPU time: mean = 1.181 ms, total = 18.900 ms
	NodeManagerService.grpc_client.RequestWorkerLease - 16 total (0 active), CPU time: mean = 131.295 us, total = 2.101 ms
	ActorInfoGcsService.grpc_server.CreateActor - 16 total (0 active), CPU time: mean = 166.665 us, total = 2.667 ms
	ActorInfoGcsService.grpc_server.GetActorInfo - 16 total (0 active), CPU time: mean = 12.192 us, total = 195.068 us
	GcsInMemoryStore.GetAll - 10 total (0 active), CPU time: mean = 1.727 ms, total = 17.268 ms
	PeriodicalRunner.RunFnPeriodically - 4 total (0 active), CPU time: mean = 55.248 us, total = 220.992 us
	InternalKVGcsService.grpc_server.InternalKVKeys - 4 total (0 active), CPU time: mean = 14.688 us, total = 58.751 us
	GcsInMemoryStore.Keys - 4 total (0 active), CPU time: mean = 25.164 us, total = 100.657 us
	JobInfoGcsService.grpc_server.GetAllJobInfo - 3 total (0 active), CPU time: mean = 53.993 us, total = 161.980 us
	JobInfoGcsService.grpc_server.GetNextJobID - 1 total (0 active), CPU time: mean = 34.760 us, total = 34.760 us
	PlacementGroupInfoGcsService.grpc_server.CreatePlacementGroup - 1 total (0 active), CPU time: mean = 52.167 us, total = 52.167 us
	NodeInfoGcsService.grpc_server.GetInternalConfig - 1 total (0 active), CPU time: mean = 9.521 us, total = 9.521 us
	JobInfoGcsService.grpc_server.AddJob - 1 total (0 active), CPU time: mean = 74.986 us, total = 74.986 us
	GcsInMemoryStore.Exists - 1 total (0 active), CPU time: mean = 19.018 us, total = 19.018 us
	PlacementGroupInfoGcsService.grpc_server.GetAllPlacementGroup - 1 total (0 active), CPU time: mean = 12.743 us, total = 12.743 us
	InternalKVGcsService.grpc_server.InternalKVExists - 1 total (0 active), CPU time: mean = 16.524 us, total = 16.524 us
	InternalKVGcsService.grpc_server.InternalKVDel - 1 total (0 active), CPU time: mean = 12.304 us, total = 12.304 us
	PlacementGroupInfoGcsService.grpc_server.GetPlacementGroup - 1 total (0 active), CPU time: mean = 46.228 us, total = 46.228 us
	NodeInfoGcsService.grpc_server.RegisterNode - 1 total (0 active), CPU time: mean = 56.550 us, total = 56.550 us
	GcsInMemoryStore.Delete - 1 total (0 active), CPU time: mean = 18.817 us, total = 18.817 us


[2026-01-30 14:28:25,952 I 3413005 3413005] (gcs_server) gcs_server.cc:186: GcsNodeManager: 
- RegisterNode request count: 1
- DrainNode request count: 0
- GetAllNodeInfo request count: 175
- GetInternalConfig request count: 1

GcsActorManager: 
- RegisterActor request count: 16
- CreateActor request count: 16
- GetActorInfo request count: 16
- GetNamedActorInfo request count: 0
- GetAllActorInfo request count: 0
- KillActor request count: 0
- ListNamedActors request count: 0
- Registered actors count: 16
- Destroyed actors count: 0
- Named actors count: 0
- Unresolved actors count: 0
- Pending actors count: 0
- Created actors count: 1
- owners_: 1
- actor_to_register_callbacks_: 0
- actor_to_create_callbacks_: 0
- sorted_destroyed_actor_list_: 0

GcsResourceManager: 
- GetResources request count: 0
- GetAllAvailableResources request count0
- ReportResourceUsage request count: 0
- GetAllResourceUsage request count: 311

GcsPlacementGroupManager: 
- CreatePlacementGroup request count: 1
- RemovePlacementGroup request count: 0
- GetPlacementGroup request count: 1
- GetAllPlacementGroup request count: 1
- WaitPlacementGroupUntilReady request count: 0
- GetNamedPlacementGroup request count: 0
- Scheduling pending placement group count: 2910
- Registered placement groups count: 1
- Named placement group count: 1
- Pending placement groups count: 1
- Infeasible placement groups count: 0

GcsPublisher {}

[runtime env manager] ID to URIs table:
[runtime env manager] URIs reference table:

GrpcBasedResourceBroadcaster:
- Tracked nodes: 1
[2026-01-30 14:28:25,952 I 3413005 3413005] (gcs_server) gcs_server.cc:736: Event stats:


Global stats: 73599 total (20 active)
Queueing time: mean = 10.660 us, max = 16.617 ms, min = 748.000 ns, total = 784.552 ms
Execution time:  mean = 14.343 us, total = 1.056 s
Event stats:
	RaySyncer.deadline_timer.report_resource_report - 15598 total (1 active), CPU time: mean = 5.167 us, total = 80.591 ms
	ResourceUpdate - 15414 total (0 active), CPU time: mean = 8.071 us, total = 124.407 ms
	NodeManagerService.grpc_client.RequestResourceReport - 15414 total (0 active), CPU time: mean = 22.601 us, total = 348.369 ms
	NodeManagerService.grpc_client.UpdateResourceUsage - 15413 total (0 active), CPU time: mean = 6.984 us, total = 107.637 ms
	GcsInMemoryStore.Put - 2598 total (0 active), CPU time: mean = 31.853 us, total = 82.755 ms
	InternalKVGcsService.grpc_server.InternalKVPut - 2460 total (0 active), CPU time: mean = 15.354 us, total = 37.772 ms
	RayletLoadPulled - 1560 total (1 active), CPU time: mean = 62.444 us, total = 97.413 ms
	NodeManagerService.grpc_client.GetResourceLoad - 1554 total (0 active), CPU time: mean = 10.827 us, total = 16.824 ms
	GcsPlacementGroupManager.SchedulePendingPlacementGroups - 1455 total (0 active), CPU time: mean = 78.575 ns, total = 114.326 us
	GcsInMemoryStore.Get - 632 total (0 active), CPU time: mean = 23.108 us, total = 14.605 ms
	InternalKVGcsService.grpc_server.InternalKVGet - 631 total (0 active), CPU time: mean = 12.808 us, total = 8.082 ms
	NodeResourceInfoGcsService.grpc_server.GetAllResourceUsage - 311 total (0 active), CPU time: mean = 110.104 us, total = 34.242 ms
	NodeInfoGcsService.grpc_server.GetAllNodeInfo - 175 total (0 active), CPU time: mean = 43.253 us, total = 7.569 ms
	GCSServer.deadline_timer.debug_state_dump - 156 total (1 active), CPU time: mean = 282.326 us, total = 44.043 ms
	StatsGcsService.grpc_server.AddProfileData - 52 total (0 active), CPU time: mean = 17.589 us, total = 914.619 us
	GCSServer.deadline_timer.debug_state_event_stats_print - 26 total (1 active, 1 running), CPU time: mean = 222.328 us, total = 5.781 ms
	WorkerInfoGcsService.grpc_server.AddWorkerInfo - 18 total (0 active), CPU time: mean = 13.930 us, total = 250.741 us
	CoreWorkerService.grpc_client.WaitForActorOutOfScope - 16 total (16 active), CPU time: mean = 0.000 s, total = 0.000 s
	CoreWorkerService.grpc_client.PushTask - 16 total (0 active), CPU time: mean = 141.065 us, total = 2.257 ms
	ActorInfoGcsService.grpc_server.RegisterActor - 16 total (0 active), CPU time: mean = 1.181 ms, total = 18.900 ms
	NodeManagerService.grpc_client.RequestWorkerLease - 16 total (0 active), CPU time: mean = 131.295 us, total = 2.101 ms
	ActorInfoGcsService.grpc_server.CreateActor - 16 total (0 active), CPU time: mean = 166.665 us, total = 2.667 ms
	ActorInfoGcsService.grpc_server.GetActorInfo - 16 total (0 active), CPU time: mean = 12.192 us, total = 195.068 us
	GcsInMemoryStore.GetAll - 10 total (0 active), CPU time: mean = 1.727 ms, total = 17.268 ms
	PeriodicalRunner.RunFnPeriodically - 4 total (0 active), CPU time: mean = 55.248 us, total = 220.992 us
	InternalKVGcsService.grpc_server.InternalKVKeys - 4 total (0 active), CPU time: mean = 14.688 us, total = 58.751 us
	GcsInMemoryStore.Keys - 4 total (0 active), CPU time: mean = 25.164 us, total = 100.657 us
	JobInfoGcsService.grpc_server.GetAllJobInfo - 3 total (0 active), CPU time: mean = 53.993 us, total = 161.980 us
	JobInfoGcsService.grpc_server.GetNextJobID - 1 total (0 active), CPU time: mean = 34.760 us, total = 34.760 us
	PlacementGroupInfoGcsService.grpc_server.CreatePlacementGroup - 1 total (0 active), CPU time: mean = 52.167 us, total = 52.167 us
	NodeInfoGcsService.grpc_server.GetInternalConfig - 1 total (0 active), CPU time: mean = 9.521 us, total = 9.521 us
	JobInfoGcsService.grpc_server.AddJob - 1 total (0 active), CPU time: mean = 74.986 us, total = 74.986 us
	GcsInMemoryStore.Exists - 1 total (0 active), CPU time: mean = 19.018 us, total = 19.018 us
	PlacementGroupInfoGcsService.grpc_server.GetAllPlacementGroup - 1 total (0 active), CPU time: mean = 12.743 us, total = 12.743 us
	InternalKVGcsService.grpc_server.InternalKVExists - 1 total (0 active), CPU time: mean = 16.524 us, total = 16.524 us
	InternalKVGcsService.grpc_server.InternalKVDel - 1 total (0 active), CPU time: mean = 12.304 us, total = 12.304 us
	PlacementGroupInfoGcsService.grpc_server.GetPlacementGroup - 1 total (0 active), CPU time: mean = 46.228 us, total = 46.228 us
	NodeInfoGcsService.grpc_server.RegisterNode - 1 total (0 active), CPU time: mean = 56.550 us, total = 56.550 us
	GcsInMemoryStore.Delete - 1 total (0 active), CPU time: mean = 18.817 us, total = 18.817 us


[2026-01-30 14:29:25,952 I 3413005 3413005] (gcs_server) gcs_server.cc:186: GcsNodeManager: 
- RegisterNode request count: 1
- DrainNode request count: 0
- GetAllNodeInfo request count: 181
- GetInternalConfig request count: 1

GcsActorManager: 
- RegisterActor request count: 16
- CreateActor request count: 16
- GetActorInfo request count: 16
- GetNamedActorInfo request count: 0
- GetAllActorInfo request count: 0
- KillActor request count: 0
- ListNamedActors request count: 0
- Registered actors count: 16
- Destroyed actors count: 0
- Named actors count: 0
- Unresolved actors count: 0
- Pending actors count: 0
- Created actors count: 1
- owners_: 1
- actor_to_register_callbacks_: 0
- actor_to_create_callbacks_: 0
- sorted_destroyed_actor_list_: 0

GcsResourceManager: 
- GetResources request count: 0
- GetAllAvailableResources request count0
- ReportResourceUsage request count: 0
- GetAllResourceUsage request count: 323

GcsPlacementGroupManager: 
- CreatePlacementGroup request count: 1
- RemovePlacementGroup request count: 0
- GetPlacementGroup request count: 1
- GetAllPlacementGroup request count: 1
- WaitPlacementGroupUntilReady request count: 0
- GetNamedPlacementGroup request count: 0
- Scheduling pending placement group count: 3030
- Registered placement groups count: 1
- Named placement group count: 1
- Pending placement groups count: 1
- Infeasible placement groups count: 0

GcsPublisher {}

[runtime env manager] ID to URIs table:
[runtime env manager] URIs reference table:

GrpcBasedResourceBroadcaster:
- Tracked nodes: 1
[2026-01-30 14:29:25,952 I 3413005 3413005] (gcs_server) gcs_server.cc:736: Event stats:


Global stats: 76381 total (20 active)
Queueing time: mean = 10.625 us, max = 16.617 ms, min = 748.000 ns, total = 811.555 ms
Execution time:  mean = 14.310 us, total = 1.093 s
Event stats:
	RaySyncer.deadline_timer.report_resource_report - 16198 total (1 active), CPU time: mean = 5.165 us, total = 83.663 ms
	ResourceUpdate - 16009 total (0 active), CPU time: mean = 8.073 us, total = 129.241 ms
	NodeManagerService.grpc_client.RequestResourceReport - 16009 total (0 active), CPU time: mean = 22.590 us, total = 361.636 ms
	NodeManagerService.grpc_client.UpdateResourceUsage - 16008 total (0 active), CPU time: mean = 6.952 us, total = 111.284 ms
	GcsInMemoryStore.Put - 2682 total (0 active), CPU time: mean = 31.756 us, total = 85.170 ms
	InternalKVGcsService.grpc_server.InternalKVPut - 2544 total (0 active), CPU time: mean = 15.347 us, total = 39.042 ms
	RayletLoadPulled - 1620 total (1 active), CPU time: mean = 62.677 us, total = 101.536 ms
	NodeManagerService.grpc_client.GetResourceLoad - 1614 total (0 active), CPU time: mean = 10.806 us, total = 17.440 ms
	GcsPlacementGroupManager.SchedulePendingPlacementGroups - 1515 total (0 active), CPU time: mean = 78.344 ns, total = 118.691 us
	GcsInMemoryStore.Get - 644 total (0 active), CPU time: mean = 23.105 us, total = 14.880 ms
	InternalKVGcsService.grpc_server.InternalKVGet - 643 total (0 active), CPU time: mean = 12.890 us, total = 8.289 ms
	NodeResourceInfoGcsService.grpc_server.GetAllResourceUsage - 323 total (0 active), CPU time: mean = 110.000 us, total = 35.530 ms
	NodeInfoGcsService.grpc_server.GetAllNodeInfo - 181 total (0 active), CPU time: mean = 43.636 us, total = 7.898 ms
	GCSServer.deadline_timer.debug_state_dump - 162 total (1 active), CPU time: mean = 282.608 us, total = 45.782 ms
	StatsGcsService.grpc_server.AddProfileData - 52 total (0 active), CPU time: mean = 17.589 us, total = 914.619 us
	GCSServer.deadline_timer.debug_state_event_stats_print - 27 total (1 active, 1 running), CPU time: mean = 224.429 us, total = 6.060 ms
	WorkerInfoGcsService.grpc_server.AddWorkerInfo - 18 total (0 active), CPU time: mean = 13.930 us, total = 250.741 us
	CoreWorkerService.grpc_client.WaitForActorOutOfScope - 16 total (16 active), CPU time: mean = 0.000 s, total = 0.000 s
	CoreWorkerService.grpc_client.PushTask - 16 total (0 active), CPU time: mean = 141.065 us, total = 2.257 ms
	ActorInfoGcsService.grpc_server.RegisterActor - 16 total (0 active), CPU time: mean = 1.181 ms, total = 18.900 ms
	NodeManagerService.grpc_client.RequestWorkerLease - 16 total (0 active), CPU time: mean = 131.295 us, total = 2.101 ms
	ActorInfoGcsService.grpc_server.CreateActor - 16 total (0 active), CPU time: mean = 166.665 us, total = 2.667 ms
	ActorInfoGcsService.grpc_server.GetActorInfo - 16 total (0 active), CPU time: mean = 12.192 us, total = 195.068 us
	GcsInMemoryStore.GetAll - 10 total (0 active), CPU time: mean = 1.727 ms, total = 17.268 ms
	PeriodicalRunner.RunFnPeriodically - 4 total (0 active), CPU time: mean = 55.248 us, total = 220.992 us
	InternalKVGcsService.grpc_server.InternalKVKeys - 4 total (0 active), CPU time: mean = 14.688 us, total = 58.751 us
	GcsInMemoryStore.Keys - 4 total (0 active), CPU time: mean = 25.164 us, total = 100.657 us
	JobInfoGcsService.grpc_server.GetAllJobInfo - 3 total (0 active), CPU time: mean = 53.993 us, total = 161.980 us
	JobInfoGcsService.grpc_server.GetNextJobID - 1 total (0 active), CPU time: mean = 34.760 us, total = 34.760 us
	PlacementGroupInfoGcsService.grpc_server.CreatePlacementGroup - 1 total (0 active), CPU time: mean = 52.167 us, total = 52.167 us
	NodeInfoGcsService.grpc_server.GetInternalConfig - 1 total (0 active), CPU time: mean = 9.521 us, total = 9.521 us
	JobInfoGcsService.grpc_server.AddJob - 1 total (0 active), CPU time: mean = 74.986 us, total = 74.986 us
	GcsInMemoryStore.Exists - 1 total (0 active), CPU time: mean = 19.018 us, total = 19.018 us
	PlacementGroupInfoGcsService.grpc_server.GetAllPlacementGroup - 1 total (0 active), CPU time: mean = 12.743 us, total = 12.743 us
	InternalKVGcsService.grpc_server.InternalKVExists - 1 total (0 active), CPU time: mean = 16.524 us, total = 16.524 us
	InternalKVGcsService.grpc_server.InternalKVDel - 1 total (0 active), CPU time: mean = 12.304 us, total = 12.304 us
	PlacementGroupInfoGcsService.grpc_server.GetPlacementGroup - 1 total (0 active), CPU time: mean = 46.228 us, total = 46.228 us
	NodeInfoGcsService.grpc_server.RegisterNode - 1 total (0 active), CPU time: mean = 56.550 us, total = 56.550 us
	GcsInMemoryStore.Delete - 1 total (0 active), CPU time: mean = 18.817 us, total = 18.817 us


[2026-01-30 14:30:25,952 I 3413005 3413005] (gcs_server) gcs_server.cc:186: GcsNodeManager: 
- RegisterNode request count: 1
- DrainNode request count: 0
- GetAllNodeInfo request count: 187
- GetInternalConfig request count: 1

GcsActorManager: 
- RegisterActor request count: 16
- CreateActor request count: 16
- GetActorInfo request count: 16
- GetNamedActorInfo request count: 0
- GetAllActorInfo request count: 0
- KillActor request count: 0
- ListNamedActors request count: 0
- Registered actors count: 16
- Destroyed actors count: 0
- Named actors count: 0
- Unresolved actors count: 0
- Pending actors count: 0
- Created actors count: 1
- owners_: 1
- actor_to_register_callbacks_: 0
- actor_to_create_callbacks_: 0
- sorted_destroyed_actor_list_: 0

GcsResourceManager: 
- GetResources request count: 0
- GetAllAvailableResources request count0
- ReportResourceUsage request count: 0
- GetAllResourceUsage request count: 335

GcsPlacementGroupManager: 
- CreatePlacementGroup request count: 1
- RemovePlacementGroup request count: 0
- GetPlacementGroup request count: 1
- GetAllPlacementGroup request count: 1
- WaitPlacementGroupUntilReady request count: 0
- GetNamedPlacementGroup request count: 0
- Scheduling pending placement group count: 3150
- Registered placement groups count: 1
- Named placement group count: 1
- Pending placement groups count: 1
- Infeasible placement groups count: 0

GcsPublisher {}

[runtime env manager] ID to URIs table:
[runtime env manager] URIs reference table:

GrpcBasedResourceBroadcaster:
- Tracked nodes: 1
[2026-01-30 14:30:25,953 I 3413005 3413005] (gcs_server) gcs_server.cc:736: Event stats:


Global stats: 79160 total (20 active)
Queueing time: mean = 10.594 us, max = 16.617 ms, min = 748.000 ns, total = 838.586 ms
Execution time:  mean = 14.270 us, total = 1.130 s
Event stats:
	RaySyncer.deadline_timer.report_resource_report - 16798 total (1 active), CPU time: mean = 5.159 us, total = 86.653 ms
	ResourceUpdate - 16603 total (0 active), CPU time: mean = 8.064 us, total = 133.881 ms
	NodeManagerService.grpc_client.RequestResourceReport - 16603 total (0 active), CPU time: mean = 22.579 us, total = 374.876 ms
	NodeManagerService.grpc_client.UpdateResourceUsage - 16602 total (0 active), CPU time: mean = 6.915 us, total = 114.802 ms
	GcsInMemoryStore.Put - 2766 total (0 active), CPU time: mean = 31.677 us, total = 87.617 ms
	InternalKVGcsService.grpc_server.InternalKVPut - 2628 total (0 active), CPU time: mean = 15.346 us, total = 40.328 ms
	RayletLoadPulled - 1680 total (1 active), CPU time: mean = 62.783 us, total = 105.476 ms
	NodeManagerService.grpc_client.GetResourceLoad - 1674 total (0 active), CPU time: mean = 10.770 us, total = 18.029 ms
	GcsPlacementGroupManager.SchedulePendingPlacementGroups - 1575 total (0 active), CPU time: mean = 78.142 ns, total = 123.073 us
	GcsInMemoryStore.Get - 656 total (0 active), CPU time: mean = 23.127 us, total = 15.171 ms
	InternalKVGcsService.grpc_server.InternalKVGet - 655 total (0 active), CPU time: mean = 12.936 us, total = 8.473 ms
	NodeResourceInfoGcsService.grpc_server.GetAllResourceUsage - 335 total (0 active), CPU time: mean = 109.760 us, total = 36.770 ms
	NodeInfoGcsService.grpc_server.GetAllNodeInfo - 187 total (0 active), CPU time: mean = 43.907 us, total = 8.211 ms
	GCSServer.deadline_timer.debug_state_dump - 168 total (1 active), CPU time: mean = 282.648 us, total = 47.485 ms
	StatsGcsService.grpc_server.AddProfileData - 52 total (0 active), CPU time: mean = 17.589 us, total = 914.619 us
	GCSServer.deadline_timer.debug_state_event_stats_print - 28 total (1 active, 1 running), CPU time: mean = 224.638 us, total = 6.290 ms
	WorkerInfoGcsService.grpc_server.AddWorkerInfo - 18 total (0 active), CPU time: mean = 13.930 us, total = 250.741 us
	CoreWorkerService.grpc_client.WaitForActorOutOfScope - 16 total (16 active), CPU time: mean = 0.000 s, total = 0.000 s
	CoreWorkerService.grpc_client.PushTask - 16 total (0 active), CPU time: mean = 141.065 us, total = 2.257 ms
	ActorInfoGcsService.grpc_server.RegisterActor - 16 total (0 active), CPU time: mean = 1.181 ms, total = 18.900 ms
	NodeManagerService.grpc_client.RequestWorkerLease - 16 total (0 active), CPU time: mean = 131.295 us, total = 2.101 ms
	ActorInfoGcsService.grpc_server.CreateActor - 16 total (0 active), CPU time: mean = 166.665 us, total = 2.667 ms
	ActorInfoGcsService.grpc_server.GetActorInfo - 16 total (0 active), CPU time: mean = 12.192 us, total = 195.068 us
	GcsInMemoryStore.GetAll - 10 total (0 active), CPU time: mean = 1.727 ms, total = 17.268 ms
	PeriodicalRunner.RunFnPeriodically - 4 total (0 active), CPU time: mean = 55.248 us, total = 220.992 us
	InternalKVGcsService.grpc_server.InternalKVKeys - 4 total (0 active), CPU time: mean = 14.688 us, total = 58.751 us
	GcsInMemoryStore.Keys - 4 total (0 active), CPU time: mean = 25.164 us, total = 100.657 us
	JobInfoGcsService.grpc_server.GetAllJobInfo - 3 total (0 active), CPU time: mean = 53.993 us, total = 161.980 us
	JobInfoGcsService.grpc_server.GetNextJobID - 1 total (0 active), CPU time: mean = 34.760 us, total = 34.760 us
	PlacementGroupInfoGcsService.grpc_server.CreatePlacementGroup - 1 total (0 active), CPU time: mean = 52.167 us, total = 52.167 us
	NodeInfoGcsService.grpc_server.GetInternalConfig - 1 total (0 active), CPU time: mean = 9.521 us, total = 9.521 us
	JobInfoGcsService.grpc_server.AddJob - 1 total (0 active), CPU time: mean = 74.986 us, total = 74.986 us
	GcsInMemoryStore.Exists - 1 total (0 active), CPU time: mean = 19.018 us, total = 19.018 us
	PlacementGroupInfoGcsService.grpc_server.GetAllPlacementGroup - 1 total (0 active), CPU time: mean = 12.743 us, total = 12.743 us
	InternalKVGcsService.grpc_server.InternalKVExists - 1 total (0 active), CPU time: mean = 16.524 us, total = 16.524 us
	InternalKVGcsService.grpc_server.InternalKVDel - 1 total (0 active), CPU time: mean = 12.304 us, total = 12.304 us
	PlacementGroupInfoGcsService.grpc_server.GetPlacementGroup - 1 total (0 active), CPU time: mean = 46.228 us, total = 46.228 us
	NodeInfoGcsService.grpc_server.RegisterNode - 1 total (0 active), CPU time: mean = 56.550 us, total = 56.550 us
	GcsInMemoryStore.Delete - 1 total (0 active), CPU time: mean = 18.817 us, total = 18.817 us


[2026-01-30 14:31:25,953 I 3413005 3413005] (gcs_server) gcs_server.cc:186: GcsNodeManager: 
- RegisterNode request count: 1
- DrainNode request count: 0
- GetAllNodeInfo request count: 193
- GetInternalConfig request count: 1

GcsActorManager: 
- RegisterActor request count: 16
- CreateActor request count: 16
- GetActorInfo request count: 16
- GetNamedActorInfo request count: 0
- GetAllActorInfo request count: 0
- KillActor request count: 0
- ListNamedActors request count: 0
- Registered actors count: 16
- Destroyed actors count: 0
- Named actors count: 0
- Unresolved actors count: 0
- Pending actors count: 0
- Created actors count: 1
- owners_: 1
- actor_to_register_callbacks_: 0
- actor_to_create_callbacks_: 0
- sorted_destroyed_actor_list_: 0

GcsResourceManager: 
- GetResources request count: 0
- GetAllAvailableResources request count0
- ReportResourceUsage request count: 0
- GetAllResourceUsage request count: 347

GcsPlacementGroupManager: 
- CreatePlacementGroup request count: 1
- RemovePlacementGroup request count: 0
- GetPlacementGroup request count: 1
- GetAllPlacementGroup request count: 1
- WaitPlacementGroupUntilReady request count: 0
- GetNamedPlacementGroup request count: 0
- Scheduling pending placement group count: 3270
- Registered placement groups count: 1
- Named placement group count: 1
- Pending placement groups count: 1
- Infeasible placement groups count: 0

GcsPublisher {}

[runtime env manager] ID to URIs table:
[runtime env manager] URIs reference table:

GrpcBasedResourceBroadcaster:
- Tracked nodes: 1
[2026-01-30 14:31:25,953 I 3413005 3413005] (gcs_server) gcs_server.cc:736: Event stats:


Global stats: 81939 total (20 active)
Queueing time: mean = 10.566 us, max = 16.617 ms, min = 748.000 ns, total = 865.758 ms
Execution time:  mean = 14.244 us, total = 1.167 s
Event stats:
	RaySyncer.deadline_timer.report_resource_report - 17398 total (1 active), CPU time: mean = 5.159 us, total = 89.756 ms
	ResourceUpdate - 17197 total (0 active), CPU time: mean = 8.069 us, total = 138.758 ms
	NodeManagerService.grpc_client.RequestResourceReport - 17197 total (0 active), CPU time: mean = 22.586 us, total = 388.413 ms
	NodeManagerService.grpc_client.UpdateResourceUsage - 17196 total (0 active), CPU time: mean = 6.898 us, total = 118.612 ms
	GcsInMemoryStore.Put - 2850 total (0 active), CPU time: mean = 31.588 us, total = 90.027 ms
	InternalKVGcsService.grpc_server.InternalKVPut - 2712 total (0 active), CPU time: mean = 15.373 us, total = 41.690 ms
	RayletLoadPulled - 1740 total (1 active), CPU time: mean = 62.789 us, total = 109.253 ms
	NodeManagerService.grpc_client.GetResourceLoad - 1734 total (0 active), CPU time: mean = 10.742 us, total = 18.627 ms
	GcsPlacementGroupManager.SchedulePendingPlacementGroups - 1635 total (0 active), CPU time: mean = 78.426 ns, total = 128.226 us
	GcsInMemoryStore.Get - 668 total (0 active), CPU time: mean = 23.129 us, total = 15.450 ms
	InternalKVGcsService.grpc_server.InternalKVGet - 667 total (0 active), CPU time: mean = 13.004 us, total = 8.674 ms
	NodeResourceInfoGcsService.grpc_server.GetAllResourceUsage - 347 total (0 active), CPU time: mean = 109.585 us, total = 38.026 ms
	NodeInfoGcsService.grpc_server.GetAllNodeInfo - 193 total (0 active), CPU time: mean = 44.245 us, total = 8.539 ms
	GCSServer.deadline_timer.debug_state_dump - 174 total (1 active), CPU time: mean = 282.826 us, total = 49.212 ms
	StatsGcsService.grpc_server.AddProfileData - 52 total (0 active), CPU time: mean = 17.589 us, total = 914.619 us
	GCSServer.deadline_timer.debug_state_event_stats_print - 29 total (1 active, 1 running), CPU time: mean = 224.224 us, total = 6.503 ms
	WorkerInfoGcsService.grpc_server.AddWorkerInfo - 18 total (0 active), CPU time: mean = 13.930 us, total = 250.741 us
	CoreWorkerService.grpc_client.WaitForActorOutOfScope - 16 total (16 active), CPU time: mean = 0.000 s, total = 0.000 s
	CoreWorkerService.grpc_client.PushTask - 16 total (0 active), CPU time: mean = 141.065 us, total = 2.257 ms
	ActorInfoGcsService.grpc_server.RegisterActor - 16 total (0 active), CPU time: mean = 1.181 ms, total = 18.900 ms
	NodeManagerService.grpc_client.RequestWorkerLease - 16 total (0 active), CPU time: mean = 131.295 us, total = 2.101 ms
	ActorInfoGcsService.grpc_server.CreateActor - 16 total (0 active), CPU time: mean = 166.665 us, total = 2.667 ms
	ActorInfoGcsService.grpc_server.GetActorInfo - 16 total (0 active), CPU time: mean = 12.192 us, total = 195.068 us
	GcsInMemoryStore.GetAll - 10 total (0 active), CPU time: mean = 1.727 ms, total = 17.268 ms
	PeriodicalRunner.RunFnPeriodically - 4 total (0 active), CPU time: mean = 55.248 us, total = 220.992 us
	InternalKVGcsService.grpc_server.InternalKVKeys - 4 total (0 active), CPU time: mean = 14.688 us, total = 58.751 us
	GcsInMemoryStore.Keys - 4 total (0 active), CPU time: mean = 25.164 us, total = 100.657 us
	JobInfoGcsService.grpc_server.GetAllJobInfo - 3 total (0 active), CPU time: mean = 53.993 us, total = 161.980 us
	JobInfoGcsService.grpc_server.GetNextJobID - 1 total (0 active), CPU time: mean = 34.760 us, total = 34.760 us
	PlacementGroupInfoGcsService.grpc_server.CreatePlacementGroup - 1 total (0 active), CPU time: mean = 52.167 us, total = 52.167 us
	NodeInfoGcsService.grpc_server.GetInternalConfig - 1 total (0 active), CPU time: mean = 9.521 us, total = 9.521 us
	JobInfoGcsService.grpc_server.AddJob - 1 total (0 active), CPU time: mean = 74.986 us, total = 74.986 us
	GcsInMemoryStore.Exists - 1 total (0 active), CPU time: mean = 19.018 us, total = 19.018 us
	PlacementGroupInfoGcsService.grpc_server.GetAllPlacementGroup - 1 total (0 active), CPU time: mean = 12.743 us, total = 12.743 us
	InternalKVGcsService.grpc_server.InternalKVExists - 1 total (0 active), CPU time: mean = 16.524 us, total = 16.524 us
	InternalKVGcsService.grpc_server.InternalKVDel - 1 total (0 active), CPU time: mean = 12.304 us, total = 12.304 us
	PlacementGroupInfoGcsService.grpc_server.GetPlacementGroup - 1 total (0 active), CPU time: mean = 46.228 us, total = 46.228 us
	NodeInfoGcsService.grpc_server.RegisterNode - 1 total (0 active), CPU time: mean = 56.550 us, total = 56.550 us
	GcsInMemoryStore.Delete - 1 total (0 active), CPU time: mean = 18.817 us, total = 18.817 us


[2026-01-30 14:32:25,953 I 3413005 3413005] (gcs_server) gcs_server.cc:186: GcsNodeManager: 
- RegisterNode request count: 1
- DrainNode request count: 0
- GetAllNodeInfo request count: 199
- GetInternalConfig request count: 1

GcsActorManager: 
- RegisterActor request count: 16
- CreateActor request count: 16
- GetActorInfo request count: 16
- GetNamedActorInfo request count: 0
- GetAllActorInfo request count: 0
- KillActor request count: 0
- ListNamedActors request count: 0
- Registered actors count: 16
- Destroyed actors count: 0
- Named actors count: 0
- Unresolved actors count: 0
- Pending actors count: 0
- Created actors count: 1
- owners_: 1
- actor_to_register_callbacks_: 0
- actor_to_create_callbacks_: 0
- sorted_destroyed_actor_list_: 0

GcsResourceManager: 
- GetResources request count: 0
- GetAllAvailableResources request count0
- ReportResourceUsage request count: 0
- GetAllResourceUsage request count: 359

GcsPlacementGroupManager: 
- CreatePlacementGroup request count: 1
- RemovePlacementGroup request count: 0
- GetPlacementGroup request count: 1
- GetAllPlacementGroup request count: 1
- WaitPlacementGroupUntilReady request count: 0
- GetNamedPlacementGroup request count: 0
- Scheduling pending placement group count: 3390
- Registered placement groups count: 1
- Named placement group count: 1
- Pending placement groups count: 1
- Infeasible placement groups count: 0

GcsPublisher {}

[runtime env manager] ID to URIs table:
[runtime env manager] URIs reference table:

GrpcBasedResourceBroadcaster:
- Tracked nodes: 1
[2026-01-30 14:32:25,953 I 3413005 3413005] (gcs_server) gcs_server.cc:736: Event stats:


Global stats: 84716 total (20 active)
Queueing time: mean = 10.541 us, max = 16.617 ms, min = 748.000 ns, total = 893.029 ms
Execution time:  mean = 14.230 us, total = 1.206 s
Event stats:
	RaySyncer.deadline_timer.report_resource_report - 17998 total (1 active), CPU time: mean = 5.162 us, total = 92.914 ms
	ResourceUpdate - 17791 total (0 active), CPU time: mean = 8.090 us, total = 143.922 ms
	NodeManagerService.grpc_client.RequestResourceReport - 17791 total (0 active), CPU time: mean = 22.604 us, total = 402.141 ms
	NodeManagerService.grpc_client.UpdateResourceUsage - 17790 total (0 active), CPU time: mean = 6.892 us, total = 122.617 ms
	GcsInMemoryStore.Put - 2933 total (0 active), CPU time: mean = 31.548 us, total = 92.531 ms
	InternalKVGcsService.grpc_server.InternalKVPut - 2795 total (0 active), CPU time: mean = 15.474 us, total = 43.251 ms
	RayletLoadPulled - 1800 total (1 active), CPU time: mean = 62.649 us, total = 112.769 ms
	NodeManagerService.grpc_client.GetResourceLoad - 1794 total (0 active), CPU time: mean = 10.733 us, total = 19.255 ms
	GcsPlacementGroupManager.SchedulePendingPlacementGroups - 1695 total (0 active), CPU time: mean = 78.617 ns, total = 133.255 us
	GcsInMemoryStore.Get - 680 total (0 active), CPU time: mean = 23.145 us, total = 15.739 ms
	InternalKVGcsService.grpc_server.InternalKVGet - 679 total (0 active), CPU time: mean = 13.079 us, total = 8.880 ms
	NodeResourceInfoGcsService.grpc_server.GetAllResourceUsage - 359 total (0 active), CPU time: mean = 109.879 us, total = 39.446 ms
	NodeInfoGcsService.grpc_server.GetAllNodeInfo - 199 total (0 active), CPU time: mean = 44.405 us, total = 8.837 ms
	GCSServer.deadline_timer.debug_state_dump - 180 total (1 active), CPU time: mean = 282.754 us, total = 50.896 ms
	StatsGcsService.grpc_server.AddProfileData - 52 total (0 active), CPU time: mean = 17.589 us, total = 914.619 us
	GCSServer.deadline_timer.debug_state_event_stats_print - 30 total (1 active, 1 running), CPU time: mean = 224.602 us, total = 6.738 ms
	WorkerInfoGcsService.grpc_server.AddWorkerInfo - 18 total (0 active), CPU time: mean = 13.930 us, total = 250.741 us
	CoreWorkerService.grpc_client.WaitForActorOutOfScope - 16 total (16 active), CPU time: mean = 0.000 s, total = 0.000 s
	CoreWorkerService.grpc_client.PushTask - 16 total (0 active), CPU time: mean = 141.065 us, total = 2.257 ms
	ActorInfoGcsService.grpc_server.RegisterActor - 16 total (0 active), CPU time: mean = 1.181 ms, total = 18.900 ms
	NodeManagerService.grpc_client.RequestWorkerLease - 16 total (0 active), CPU time: mean = 131.295 us, total = 2.101 ms
	ActorInfoGcsService.grpc_server.CreateActor - 16 total (0 active), CPU time: mean = 166.665 us, total = 2.667 ms
	ActorInfoGcsService.grpc_server.GetActorInfo - 16 total (0 active), CPU time: mean = 12.192 us, total = 195.068 us
	GcsInMemoryStore.GetAll - 10 total (0 active), CPU time: mean = 1.727 ms, total = 17.268 ms
	PeriodicalRunner.RunFnPeriodically - 4 total (0 active), CPU time: mean = 55.248 us, total = 220.992 us
	InternalKVGcsService.grpc_server.InternalKVKeys - 4 total (0 active), CPU time: mean = 14.688 us, total = 58.751 us
	GcsInMemoryStore.Keys - 4 total (0 active), CPU time: mean = 25.164 us, total = 100.657 us
	JobInfoGcsService.grpc_server.GetAllJobInfo - 3 total (0 active), CPU time: mean = 53.993 us, total = 161.980 us
	JobInfoGcsService.grpc_server.GetNextJobID - 1 total (0 active), CPU time: mean = 34.760 us, total = 34.760 us
	PlacementGroupInfoGcsService.grpc_server.CreatePlacementGroup - 1 total (0 active), CPU time: mean = 52.167 us, total = 52.167 us
	NodeInfoGcsService.grpc_server.GetInternalConfig - 1 total (0 active), CPU time: mean = 9.521 us, total = 9.521 us
	JobInfoGcsService.grpc_server.AddJob - 1 total (0 active), CPU time: mean = 74.986 us, total = 74.986 us
	GcsInMemoryStore.Exists - 1 total (0 active), CPU time: mean = 19.018 us, total = 19.018 us
	PlacementGroupInfoGcsService.grpc_server.GetAllPlacementGroup - 1 total (0 active), CPU time: mean = 12.743 us, total = 12.743 us
	InternalKVGcsService.grpc_server.InternalKVExists - 1 total (0 active), CPU time: mean = 16.524 us, total = 16.524 us
	InternalKVGcsService.grpc_server.InternalKVDel - 1 total (0 active), CPU time: mean = 12.304 us, total = 12.304 us
	PlacementGroupInfoGcsService.grpc_server.GetPlacementGroup - 1 total (0 active), CPU time: mean = 46.228 us, total = 46.228 us
	NodeInfoGcsService.grpc_server.RegisterNode - 1 total (0 active), CPU time: mean = 56.550 us, total = 56.550 us
	GcsInMemoryStore.Delete - 1 total (0 active), CPU time: mean = 18.817 us, total = 18.817 us


[2026-01-30 14:33:25,953 I 3413005 3413005] (gcs_server) gcs_server.cc:186: GcsNodeManager: 
- RegisterNode request count: 1
- DrainNode request count: 0
- GetAllNodeInfo request count: 204
- GetInternalConfig request count: 1

GcsActorManager: 
- RegisterActor request count: 16
- CreateActor request count: 16
- GetActorInfo request count: 16
- GetNamedActorInfo request count: 0
- GetAllActorInfo request count: 0
- KillActor request count: 0
- ListNamedActors request count: 0
- Registered actors count: 16
- Destroyed actors count: 0
- Named actors count: 0
- Unresolved actors count: 0
- Pending actors count: 0
- Created actors count: 1
- owners_: 1
- actor_to_register_callbacks_: 0
- actor_to_create_callbacks_: 0
- sorted_destroyed_actor_list_: 0

GcsResourceManager: 
- GetResources request count: 0
- GetAllAvailableResources request count0
- ReportResourceUsage request count: 0
- GetAllResourceUsage request count: 371

GcsPlacementGroupManager: 
- CreatePlacementGroup request count: 1
- RemovePlacementGroup request count: 0
- GetPlacementGroup request count: 1
- GetAllPlacementGroup request count: 1
- WaitPlacementGroupUntilReady request count: 0
- GetNamedPlacementGroup request count: 0
- Scheduling pending placement group count: 3510
- Registered placement groups count: 1
- Named placement group count: 1
- Pending placement groups count: 1
- Infeasible placement groups count: 0

GcsPublisher {}

[runtime env manager] ID to URIs table:
[runtime env manager] URIs reference table:

GrpcBasedResourceBroadcaster:
- Tracked nodes: 1
[2026-01-30 14:33:25,953 I 3413005 3413005] (gcs_server) gcs_server.cc:736: Event stats:


Global stats: 87500 total (20 active)
Queueing time: mean = 10.507 us, max = 16.617 ms, min = 748.000 ns, total = 919.384 ms
Execution time:  mean = 14.169 us, total = 1.240 s
Event stats:
	RaySyncer.deadline_timer.report_resource_report - 18598 total (1 active), CPU time: mean = 5.157 us, total = 95.907 ms
	ResourceUpdate - 18387 total (0 active), CPU time: mean = 8.069 us, total = 148.368 ms
	NodeManagerService.grpc_client.RequestResourceReport - 18387 total (0 active), CPU time: mean = 22.535 us, total = 414.350 ms
	NodeManagerService.grpc_client.UpdateResourceUsage - 18386 total (0 active), CPU time: mean = 6.862 us, total = 126.156 ms
	GcsInMemoryStore.Put - 3017 total (0 active), CPU time: mean = 31.518 us, total = 95.089 ms
	InternalKVGcsService.grpc_server.InternalKVPut - 2879 total (0 active), CPU time: mean = 15.500 us, total = 44.624 ms
	RayletLoadPulled - 1860 total (1 active), CPU time: mean = 61.922 us, total = 115.175 ms
	NodeManagerService.grpc_client.GetResourceLoad - 1854 total (0 active), CPU time: mean = 10.725 us, total = 19.884 ms
	GcsPlacementGroupManager.SchedulePendingPlacementGroups - 1755 total (0 active), CPU time: mean = 79.305 ns, total = 139.180 us
	GcsInMemoryStore.Get - 692 total (0 active), CPU time: mean = 23.191 us, total = 16.048 ms
	InternalKVGcsService.grpc_server.InternalKVGet - 691 total (0 active), CPU time: mean = 13.207 us, total = 9.126 ms
	NodeResourceInfoGcsService.grpc_server.GetAllResourceUsage - 371 total (0 active), CPU time: mean = 109.988 us, total = 40.806 ms
	NodeInfoGcsService.grpc_server.GetAllNodeInfo - 204 total (0 active), CPU time: mean = 44.380 us, total = 9.054 ms
	GCSServer.deadline_timer.debug_state_dump - 186 total (1 active), CPU time: mean = 282.757 us, total = 52.593 ms
	StatsGcsService.grpc_server.AddProfileData - 52 total (0 active), CPU time: mean = 17.589 us, total = 914.619 us
	GCSServer.deadline_timer.debug_state_event_stats_print - 31 total (1 active, 1 running), CPU time: mean = 226.324 us, total = 7.016 ms
	WorkerInfoGcsService.grpc_server.AddWorkerInfo - 18 total (0 active), CPU time: mean = 13.930 us, total = 250.741 us
	CoreWorkerService.grpc_client.WaitForActorOutOfScope - 16 total (16 active), CPU time: mean = 0.000 s, total = 0.000 s
	CoreWorkerService.grpc_client.PushTask - 16 total (0 active), CPU time: mean = 141.065 us, total = 2.257 ms
	ActorInfoGcsService.grpc_server.RegisterActor - 16 total (0 active), CPU time: mean = 1.181 ms, total = 18.900 ms
	NodeManagerService.grpc_client.RequestWorkerLease - 16 total (0 active), CPU time: mean = 131.295 us, total = 2.101 ms
	ActorInfoGcsService.grpc_server.CreateActor - 16 total (0 active), CPU time: mean = 166.665 us, total = 2.667 ms
	ActorInfoGcsService.grpc_server.GetActorInfo - 16 total (0 active), CPU time: mean = 12.192 us, total = 195.068 us
	GcsInMemoryStore.GetAll - 10 total (0 active), CPU time: mean = 1.727 ms, total = 17.268 ms
	PeriodicalRunner.RunFnPeriodically - 4 total (0 active), CPU time: mean = 55.248 us, total = 220.992 us
	InternalKVGcsService.grpc_server.InternalKVKeys - 4 total (0 active), CPU time: mean = 14.688 us, total = 58.751 us
	GcsInMemoryStore.Keys - 4 total (0 active), CPU time: mean = 25.164 us, total = 100.657 us
	JobInfoGcsService.grpc_server.GetAllJobInfo - 3 total (0 active), CPU time: mean = 53.993 us, total = 161.980 us
	JobInfoGcsService.grpc_server.GetNextJobID - 1 total (0 active), CPU time: mean = 34.760 us, total = 34.760 us
	PlacementGroupInfoGcsService.grpc_server.CreatePlacementGroup - 1 total (0 active), CPU time: mean = 52.167 us, total = 52.167 us
	NodeInfoGcsService.grpc_server.GetInternalConfig - 1 total (0 active), CPU time: mean = 9.521 us, total = 9.521 us
	JobInfoGcsService.grpc_server.AddJob - 1 total (0 active), CPU time: mean = 74.986 us, total = 74.986 us
	GcsInMemoryStore.Exists - 1 total (0 active), CPU time: mean = 19.018 us, total = 19.018 us
	PlacementGroupInfoGcsService.grpc_server.GetAllPlacementGroup - 1 total (0 active), CPU time: mean = 12.743 us, total = 12.743 us
	InternalKVGcsService.grpc_server.InternalKVExists - 1 total (0 active), CPU time: mean = 16.524 us, total = 16.524 us
	InternalKVGcsService.grpc_server.InternalKVDel - 1 total (0 active), CPU time: mean = 12.304 us, total = 12.304 us
	PlacementGroupInfoGcsService.grpc_server.GetPlacementGroup - 1 total (0 active), CPU time: mean = 46.228 us, total = 46.228 us
	NodeInfoGcsService.grpc_server.RegisterNode - 1 total (0 active), CPU time: mean = 56.550 us, total = 56.550 us
	GcsInMemoryStore.Delete - 1 total (0 active), CPU time: mean = 18.817 us, total = 18.817 us


[2026-01-30 14:34:25,953 I 3413005 3413005] (gcs_server) gcs_server.cc:186: GcsNodeManager: 
- RegisterNode request count: 1
- DrainNode request count: 0
- GetAllNodeInfo request count: 210
- GetInternalConfig request count: 1

GcsActorManager: 
- RegisterActor request count: 16
- CreateActor request count: 16
- GetActorInfo request count: 16
- GetNamedActorInfo request count: 0
- GetAllActorInfo request count: 0
- KillActor request count: 0
- ListNamedActors request count: 0
- Registered actors count: 16
- Destroyed actors count: 0
- Named actors count: 0
- Unresolved actors count: 0
- Pending actors count: 0
- Created actors count: 1
- owners_: 1
- actor_to_register_callbacks_: 0
- actor_to_create_callbacks_: 0
- sorted_destroyed_actor_list_: 0

GcsResourceManager: 
- GetResources request count: 0
- GetAllAvailableResources request count0
- ReportResourceUsage request count: 0
- GetAllResourceUsage request count: 383

GcsPlacementGroupManager: 
- CreatePlacementGroup request count: 1
- RemovePlacementGroup request count: 0
- GetPlacementGroup request count: 1
- GetAllPlacementGroup request count: 1
- WaitPlacementGroupUntilReady request count: 0
- GetNamedPlacementGroup request count: 0
- Scheduling pending placement group count: 3630
- Registered placement groups count: 1
- Named placement group count: 1
- Pending placement groups count: 1
- Infeasible placement groups count: 0

GcsPublisher {}

[runtime env manager] ID to URIs table:
[runtime env manager] URIs reference table:

GrpcBasedResourceBroadcaster:
- Tracked nodes: 1
[2026-01-30 14:34:25,954 I 3413005 3413005] (gcs_server) gcs_server.cc:736: Event stats:


Global stats: 90286 total (20 active)
Queueing time: mean = 10.468 us, max = 16.617 ms, min = 748.000 ns, total = 945.086 ms
Execution time:  mean = 14.117 us, total = 1.275 s
Event stats:
	RaySyncer.deadline_timer.report_resource_report - 19198 total (1 active), CPU time: mean = 5.164 us, total = 99.134 ms
	NodeManagerService.grpc_client.UpdateResourceUsage - 18983 total (0 active), CPU time: mean = 6.856 us, total = 130.141 ms
	ResourceUpdate - 18983 total (0 active), CPU time: mean = 8.059 us, total = 152.978 ms
	NodeManagerService.grpc_client.RequestResourceReport - 18983 total (0 active), CPU time: mean = 22.465 us, total = 426.453 ms
	GcsInMemoryStore.Put - 3101 total (0 active), CPU time: mean = 31.360 us, total = 97.246 ms
	InternalKVGcsService.grpc_server.InternalKVPut - 2963 total (0 active), CPU time: mean = 15.450 us, total = 45.779 ms
	RayletLoadPulled - 1920 total (1 active), CPU time: mean = 61.519 us, total = 118.116 ms
	NodeManagerService.grpc_client.GetResourceLoad - 1914 total (0 active), CPU time: mean = 10.709 us, total = 20.497 ms
	GcsPlacementGroupManager.SchedulePendingPlacementGroups - 1815 total (0 active), CPU time: mean = 79.571 ns, total = 144.421 us
	GcsInMemoryStore.Get - 704 total (0 active), CPU time: mean = 23.184 us, total = 16.321 ms
	InternalKVGcsService.grpc_server.InternalKVGet - 703 total (0 active), CPU time: mean = 13.282 us, total = 9.338 ms
	NodeResourceInfoGcsService.grpc_server.GetAllResourceUsage - 383 total (0 active), CPU time: mean = 110.075 us, total = 42.159 ms
	NodeInfoGcsService.grpc_server.GetAllNodeInfo - 210 total (0 active), CPU time: mean = 44.248 us, total = 9.292 ms
	GCSServer.deadline_timer.debug_state_dump - 192 total (1 active), CPU time: mean = 282.811 us, total = 54.300 ms
	StatsGcsService.grpc_server.AddProfileData - 52 total (0 active), CPU time: mean = 17.589 us, total = 914.619 us
	GCSServer.deadline_timer.debug_state_event_stats_print - 32 total (1 active, 1 running), CPU time: mean = 225.958 us, total = 7.231 ms
	WorkerInfoGcsService.grpc_server.AddWorkerInfo - 18 total (0 active), CPU time: mean = 13.930 us, total = 250.741 us
	CoreWorkerService.grpc_client.WaitForActorOutOfScope - 16 total (16 active), CPU time: mean = 0.000 s, total = 0.000 s
	CoreWorkerService.grpc_client.PushTask - 16 total (0 active), CPU time: mean = 141.065 us, total = 2.257 ms
	ActorInfoGcsService.grpc_server.RegisterActor - 16 total (0 active), CPU time: mean = 1.181 ms, total = 18.900 ms
	NodeManagerService.grpc_client.RequestWorkerLease - 16 total (0 active), CPU time: mean = 131.295 us, total = 2.101 ms
	ActorInfoGcsService.grpc_server.CreateActor - 16 total (0 active), CPU time: mean = 166.665 us, total = 2.667 ms
	ActorInfoGcsService.grpc_server.GetActorInfo - 16 total (0 active), CPU time: mean = 12.192 us, total = 195.068 us
	GcsInMemoryStore.GetAll - 10 total (0 active), CPU time: mean = 1.727 ms, total = 17.268 ms
	PeriodicalRunner.RunFnPeriodically - 4 total (0 active), CPU time: mean = 55.248 us, total = 220.992 us
	InternalKVGcsService.grpc_server.InternalKVKeys - 4 total (0 active), CPU time: mean = 14.688 us, total = 58.751 us
	GcsInMemoryStore.Keys - 4 total (0 active), CPU time: mean = 25.164 us, total = 100.657 us
	JobInfoGcsService.grpc_server.GetAllJobInfo - 3 total (0 active), CPU time: mean = 53.993 us, total = 161.980 us
	JobInfoGcsService.grpc_server.GetNextJobID - 1 total (0 active), CPU time: mean = 34.760 us, total = 34.760 us
	PlacementGroupInfoGcsService.grpc_server.CreatePlacementGroup - 1 total (0 active), CPU time: mean = 52.167 us, total = 52.167 us
	NodeInfoGcsService.grpc_server.GetInternalConfig - 1 total (0 active), CPU time: mean = 9.521 us, total = 9.521 us
	JobInfoGcsService.grpc_server.AddJob - 1 total (0 active), CPU time: mean = 74.986 us, total = 74.986 us
	GcsInMemoryStore.Exists - 1 total (0 active), CPU time: mean = 19.018 us, total = 19.018 us
	PlacementGroupInfoGcsService.grpc_server.GetAllPlacementGroup - 1 total (0 active), CPU time: mean = 12.743 us, total = 12.743 us
	InternalKVGcsService.grpc_server.InternalKVExists - 1 total (0 active), CPU time: mean = 16.524 us, total = 16.524 us
	InternalKVGcsService.grpc_server.InternalKVDel - 1 total (0 active), CPU time: mean = 12.304 us, total = 12.304 us
	PlacementGroupInfoGcsService.grpc_server.GetPlacementGroup - 1 total (0 active), CPU time: mean = 46.228 us, total = 46.228 us
	NodeInfoGcsService.grpc_server.RegisterNode - 1 total (0 active), CPU time: mean = 56.550 us, total = 56.550 us
	GcsInMemoryStore.Delete - 1 total (0 active), CPU time: mean = 18.817 us, total = 18.817 us


[2026-01-30 14:35:25,954 I 3413005 3413005] (gcs_server) gcs_server.cc:186: GcsNodeManager: 
- RegisterNode request count: 1
- DrainNode request count: 0
- GetAllNodeInfo request count: 216
- GetInternalConfig request count: 1

GcsActorManager: 
- RegisterActor request count: 16
- CreateActor request count: 16
- GetActorInfo request count: 16
- GetNamedActorInfo request count: 0
- GetAllActorInfo request count: 0
- KillActor request count: 0
- ListNamedActors request count: 0
- Registered actors count: 16
- Destroyed actors count: 0
- Named actors count: 0
- Unresolved actors count: 0
- Pending actors count: 0
- Created actors count: 1
- owners_: 1
- actor_to_register_callbacks_: 0
- actor_to_create_callbacks_: 0
- sorted_destroyed_actor_list_: 0

GcsResourceManager: 
- GetResources request count: 0
- GetAllAvailableResources request count0
- ReportResourceUsage request count: 0
- GetAllResourceUsage request count: 395

GcsPlacementGroupManager: 
- CreatePlacementGroup request count: 1
- RemovePlacementGroup request count: 0
- GetPlacementGroup request count: 1
- GetAllPlacementGroup request count: 1
- WaitPlacementGroupUntilReady request count: 0
- GetNamedPlacementGroup request count: 0
- Scheduling pending placement group count: 3750
- Registered placement groups count: 1
- Named placement group count: 1
- Pending placement groups count: 1
- Infeasible placement groups count: 0

GcsPublisher {}

[runtime env manager] ID to URIs table:
[runtime env manager] URIs reference table:

GrpcBasedResourceBroadcaster:
- Tracked nodes: 1
[2026-01-30 14:35:25,954 I 3413005 3413005] (gcs_server) gcs_server.cc:736: Event stats:


Global stats: 93066 total (20 active)
Queueing time: mean = 10.430 us, max = 16.617 ms, min = 748.000 ns, total = 970.634 ms
Execution time:  mean = 14.080 us, total = 1.310 s
Event stats:
	RaySyncer.deadline_timer.report_resource_report - 19797 total (1 active), CPU time: mean = 5.174 us, total = 102.425 ms
	ResourceUpdate - 19578 total (0 active), CPU time: mean = 8.046 us, total = 157.533 ms
	NodeManagerService.grpc_client.RequestResourceReport - 19578 total (0 active), CPU time: mean = 22.403 us, total = 438.604 ms
	NodeManagerService.grpc_client.UpdateResourceUsage - 19577 total (0 active), CPU time: mean = 6.857 us, total = 134.243 ms
	GcsInMemoryStore.Put - 3185 total (0 active), CPU time: mean = 31.301 us, total = 99.692 ms
	InternalKVGcsService.grpc_server.InternalKVPut - 3047 total (0 active), CPU time: mean = 15.455 us, total = 47.091 ms
	RayletLoadPulled - 1980 total (1 active), CPU time: mean = 61.201 us, total = 121.179 ms
	NodeManagerService.grpc_client.GetResourceLoad - 1974 total (0 active), CPU time: mean = 10.711 us, total = 21.143 ms
	GcsPlacementGroupManager.SchedulePendingPlacementGroups - 1875 total (0 active), CPU time: mean = 79.965 ns, total = 149.934 us
	GcsInMemoryStore.Get - 716 total (0 active), CPU time: mean = 23.216 us, total = 16.623 ms
	InternalKVGcsService.grpc_server.InternalKVGet - 715 total (0 active), CPU time: mean = 13.379 us, total = 9.566 ms
	NodeResourceInfoGcsService.grpc_server.GetAllResourceUsage - 395 total (0 active), CPU time: mean = 110.391 us, total = 43.605 ms
	NodeInfoGcsService.grpc_server.GetAllNodeInfo - 216 total (0 active), CPU time: mean = 44.303 us, total = 9.569 ms
	GCSServer.deadline_timer.debug_state_dump - 198 total (1 active), CPU time: mean = 282.885 us, total = 56.011 ms
	StatsGcsService.grpc_server.AddProfileData - 52 total (0 active), CPU time: mean = 17.589 us, total = 914.619 us
	GCSServer.deadline_timer.debug_state_event_stats_print - 33 total (1 active, 1 running), CPU time: mean = 226.592 us, total = 7.478 ms
	WorkerInfoGcsService.grpc_server.AddWorkerInfo - 18 total (0 active), CPU time: mean = 13.930 us, total = 250.741 us
	CoreWorkerService.grpc_client.WaitForActorOutOfScope - 16 total (16 active), CPU time: mean = 0.000 s, total = 0.000 s
	CoreWorkerService.grpc_client.PushTask - 16 total (0 active), CPU time: mean = 141.065 us, total = 2.257 ms
	ActorInfoGcsService.grpc_server.RegisterActor - 16 total (0 active), CPU time: mean = 1.181 ms, total = 18.900 ms
	NodeManagerService.grpc_client.RequestWorkerLease - 16 total (0 active), CPU time: mean = 131.295 us, total = 2.101 ms
	ActorInfoGcsService.grpc_server.CreateActor - 16 total (0 active), CPU time: mean = 166.665 us, total = 2.667 ms
	ActorInfoGcsService.grpc_server.GetActorInfo - 16 total (0 active), CPU time: mean = 12.192 us, total = 195.068 us
	GcsInMemoryStore.GetAll - 10 total (0 active), CPU time: mean = 1.727 ms, total = 17.268 ms
	PeriodicalRunner.RunFnPeriodically - 4 total (0 active), CPU time: mean = 55.248 us, total = 220.992 us
	InternalKVGcsService.grpc_server.InternalKVKeys - 4 total (0 active), CPU time: mean = 14.688 us, total = 58.751 us
	GcsInMemoryStore.Keys - 4 total (0 active), CPU time: mean = 25.164 us, total = 100.657 us
	JobInfoGcsService.grpc_server.GetAllJobInfo - 3 total (0 active), CPU time: mean = 53.993 us, total = 161.980 us
	JobInfoGcsService.grpc_server.GetNextJobID - 1 total (0 active), CPU time: mean = 34.760 us, total = 34.760 us
	PlacementGroupInfoGcsService.grpc_server.CreatePlacementGroup - 1 total (0 active), CPU time: mean = 52.167 us, total = 52.167 us
	NodeInfoGcsService.grpc_server.GetInternalConfig - 1 total (0 active), CPU time: mean = 9.521 us, total = 9.521 us
	JobInfoGcsService.grpc_server.AddJob - 1 total (0 active), CPU time: mean = 74.986 us, total = 74.986 us
	GcsInMemoryStore.Exists - 1 total (0 active), CPU time: mean = 19.018 us, total = 19.018 us
	PlacementGroupInfoGcsService.grpc_server.GetAllPlacementGroup - 1 total (0 active), CPU time: mean = 12.743 us, total = 12.743 us
	InternalKVGcsService.grpc_server.InternalKVExists - 1 total (0 active), CPU time: mean = 16.524 us, total = 16.524 us
	InternalKVGcsService.grpc_server.InternalKVDel - 1 total (0 active), CPU time: mean = 12.304 us, total = 12.304 us
	PlacementGroupInfoGcsService.grpc_server.GetPlacementGroup - 1 total (0 active), CPU time: mean = 46.228 us, total = 46.228 us
	NodeInfoGcsService.grpc_server.RegisterNode - 1 total (0 active), CPU time: mean = 56.550 us, total = 56.550 us
	GcsInMemoryStore.Delete - 1 total (0 active), CPU time: mean = 18.817 us, total = 18.817 us


[2026-01-30 14:36:25,954 I 3413005 3413005] (gcs_server) gcs_server.cc:186: GcsNodeManager: 
- RegisterNode request count: 1
- DrainNode request count: 0
- GetAllNodeInfo request count: 222
- GetInternalConfig request count: 1

GcsActorManager: 
- RegisterActor request count: 16
- CreateActor request count: 16
- GetActorInfo request count: 16
- GetNamedActorInfo request count: 0
- GetAllActorInfo request count: 0
- KillActor request count: 0
- ListNamedActors request count: 0
- Registered actors count: 16
- Destroyed actors count: 0
- Named actors count: 0
- Unresolved actors count: 0
- Pending actors count: 0
- Created actors count: 1
- owners_: 1
- actor_to_register_callbacks_: 0
- actor_to_create_callbacks_: 0
- sorted_destroyed_actor_list_: 0

GcsResourceManager: 
- GetResources request count: 0
- GetAllAvailableResources request count0
- ReportResourceUsage request count: 0
- GetAllResourceUsage request count: 407

GcsPlacementGroupManager: 
- CreatePlacementGroup request count: 1
- RemovePlacementGroup request count: 0
- GetPlacementGroup request count: 1
- GetAllPlacementGroup request count: 1
- WaitPlacementGroupUntilReady request count: 0
- GetNamedPlacementGroup request count: 0
- Scheduling pending placement group count: 3870
- Registered placement groups count: 1
- Named placement group count: 1
- Pending placement groups count: 1
- Infeasible placement groups count: 0

GcsPublisher {}

[runtime env manager] ID to URIs table:
[runtime env manager] URIs reference table:

GrpcBasedResourceBroadcaster:
- Tracked nodes: 1
[2026-01-30 14:36:25,954 I 3413005 3413005] (gcs_server) gcs_server.cc:736: Event stats:


Global stats: 95854 total (20 active)
Queueing time: mean = 10.409 us, max = 16.617 ms, min = 748.000 ns, total = 997.724 ms
Execution time:  mean = 14.050 us, total = 1.347 s
Event stats:
	RaySyncer.deadline_timer.report_resource_report - 20397 total (1 active), CPU time: mean = 5.190 us, total = 105.864 ms
	ResourceUpdate - 20175 total (0 active), CPU time: mean = 8.032 us, total = 162.055 ms
	NodeManagerService.grpc_client.RequestResourceReport - 20175 total (0 active), CPU time: mean = 22.357 us, total = 451.062 ms
	NodeManagerService.grpc_client.UpdateResourceUsage - 20174 total (0 active), CPU time: mean = 6.856 us, total = 138.315 ms
	GcsInMemoryStore.Put - 3269 total (0 active), CPU time: mean = 31.265 us, total = 102.204 ms
	InternalKVGcsService.grpc_server.InternalKVPut - 3131 total (0 active), CPU time: mean = 15.466 us, total = 48.424 ms
	RayletLoadPulled - 2040 total (1 active), CPU time: mean = 61.125 us, total = 124.696 ms
	NodeManagerService.grpc_client.GetResourceLoad - 2034 total (0 active), CPU time: mean = 10.719 us, total = 21.803 ms
	GcsPlacementGroupManager.SchedulePendingPlacementGroups - 1935 total (0 active), CPU time: mean = 80.610 ns, total = 155.980 us
	GcsInMemoryStore.Get - 728 total (0 active), CPU time: mean = 23.225 us, total = 16.908 ms
	InternalKVGcsService.grpc_server.InternalKVGet - 727 total (0 active), CPU time: mean = 13.466 us, total = 9.789 ms
	NodeResourceInfoGcsService.grpc_server.GetAllResourceUsage - 407 total (0 active), CPU time: mean = 109.950 us, total = 44.750 ms
	NodeInfoGcsService.grpc_server.GetAllNodeInfo - 222 total (0 active), CPU time: mean = 44.052 us, total = 9.780 ms
	GCSServer.deadline_timer.debug_state_dump - 204 total (1 active), CPU time: mean = 283.063 us, total = 57.745 ms
	StatsGcsService.grpc_server.AddProfileData - 52 total (0 active), CPU time: mean = 17.589 us, total = 914.619 us
	GCSServer.deadline_timer.debug_state_event_stats_print - 34 total (1 active, 1 running), CPU time: mean = 227.089 us, total = 7.721 ms
	WorkerInfoGcsService.grpc_server.AddWorkerInfo - 18 total (0 active), CPU time: mean = 13.930 us, total = 250.741 us
	CoreWorkerService.grpc_client.WaitForActorOutOfScope - 16 total (16 active), CPU time: mean = 0.000 s, total = 0.000 s
	CoreWorkerService.grpc_client.PushTask - 16 total (0 active), CPU time: mean = 141.065 us, total = 2.257 ms
	ActorInfoGcsService.grpc_server.RegisterActor - 16 total (0 active), CPU time: mean = 1.181 ms, total = 18.900 ms
	NodeManagerService.grpc_client.RequestWorkerLease - 16 total (0 active), CPU time: mean = 131.295 us, total = 2.101 ms
	ActorInfoGcsService.grpc_server.CreateActor - 16 total (0 active), CPU time: mean = 166.665 us, total = 2.667 ms
	ActorInfoGcsService.grpc_server.GetActorInfo - 16 total (0 active), CPU time: mean = 12.192 us, total = 195.068 us
	GcsInMemoryStore.GetAll - 10 total (0 active), CPU time: mean = 1.727 ms, total = 17.268 ms
	PeriodicalRunner.RunFnPeriodically - 4 total (0 active), CPU time: mean = 55.248 us, total = 220.992 us
	InternalKVGcsService.grpc_server.InternalKVKeys - 4 total (0 active), CPU time: mean = 14.688 us, total = 58.751 us
	GcsInMemoryStore.Keys - 4 total (0 active), CPU time: mean = 25.164 us, total = 100.657 us
	JobInfoGcsService.grpc_server.GetAllJobInfo - 3 total (0 active), CPU time: mean = 53.993 us, total = 161.980 us
	JobInfoGcsService.grpc_server.GetNextJobID - 1 total (0 active), CPU time: mean = 34.760 us, total = 34.760 us
	PlacementGroupInfoGcsService.grpc_server.CreatePlacementGroup - 1 total (0 active), CPU time: mean = 52.167 us, total = 52.167 us
	NodeInfoGcsService.grpc_server.GetInternalConfig - 1 total (0 active), CPU time: mean = 9.521 us, total = 9.521 us
	JobInfoGcsService.grpc_server.AddJob - 1 total (0 active), CPU time: mean = 74.986 us, total = 74.986 us
	GcsInMemoryStore.Exists - 1 total (0 active), CPU time: mean = 19.018 us, total = 19.018 us
	PlacementGroupInfoGcsService.grpc_server.GetAllPlacementGroup - 1 total (0 active), CPU time: mean = 12.743 us, total = 12.743 us
	InternalKVGcsService.grpc_server.InternalKVExists - 1 total (0 active), CPU time: mean = 16.524 us, total = 16.524 us
	InternalKVGcsService.grpc_server.InternalKVDel - 1 total (0 active), CPU time: mean = 12.304 us, total = 12.304 us
	PlacementGroupInfoGcsService.grpc_server.GetPlacementGroup - 1 total (0 active), CPU time: mean = 46.228 us, total = 46.228 us
	NodeInfoGcsService.grpc_server.RegisterNode - 1 total (0 active), CPU time: mean = 56.550 us, total = 56.550 us
	GcsInMemoryStore.Delete - 1 total (0 active), CPU time: mean = 18.817 us, total = 18.817 us


[2026-01-30 14:37:25,954 I 3413005 3413005] (gcs_server) gcs_server.cc:186: GcsNodeManager: 
- RegisterNode request count: 1
- DrainNode request count: 0
- GetAllNodeInfo request count: 228
- GetInternalConfig request count: 1

GcsActorManager: 
- RegisterActor request count: 16
- CreateActor request count: 16
- GetActorInfo request count: 16
- GetNamedActorInfo request count: 0
- GetAllActorInfo request count: 0
- KillActor request count: 0
- ListNamedActors request count: 0
- Registered actors count: 16
- Destroyed actors count: 0
- Named actors count: 0
- Unresolved actors count: 0
- Pending actors count: 0
- Created actors count: 1
- owners_: 1
- actor_to_register_callbacks_: 0
- actor_to_create_callbacks_: 0
- sorted_destroyed_actor_list_: 0

GcsResourceManager: 
- GetResources request count: 0
- GetAllAvailableResources request count0
- ReportResourceUsage request count: 0
- GetAllResourceUsage request count: 419

GcsPlacementGroupManager: 
- CreatePlacementGroup request count: 1
- RemovePlacementGroup request count: 0
- GetPlacementGroup request count: 1
- GetAllPlacementGroup request count: 1
- WaitPlacementGroupUntilReady request count: 0
- GetNamedPlacementGroup request count: 0
- Scheduling pending placement group count: 3990
- Registered placement groups count: 1
- Named placement group count: 1
- Pending placement groups count: 1
- Infeasible placement groups count: 0

GcsPublisher {}

[runtime env manager] ID to URIs table:
[runtime env manager] URIs reference table:

GrpcBasedResourceBroadcaster:
- Tracked nodes: 1
[2026-01-30 14:37:25,954 I 3413005 3413005] (gcs_server) gcs_server.cc:736: Event stats:


Global stats: 98637 total (20 active)
Queueing time: mean = 10.381 us, max = 16.617 ms, min = 748.000 ns, total = 1.024 s
Execution time:  mean = 14.026 us, total = 1.384 s
Event stats:
	RaySyncer.deadline_timer.report_resource_report - 20997 total (1 active), CPU time: mean = 5.204 us, total = 109.267 ms
	NodeManagerService.grpc_client.UpdateResourceUsage - 20770 total (0 active), CPU time: mean = 6.859 us, total = 142.461 ms
	ResourceUpdate - 20770 total (0 active), CPU time: mean = 8.022 us, total = 166.622 ms
	NodeManagerService.grpc_client.RequestResourceReport - 20770 total (0 active), CPU time: mean = 22.314 us, total = 463.457 ms
	GcsInMemoryStore.Put - 3353 total (0 active), CPU time: mean = 31.259 us, total = 104.811 ms
	InternalKVGcsService.grpc_server.InternalKVPut - 3215 total (0 active), CPU time: mean = 15.507 us, total = 49.856 ms
	RayletLoadPulled - 2100 total (1 active), CPU time: mean = 61.127 us, total = 128.368 ms
	NodeManagerService.grpc_client.GetResourceLoad - 2094 total (0 active), CPU time: mean = 10.736 us, total = 22.481 ms
	GcsPlacementGroupManager.SchedulePendingPlacementGroups - 1995 total (0 active), CPU time: mean = 80.732 ns, total = 161.060 us
	GcsInMemoryStore.Get - 740 total (0 active), CPU time: mean = 23.233 us, total = 17.192 ms
	InternalKVGcsService.grpc_server.InternalKVGet - 739 total (0 active), CPU time: mean = 13.553 us, total = 10.016 ms
	NodeResourceInfoGcsService.grpc_server.GetAllResourceUsage - 419 total (0 active), CPU time: mean = 109.624 us, total = 45.932 ms
	NodeInfoGcsService.grpc_server.GetAllNodeInfo - 228 total (0 active), CPU time: mean = 43.988 us, total = 10.029 ms
	GCSServer.deadline_timer.debug_state_dump - 210 total (1 active), CPU time: mean = 283.308 us, total = 59.495 ms
	StatsGcsService.grpc_server.AddProfileData - 52 total (0 active), CPU time: mean = 17.589 us, total = 914.619 us
	GCSServer.deadline_timer.debug_state_event_stats_print - 35 total (1 active, 1 running), CPU time: mean = 226.412 us, total = 7.924 ms
	WorkerInfoGcsService.grpc_server.AddWorkerInfo - 18 total (0 active), CPU time: mean = 13.930 us, total = 250.741 us
	CoreWorkerService.grpc_client.WaitForActorOutOfScope - 16 total (16 active), CPU time: mean = 0.000 s, total = 0.000 s
	CoreWorkerService.grpc_client.PushTask - 16 total (0 active), CPU time: mean = 141.065 us, total = 2.257 ms
	ActorInfoGcsService.grpc_server.RegisterActor - 16 total (0 active), CPU time: mean = 1.181 ms, total = 18.900 ms
	NodeManagerService.grpc_client.RequestWorkerLease - 16 total (0 active), CPU time: mean = 131.295 us, total = 2.101 ms
	ActorInfoGcsService.grpc_server.CreateActor - 16 total (0 active), CPU time: mean = 166.665 us, total = 2.667 ms
	ActorInfoGcsService.grpc_server.GetActorInfo - 16 total (0 active), CPU time: mean = 12.192 us, total = 195.068 us
	GcsInMemoryStore.GetAll - 10 total (0 active), CPU time: mean = 1.727 ms, total = 17.268 ms
	PeriodicalRunner.RunFnPeriodically - 4 total (0 active), CPU time: mean = 55.248 us, total = 220.992 us
	InternalKVGcsService.grpc_server.InternalKVKeys - 4 total (0 active), CPU time: mean = 14.688 us, total = 58.751 us
	GcsInMemoryStore.Keys - 4 total (0 active), CPU time: mean = 25.164 us, total = 100.657 us
	JobInfoGcsService.grpc_server.GetAllJobInfo - 3 total (0 active), CPU time: mean = 53.993 us, total = 161.980 us
	JobInfoGcsService.grpc_server.GetNextJobID - 1 total (0 active), CPU time: mean = 34.760 us, total = 34.760 us
	PlacementGroupInfoGcsService.grpc_server.CreatePlacementGroup - 1 total (0 active), CPU time: mean = 52.167 us, total = 52.167 us
	NodeInfoGcsService.grpc_server.GetInternalConfig - 1 total (0 active), CPU time: mean = 9.521 us, total = 9.521 us
	JobInfoGcsService.grpc_server.AddJob - 1 total (0 active), CPU time: mean = 74.986 us, total = 74.986 us
	GcsInMemoryStore.Exists - 1 total (0 active), CPU time: mean = 19.018 us, total = 19.018 us
	PlacementGroupInfoGcsService.grpc_server.GetAllPlacementGroup - 1 total (0 active), CPU time: mean = 12.743 us, total = 12.743 us
	InternalKVGcsService.grpc_server.InternalKVExists - 1 total (0 active), CPU time: mean = 16.524 us, total = 16.524 us
	InternalKVGcsService.grpc_server.InternalKVDel - 1 total (0 active), CPU time: mean = 12.304 us, total = 12.304 us
	PlacementGroupInfoGcsService.grpc_server.GetPlacementGroup - 1 total (0 active), CPU time: mean = 46.228 us, total = 46.228 us
	NodeInfoGcsService.grpc_server.RegisterNode - 1 total (0 active), CPU time: mean = 56.550 us, total = 56.550 us
	GcsInMemoryStore.Delete - 1 total (0 active), CPU time: mean = 18.817 us, total = 18.817 us


[2026-01-30 14:38:25,954 I 3413005 3413005] (gcs_server) gcs_server.cc:186: GcsNodeManager: 
- RegisterNode request count: 1
- DrainNode request count: 0
- GetAllNodeInfo request count: 234
- GetInternalConfig request count: 1

GcsActorManager: 
- RegisterActor request count: 16
- CreateActor request count: 16
- GetActorInfo request count: 16
- GetNamedActorInfo request count: 0
- GetAllActorInfo request count: 0
- KillActor request count: 0
- ListNamedActors request count: 0
- Registered actors count: 16
- Destroyed actors count: 0
- Named actors count: 0
- Unresolved actors count: 0
- Pending actors count: 0
- Created actors count: 1
- owners_: 1
- actor_to_register_callbacks_: 0
- actor_to_create_callbacks_: 0
- sorted_destroyed_actor_list_: 0

GcsResourceManager: 
- GetResources request count: 0
- GetAllAvailableResources request count0
- ReportResourceUsage request count: 0
- GetAllResourceUsage request count: 431

GcsPlacementGroupManager: 
- CreatePlacementGroup request count: 1
- RemovePlacementGroup request count: 0
- GetPlacementGroup request count: 1
- GetAllPlacementGroup request count: 1
- WaitPlacementGroupUntilReady request count: 0
- GetNamedPlacementGroup request count: 0
- Scheduling pending placement group count: 4110
- Registered placement groups count: 1
- Named placement group count: 1
- Pending placement groups count: 1
- Infeasible placement groups count: 0

GcsPublisher {}

[runtime env manager] ID to URIs table:
[runtime env manager] URIs reference table:

GrpcBasedResourceBroadcaster:
- Tracked nodes: 1
[2026-01-30 14:38:25,954 I 3413005 3413005] (gcs_server) gcs_server.cc:736: Event stats:


Global stats: 101424 total (20 active)
Queueing time: mean = 10.352 us, max = 16.617 ms, min = 748.000 ns, total = 1.050 s
Execution time:  mean = 13.998 us, total = 1.420 s
Event stats:
	RaySyncer.deadline_timer.report_resource_report - 21597 total (1 active), CPU time: mean = 5.218 us, total = 112.691 ms
	ResourceUpdate - 21367 total (0 active), CPU time: mean = 8.026 us, total = 171.490 ms
	NodeManagerService.grpc_client.RequestResourceReport - 21367 total (0 active), CPU time: mean = 22.264 us, total = 475.724 ms
	NodeManagerService.grpc_client.UpdateResourceUsage - 21366 total (0 active), CPU time: mean = 6.852 us, total = 146.409 ms
	GcsInMemoryStore.Put - 3437 total (0 active), CPU time: mean = 31.253 us, total = 107.417 ms
	InternalKVGcsService.grpc_server.InternalKVPut - 3299 total (0 active), CPU time: mean = 15.558 us, total = 51.327 ms
	RayletLoadPulled - 2160 total (1 active), CPU time: mean = 60.862 us, total = 131.461 ms
	NodeManagerService.grpc_client.GetResourceLoad - 2154 total (0 active), CPU time: mean = 10.733 us, total = 23.118 ms
	GcsPlacementGroupManager.SchedulePendingPlacementGroups - 2055 total (0 active), CPU time: mean = 81.214 ns, total = 166.895 us
	GcsInMemoryStore.Get - 752 total (0 active), CPU time: mean = 23.245 us, total = 17.480 ms
	InternalKVGcsService.grpc_server.InternalKVGet - 751 total (0 active), CPU time: mean = 13.639 us, total = 10.243 ms
	NodeResourceInfoGcsService.grpc_server.GetAllResourceUsage - 431 total (0 active), CPU time: mean = 109.428 us, total = 47.163 ms
	NodeInfoGcsService.grpc_server.GetAllNodeInfo - 234 total (0 active), CPU time: mean = 43.793 us, total = 10.248 ms
	GCSServer.deadline_timer.debug_state_dump - 216 total (1 active), CPU time: mean = 283.259 us, total = 61.184 ms
	StatsGcsService.grpc_server.AddProfileData - 52 total (0 active), CPU time: mean = 17.589 us, total = 914.619 us
	GCSServer.deadline_timer.debug_state_event_stats_print - 36 total (1 active, 1 running), CPU time: mean = 226.601 us, total = 8.158 ms
	WorkerInfoGcsService.grpc_server.AddWorkerInfo - 18 total (0 active), CPU time: mean = 13.930 us, total = 250.741 us
	CoreWorkerService.grpc_client.WaitForActorOutOfScope - 16 total (16 active), CPU time: mean = 0.000 s, total = 0.000 s
	CoreWorkerService.grpc_client.PushTask - 16 total (0 active), CPU time: mean = 141.065 us, total = 2.257 ms
	ActorInfoGcsService.grpc_server.RegisterActor - 16 total (0 active), CPU time: mean = 1.181 ms, total = 18.900 ms
	NodeManagerService.grpc_client.RequestWorkerLease - 16 total (0 active), CPU time: mean = 131.295 us, total = 2.101 ms
	ActorInfoGcsService.grpc_server.CreateActor - 16 total (0 active), CPU time: mean = 166.665 us, total = 2.667 ms
	ActorInfoGcsService.grpc_server.GetActorInfo - 16 total (0 active), CPU time: mean = 12.192 us, total = 195.068 us
	GcsInMemoryStore.GetAll - 10 total (0 active), CPU time: mean = 1.727 ms, total = 17.268 ms
	PeriodicalRunner.RunFnPeriodically - 4 total (0 active), CPU time: mean = 55.248 us, total = 220.992 us
	InternalKVGcsService.grpc_server.InternalKVKeys - 4 total (0 active), CPU time: mean = 14.688 us, total = 58.751 us
	GcsInMemoryStore.Keys - 4 total (0 active), CPU time: mean = 25.164 us, total = 100.657 us
	JobInfoGcsService.grpc_server.GetAllJobInfo - 3 total (0 active), CPU time: mean = 53.993 us, total = 161.980 us
	JobInfoGcsService.grpc_server.GetNextJobID - 1 total (0 active), CPU time: mean = 34.760 us, total = 34.760 us
	PlacementGroupInfoGcsService.grpc_server.CreatePlacementGroup - 1 total (0 active), CPU time: mean = 52.167 us, total = 52.167 us
	NodeInfoGcsService.grpc_server.GetInternalConfig - 1 total (0 active), CPU time: mean = 9.521 us, total = 9.521 us
	JobInfoGcsService.grpc_server.AddJob - 1 total (0 active), CPU time: mean = 74.986 us, total = 74.986 us
	GcsInMemoryStore.Exists - 1 total (0 active), CPU time: mean = 19.018 us, total = 19.018 us
	PlacementGroupInfoGcsService.grpc_server.GetAllPlacementGroup - 1 total (0 active), CPU time: mean = 12.743 us, total = 12.743 us
	InternalKVGcsService.grpc_server.InternalKVExists - 1 total (0 active), CPU time: mean = 16.524 us, total = 16.524 us
	InternalKVGcsService.grpc_server.InternalKVDel - 1 total (0 active), CPU time: mean = 12.304 us, total = 12.304 us
	PlacementGroupInfoGcsService.grpc_server.GetPlacementGroup - 1 total (0 active), CPU time: mean = 46.228 us, total = 46.228 us
	NodeInfoGcsService.grpc_server.RegisterNode - 1 total (0 active), CPU time: mean = 56.550 us, total = 56.550 us
	GcsInMemoryStore.Delete - 1 total (0 active), CPU time: mean = 18.817 us, total = 18.817 us


[2026-01-30 14:39:25,955 I 3413005 3413005] (gcs_server) gcs_server.cc:186: GcsNodeManager: 
- RegisterNode request count: 1
- DrainNode request count: 0
- GetAllNodeInfo request count: 240
- GetInternalConfig request count: 1

GcsActorManager: 
- RegisterActor request count: 16
- CreateActor request count: 16
- GetActorInfo request count: 16
- GetNamedActorInfo request count: 0
- GetAllActorInfo request count: 0
- KillActor request count: 0
- ListNamedActors request count: 0
- Registered actors count: 16
- Destroyed actors count: 0
- Named actors count: 0
- Unresolved actors count: 0
- Pending actors count: 0
- Created actors count: 1
- owners_: 1
- actor_to_register_callbacks_: 0
- actor_to_create_callbacks_: 0
- sorted_destroyed_actor_list_: 0

GcsResourceManager: 
- GetResources request count: 0
- GetAllAvailableResources request count0
- ReportResourceUsage request count: 0
- GetAllResourceUsage request count: 443

GcsPlacementGroupManager: 
- CreatePlacementGroup request count: 1
- RemovePlacementGroup request count: 0
- GetPlacementGroup request count: 1
- GetAllPlacementGroup request count: 1
- WaitPlacementGroupUntilReady request count: 0
- GetNamedPlacementGroup request count: 0
- Scheduling pending placement group count: 4230
- Registered placement groups count: 1
- Named placement group count: 1
- Pending placement groups count: 1
- Infeasible placement groups count: 0

GcsPublisher {}

[runtime env manager] ID to URIs table:
[runtime env manager] URIs reference table:

GrpcBasedResourceBroadcaster:
- Tracked nodes: 1
[2026-01-30 14:39:25,955 I 3413005 3413005] (gcs_server) gcs_server.cc:736: Event stats:


Global stats: 104216 total (20 active)
Queueing time: mean = 10.320 us, max = 16.617 ms, min = 748.000 ns, total = 1.076 s
Execution time:  mean = 13.956 us, total = 1.454 s
Event stats:
	RaySyncer.deadline_timer.report_resource_report - 22197 total (1 active), CPU time: mean = 5.216 us, total = 115.774 ms
	ResourceUpdate - 21964 total (0 active), CPU time: mean = 8.017 us, total = 176.089 ms
	NodeManagerService.grpc_client.RequestResourceReport - 21964 total (0 active), CPU time: mean = 22.212 us, total = 487.854 ms
	NodeManagerService.grpc_client.UpdateResourceUsage - 21963 total (0 active), CPU time: mean = 6.835 us, total = 150.126 ms
	GcsInMemoryStore.Put - 3521 total (0 active), CPU time: mean = 31.200 us, total = 109.857 ms
	InternalKVGcsService.grpc_server.InternalKVPut - 3383 total (0 active), CPU time: mean = 15.557 us, total = 52.629 ms
	RayletLoadPulled - 2220 total (1 active), CPU time: mean = 60.512 us, total = 134.336 ms
	NodeManagerService.grpc_client.GetResourceLoad - 2214 total (0 active), CPU time: mean = 10.725 us, total = 23.745 ms
	GcsPlacementGroupManager.SchedulePendingPlacementGroups - 2115 total (0 active), CPU time: mean = 81.245 ns, total = 171.834 us
	GcsInMemoryStore.Get - 766 total (0 active), CPU time: mean = 23.255 us, total = 17.813 ms
	InternalKVGcsService.grpc_server.InternalKVGet - 765 total (0 active), CPU time: mean = 13.711 us, total = 10.489 ms
	NodeResourceInfoGcsService.grpc_server.GetAllResourceUsage - 443 total (0 active), CPU time: mean = 109.102 us, total = 48.332 ms
	NodeInfoGcsService.grpc_server.GetAllNodeInfo - 240 total (0 active), CPU time: mean = 43.651 us, total = 10.476 ms
	GCSServer.deadline_timer.debug_state_dump - 222 total (1 active), CPU time: mean = 283.301 us, total = 62.893 ms
	StatsGcsService.grpc_server.AddProfileData - 52 total (0 active), CPU time: mean = 17.589 us, total = 914.619 us
	GCSServer.deadline_timer.debug_state_event_stats_print - 37 total (1 active, 1 running), CPU time: mean = 225.946 us, total = 8.360 ms
	WorkerInfoGcsService.grpc_server.AddWorkerInfo - 18 total (0 active), CPU time: mean = 13.930 us, total = 250.741 us
	CoreWorkerService.grpc_client.WaitForActorOutOfScope - 16 total (16 active), CPU time: mean = 0.000 s, total = 0.000 s
	CoreWorkerService.grpc_client.PushTask - 16 total (0 active), CPU time: mean = 141.065 us, total = 2.257 ms
	ActorInfoGcsService.grpc_server.RegisterActor - 16 total (0 active), CPU time: mean = 1.181 ms, total = 18.900 ms
	NodeManagerService.grpc_client.RequestWorkerLease - 16 total (0 active), CPU time: mean = 131.295 us, total = 2.101 ms
	ActorInfoGcsService.grpc_server.CreateActor - 16 total (0 active), CPU time: mean = 166.665 us, total = 2.667 ms
	ActorInfoGcsService.grpc_server.GetActorInfo - 16 total (0 active), CPU time: mean = 12.192 us, total = 195.068 us
	GcsInMemoryStore.GetAll - 10 total (0 active), CPU time: mean = 1.727 ms, total = 17.268 ms
	PeriodicalRunner.RunFnPeriodically - 4 total (0 active), CPU time: mean = 55.248 us, total = 220.992 us
	InternalKVGcsService.grpc_server.InternalKVKeys - 4 total (0 active), CPU time: mean = 14.688 us, total = 58.751 us
	GcsInMemoryStore.Keys - 4 total (0 active), CPU time: mean = 25.164 us, total = 100.657 us
	JobInfoGcsService.grpc_server.GetAllJobInfo - 3 total (0 active), CPU time: mean = 53.993 us, total = 161.980 us
	JobInfoGcsService.grpc_server.GetNextJobID - 1 total (0 active), CPU time: mean = 34.760 us, total = 34.760 us
	PlacementGroupInfoGcsService.grpc_server.CreatePlacementGroup - 1 total (0 active), CPU time: mean = 52.167 us, total = 52.167 us
	NodeInfoGcsService.grpc_server.GetInternalConfig - 1 total (0 active), CPU time: mean = 9.521 us, total = 9.521 us
	JobInfoGcsService.grpc_server.AddJob - 1 total (0 active), CPU time: mean = 74.986 us, total = 74.986 us
	GcsInMemoryStore.Exists - 1 total (0 active), CPU time: mean = 19.018 us, total = 19.018 us
	PlacementGroupInfoGcsService.grpc_server.GetAllPlacementGroup - 1 total (0 active), CPU time: mean = 12.743 us, total = 12.743 us
	InternalKVGcsService.grpc_server.InternalKVExists - 1 total (0 active), CPU time: mean = 16.524 us, total = 16.524 us
	InternalKVGcsService.grpc_server.InternalKVDel - 1 total (0 active), CPU time: mean = 12.304 us, total = 12.304 us
	PlacementGroupInfoGcsService.grpc_server.GetPlacementGroup - 1 total (0 active), CPU time: mean = 46.228 us, total = 46.228 us
	NodeInfoGcsService.grpc_server.RegisterNode - 1 total (0 active), CPU time: mean = 56.550 us, total = 56.550 us
	GcsInMemoryStore.Delete - 1 total (0 active), CPU time: mean = 18.817 us, total = 18.817 us


[2026-01-30 14:40:25,955 I 3413005 3413005] (gcs_server) gcs_server.cc:186: GcsNodeManager: 
- RegisterNode request count: 1
- DrainNode request count: 0
- GetAllNodeInfo request count: 246
- GetInternalConfig request count: 1

GcsActorManager: 
- RegisterActor request count: 16
- CreateActor request count: 16
- GetActorInfo request count: 16
- GetNamedActorInfo request count: 0
- GetAllActorInfo request count: 0
- KillActor request count: 0
- ListNamedActors request count: 0
- Registered actors count: 16
- Destroyed actors count: 0
- Named actors count: 0
- Unresolved actors count: 0
- Pending actors count: 0
- Created actors count: 1
- owners_: 1
- actor_to_register_callbacks_: 0
- actor_to_create_callbacks_: 0
- sorted_destroyed_actor_list_: 0

GcsResourceManager: 
- GetResources request count: 0
- GetAllAvailableResources request count0
- ReportResourceUsage request count: 0
- GetAllResourceUsage request count: 455

GcsPlacementGroupManager: 
- CreatePlacementGroup request count: 1
- RemovePlacementGroup request count: 0
- GetPlacementGroup request count: 1
- GetAllPlacementGroup request count: 1
- WaitPlacementGroupUntilReady request count: 0
- GetNamedPlacementGroup request count: 0
- Scheduling pending placement group count: 4350
- Registered placement groups count: 1
- Named placement group count: 1
- Pending placement groups count: 1
- Infeasible placement groups count: 0

GcsPublisher {}

[runtime env manager] ID to URIs table:
[runtime env manager] URIs reference table:

GrpcBasedResourceBroadcaster:
- Tracked nodes: 1
[2026-01-30 14:40:25,955 I 3413005 3413005] (gcs_server) gcs_server.cc:736: Event stats:


Global stats: 107002 total (20 active)
Queueing time: mean = 10.284 us, max = 16.617 ms, min = 748.000 ns, total = 1.100 s
Execution time:  mean = 13.878 us, total = 1.485 s
Event stats:
	RaySyncer.deadline_timer.report_resource_report - 22797 total (1 active), CPU time: mean = 5.179 us, total = 118.074 ms
	NodeManagerService.grpc_client.UpdateResourceUsage - 22560 total (0 active), CPU time: mean = 6.792 us, total = 153.221 ms
	ResourceUpdate - 22560 total (0 active), CPU time: mean = 7.987 us, total = 180.188 ms
	NodeManagerService.grpc_client.RequestResourceReport - 22560 total (0 active), CPU time: mean = 22.121 us, total = 499.058 ms
	GcsInMemoryStore.Put - 3605 total (0 active), CPU time: mean = 31.064 us, total = 111.986 ms
	InternalKVGcsService.grpc_server.InternalKVPut - 3467 total (0 active), CPU time: mean = 15.442 us, total = 53.539 ms
	RayletLoadPulled - 2280 total (1 active), CPU time: mean = 60.060 us, total = 136.938 ms
	NodeManagerService.grpc_client.GetResourceLoad - 2274 total (0 active), CPU time: mean = 10.679 us, total = 24.285 ms
	GcsPlacementGroupManager.SchedulePendingPlacementGroups - 2175 total (0 active), CPU time: mean = 81.089 ns, total = 176.368 us
	GcsInMemoryStore.Get - 778 total (0 active), CPU time: mean = 23.247 us, total = 18.087 ms
	InternalKVGcsService.grpc_server.InternalKVGet - 777 total (0 active), CPU time: mean = 13.723 us, total = 10.663 ms
	NodeResourceInfoGcsService.grpc_server.GetAllResourceUsage - 455 total (0 active), CPU time: mean = 108.555 us, total = 49.392 ms
	NodeInfoGcsService.grpc_server.GetAllNodeInfo - 246 total (0 active), CPU time: mean = 43.735 us, total = 10.759 ms
	GCSServer.deadline_timer.debug_state_dump - 228 total (1 active), CPU time: mean = 283.062 us, total = 64.538 ms
	StatsGcsService.grpc_server.AddProfileData - 52 total (0 active), CPU time: mean = 17.589 us, total = 914.619 us
	GCSServer.deadline_timer.debug_state_event_stats_print - 38 total (1 active, 1 running), CPU time: mean = 225.745 us, total = 8.578 ms
	WorkerInfoGcsService.grpc_server.AddWorkerInfo - 18 total (0 active), CPU time: mean = 13.930 us, total = 250.741 us
	CoreWorkerService.grpc_client.WaitForActorOutOfScope - 16 total (16 active), CPU time: mean = 0.000 s, total = 0.000 s
	CoreWorkerService.grpc_client.PushTask - 16 total (0 active), CPU time: mean = 141.065 us, total = 2.257 ms
	ActorInfoGcsService.grpc_server.RegisterActor - 16 total (0 active), CPU time: mean = 1.181 ms, total = 18.900 ms
	NodeManagerService.grpc_client.RequestWorkerLease - 16 total (0 active), CPU time: mean = 131.295 us, total = 2.101 ms
	ActorInfoGcsService.grpc_server.CreateActor - 16 total (0 active), CPU time: mean = 166.665 us, total = 2.667 ms
	ActorInfoGcsService.grpc_server.GetActorInfo - 16 total (0 active), CPU time: mean = 12.192 us, total = 195.068 us
	GcsInMemoryStore.GetAll - 10 total (0 active), CPU time: mean = 1.727 ms, total = 17.268 ms
	PeriodicalRunner.RunFnPeriodically - 4 total (0 active), CPU time: mean = 55.248 us, total = 220.992 us
	InternalKVGcsService.grpc_server.InternalKVKeys - 4 total (0 active), CPU time: mean = 14.688 us, total = 58.751 us
	GcsInMemoryStore.Keys - 4 total (0 active), CPU time: mean = 25.164 us, total = 100.657 us
	JobInfoGcsService.grpc_server.GetAllJobInfo - 3 total (0 active), CPU time: mean = 53.993 us, total = 161.980 us
	JobInfoGcsService.grpc_server.GetNextJobID - 1 total (0 active), CPU time: mean = 34.760 us, total = 34.760 us
	PlacementGroupInfoGcsService.grpc_server.CreatePlacementGroup - 1 total (0 active), CPU time: mean = 52.167 us, total = 52.167 us
	NodeInfoGcsService.grpc_server.GetInternalConfig - 1 total (0 active), CPU time: mean = 9.521 us, total = 9.521 us
	JobInfoGcsService.grpc_server.AddJob - 1 total (0 active), CPU time: mean = 74.986 us, total = 74.986 us
	GcsInMemoryStore.Exists - 1 total (0 active), CPU time: mean = 19.018 us, total = 19.018 us
	PlacementGroupInfoGcsService.grpc_server.GetAllPlacementGroup - 1 total (0 active), CPU time: mean = 12.743 us, total = 12.743 us
	InternalKVGcsService.grpc_server.InternalKVExists - 1 total (0 active), CPU time: mean = 16.524 us, total = 16.524 us
	InternalKVGcsService.grpc_server.InternalKVDel - 1 total (0 active), CPU time: mean = 12.304 us, total = 12.304 us
	PlacementGroupInfoGcsService.grpc_server.GetPlacementGroup - 1 total (0 active), CPU time: mean = 46.228 us, total = 46.228 us
	NodeInfoGcsService.grpc_server.RegisterNode - 1 total (0 active), CPU time: mean = 56.550 us, total = 56.550 us
	GcsInMemoryStore.Delete - 1 total (0 active), CPU time: mean = 18.817 us, total = 18.817 us


[2026-01-30 14:41:25,955 I 3413005 3413005] (gcs_server) gcs_server.cc:186: GcsNodeManager: 
- RegisterNode request count: 1
- DrainNode request count: 0
- GetAllNodeInfo request count: 252
- GetInternalConfig request count: 1

GcsActorManager: 
- RegisterActor request count: 16
- CreateActor request count: 16
- GetActorInfo request count: 16
- GetNamedActorInfo request count: 0
- GetAllActorInfo request count: 0
- KillActor request count: 0
- ListNamedActors request count: 0
- Registered actors count: 16
- Destroyed actors count: 0
- Named actors count: 0
- Unresolved actors count: 0
- Pending actors count: 0
- Created actors count: 1
- owners_: 1
- actor_to_register_callbacks_: 0
- actor_to_create_callbacks_: 0
- sorted_destroyed_actor_list_: 0

GcsResourceManager: 
- GetResources request count: 0
- GetAllAvailableResources request count0
- ReportResourceUsage request count: 0
- GetAllResourceUsage request count: 467

GcsPlacementGroupManager: 
- CreatePlacementGroup request count: 1
- RemovePlacementGroup request count: 0
- GetPlacementGroup request count: 1
- GetAllPlacementGroup request count: 1
- WaitPlacementGroupUntilReady request count: 0
- GetNamedPlacementGroup request count: 0
- Scheduling pending placement group count: 4470
- Registered placement groups count: 1
- Named placement group count: 1
- Pending placement groups count: 1
- Infeasible placement groups count: 0

GcsPublisher {}

[runtime env manager] ID to URIs table:
[runtime env manager] URIs reference table:

GrpcBasedResourceBroadcaster:
- Tracked nodes: 1
[2026-01-30 14:41:25,955 I 3413005 3413005] (gcs_server) gcs_server.cc:736: Event stats:


Global stats: 109790 total (20 active)
Queueing time: mean = 10.245 us, max = 16.617 ms, min = 748.000 ns, total = 1.125 s
Execution time:  mean = 13.818 us, total = 1.517 s
Event stats:
	RaySyncer.deadline_timer.report_resource_report - 23397 total (1 active), CPU time: mean = 5.152 us, total = 120.534 ms
	NodeManagerService.grpc_client.UpdateResourceUsage - 23157 total (0 active), CPU time: mean = 6.763 us, total = 156.613 ms
	ResourceUpdate - 23157 total (0 active), CPU time: mean = 7.970 us, total = 184.559 ms
	NodeManagerService.grpc_client.RequestResourceReport - 23157 total (0 active), CPU time: mean = 22.048 us, total = 510.574 ms
	GcsInMemoryStore.Put - 3689 total (0 active), CPU time: mean = 30.978 us, total = 114.278 ms
	InternalKVGcsService.grpc_server.InternalKVPut - 3551 total (0 active), CPU time: mean = 15.383 us, total = 54.625 ms
	RayletLoadPulled - 2340 total (1 active), CPU time: mean = 59.707 us, total = 139.714 ms
	NodeManagerService.grpc_client.GetResourceLoad - 2334 total (0 active), CPU time: mean = 10.655 us, total = 24.869 ms
	GcsPlacementGroupManager.SchedulePendingPlacementGroups - 2235 total (0 active), CPU time: mean = 80.979 ns, total = 180.988 us
	GcsInMemoryStore.Get - 790 total (0 active), CPU time: mean = 23.245 us, total = 18.363 ms
	InternalKVGcsService.grpc_server.InternalKVGet - 789 total (0 active), CPU time: mean = 13.763 us, total = 10.859 ms
	NodeResourceInfoGcsService.grpc_server.GetAllResourceUsage - 467 total (0 active), CPU time: mean = 108.156 us, total = 50.509 ms
	NodeInfoGcsService.grpc_server.GetAllNodeInfo - 252 total (0 active), CPU time: mean = 43.737 us, total = 11.022 ms
	GCSServer.deadline_timer.debug_state_dump - 234 total (1 active), CPU time: mean = 282.715 us, total = 66.155 ms
	StatsGcsService.grpc_server.AddProfileData - 52 total (0 active), CPU time: mean = 17.589 us, total = 914.619 us
	GCSServer.deadline_timer.debug_state_event_stats_print - 39 total (1 active, 1 running), CPU time: mean = 226.074 us, total = 8.817 ms
	WorkerInfoGcsService.grpc_server.AddWorkerInfo - 18 total (0 active), CPU time: mean = 13.930 us, total = 250.741 us
	CoreWorkerService.grpc_client.WaitForActorOutOfScope - 16 total (16 active), CPU time: mean = 0.000 s, total = 0.000 s
	CoreWorkerService.grpc_client.PushTask - 16 total (0 active), CPU time: mean = 141.065 us, total = 2.257 ms
	ActorInfoGcsService.grpc_server.RegisterActor - 16 total (0 active), CPU time: mean = 1.181 ms, total = 18.900 ms
	NodeManagerService.grpc_client.RequestWorkerLease - 16 total (0 active), CPU time: mean = 131.295 us, total = 2.101 ms
	ActorInfoGcsService.grpc_server.CreateActor - 16 total (0 active), CPU time: mean = 166.665 us, total = 2.667 ms
	ActorInfoGcsService.grpc_server.GetActorInfo - 16 total (0 active), CPU time: mean = 12.192 us, total = 195.068 us
	GcsInMemoryStore.GetAll - 10 total (0 active), CPU time: mean = 1.727 ms, total = 17.268 ms
	PeriodicalRunner.RunFnPeriodically - 4 total (0 active), CPU time: mean = 55.248 us, total = 220.992 us
	InternalKVGcsService.grpc_server.InternalKVKeys - 4 total (0 active), CPU time: mean = 14.688 us, total = 58.751 us
	GcsInMemoryStore.Keys - 4 total (0 active), CPU time: mean = 25.164 us, total = 100.657 us
	JobInfoGcsService.grpc_server.GetAllJobInfo - 3 total (0 active), CPU time: mean = 53.993 us, total = 161.980 us
	JobInfoGcsService.grpc_server.GetNextJobID - 1 total (0 active), CPU time: mean = 34.760 us, total = 34.760 us
	PlacementGroupInfoGcsService.grpc_server.CreatePlacementGroup - 1 total (0 active), CPU time: mean = 52.167 us, total = 52.167 us
	NodeInfoGcsService.grpc_server.GetInternalConfig - 1 total (0 active), CPU time: mean = 9.521 us, total = 9.521 us
	JobInfoGcsService.grpc_server.AddJob - 1 total (0 active), CPU time: mean = 74.986 us, total = 74.986 us
	GcsInMemoryStore.Exists - 1 total (0 active), CPU time: mean = 19.018 us, total = 19.018 us
	PlacementGroupInfoGcsService.grpc_server.GetAllPlacementGroup - 1 total (0 active), CPU time: mean = 12.743 us, total = 12.743 us
	InternalKVGcsService.grpc_server.InternalKVExists - 1 total (0 active), CPU time: mean = 16.524 us, total = 16.524 us
	InternalKVGcsService.grpc_server.InternalKVDel - 1 total (0 active), CPU time: mean = 12.304 us, total = 12.304 us
	PlacementGroupInfoGcsService.grpc_server.GetPlacementGroup - 1 total (0 active), CPU time: mean = 46.228 us, total = 46.228 us
	NodeInfoGcsService.grpc_server.RegisterNode - 1 total (0 active), CPU time: mean = 56.550 us, total = 56.550 us
	GcsInMemoryStore.Delete - 1 total (0 active), CPU time: mean = 18.817 us, total = 18.817 us


[2026-01-30 14:42:25,955 I 3413005 3413005] (gcs_server) gcs_server.cc:186: GcsNodeManager: 
- RegisterNode request count: 1
- DrainNode request count: 0
- GetAllNodeInfo request count: 258
- GetInternalConfig request count: 1

GcsActorManager: 
- RegisterActor request count: 16
- CreateActor request count: 16
- GetActorInfo request count: 16
- GetNamedActorInfo request count: 0
- GetAllActorInfo request count: 0
- KillActor request count: 0
- ListNamedActors request count: 0
- Registered actors count: 16
- Destroyed actors count: 0
- Named actors count: 0
- Unresolved actors count: 0
- Pending actors count: 0
- Created actors count: 1
- owners_: 1
- actor_to_register_callbacks_: 0
- actor_to_create_callbacks_: 0
- sorted_destroyed_actor_list_: 0

GcsResourceManager: 
- GetResources request count: 0
- GetAllAvailableResources request count0
- ReportResourceUsage request count: 0
- GetAllResourceUsage request count: 479

GcsPlacementGroupManager: 
- CreatePlacementGroup request count: 1
- RemovePlacementGroup request count: 0
- GetPlacementGroup request count: 1
- GetAllPlacementGroup request count: 1
- WaitPlacementGroupUntilReady request count: 0
- GetNamedPlacementGroup request count: 0
- Scheduling pending placement group count: 4590
- Registered placement groups count: 1
- Named placement group count: 1
- Pending placement groups count: 1
- Infeasible placement groups count: 0

GcsPublisher {}

[runtime env manager] ID to URIs table:
[runtime env manager] URIs reference table:

GrpcBasedResourceBroadcaster:
- Tracked nodes: 1
[2026-01-30 14:42:25,955 I 3413005 3413005] (gcs_server) gcs_server.cc:736: Event stats:


Global stats: 112575 total (20 active)
Queueing time: mean = 10.217 us, max = 16.617 ms, min = 748.000 ns, total = 1.150 s
Execution time:  mean = 13.773 us, total = 1.551 s
Event stats:
	RaySyncer.deadline_timer.report_resource_report - 23997 total (1 active), CPU time: mean = 5.133 us, total = 123.171 ms
	NodeManagerService.grpc_client.UpdateResourceUsage - 23753 total (0 active), CPU time: mean = 6.743 us, total = 160.172 ms
	ResourceUpdate - 23753 total (0 active), CPU time: mean = 7.961 us, total = 189.103 ms
	NodeManagerService.grpc_client.RequestResourceReport - 23753 total (0 active), CPU time: mean = 21.993 us, total = 522.407 ms
	GcsInMemoryStore.Put - 3773 total (0 active), CPU time: mean = 30.961 us, total = 116.814 ms
	InternalKVGcsService.grpc_server.InternalKVPut - 3635 total (0 active), CPU time: mean = 15.373 us, total = 55.882 ms
	RayletLoadPulled - 2400 total (1 active), CPU time: mean = 59.331 us, total = 142.396 ms
	NodeManagerService.grpc_client.GetResourceLoad - 2394 total (0 active), CPU time: mean = 10.633 us, total = 25.455 ms
	GcsPlacementGroupManager.SchedulePendingPlacementGroups - 2295 total (0 active), CPU time: mean = 81.276 ns, total = 186.529 us
	GcsInMemoryStore.Get - 802 total (0 active), CPU time: mean = 23.246 us, total = 18.643 ms
	InternalKVGcsService.grpc_server.InternalKVGet - 801 total (0 active), CPU time: mean = 13.801 us, total = 11.055 ms
	NodeResourceInfoGcsService.grpc_server.GetAllResourceUsage - 479 total (0 active), CPU time: mean = 107.813 us, total = 51.642 ms
	NodeInfoGcsService.grpc_server.GetAllNodeInfo - 258 total (0 active), CPU time: mean = 43.805 us, total = 11.302 ms
	GCSServer.deadline_timer.debug_state_dump - 240 total (1 active), CPU time: mean = 282.537 us, total = 67.809 ms
	StatsGcsService.grpc_server.AddProfileData - 52 total (0 active), CPU time: mean = 17.589 us, total = 914.619 us
	GCSServer.deadline_timer.debug_state_event_stats_print - 40 total (1 active, 1 running), CPU time: mean = 225.864 us, total = 9.035 ms
	WorkerInfoGcsService.grpc_server.AddWorkerInfo - 18 total (0 active), CPU time: mean = 13.930 us, total = 250.741 us
	CoreWorkerService.grpc_client.WaitForActorOutOfScope - 16 total (16 active), CPU time: mean = 0.000 s, total = 0.000 s
	CoreWorkerService.grpc_client.PushTask - 16 total (0 active), CPU time: mean = 141.065 us, total = 2.257 ms
	ActorInfoGcsService.grpc_server.RegisterActor - 16 total (0 active), CPU time: mean = 1.181 ms, total = 18.900 ms
	NodeManagerService.grpc_client.RequestWorkerLease - 16 total (0 active), CPU time: mean = 131.295 us, total = 2.101 ms
	ActorInfoGcsService.grpc_server.CreateActor - 16 total (0 active), CPU time: mean = 166.665 us, total = 2.667 ms
	ActorInfoGcsService.grpc_server.GetActorInfo - 16 total (0 active), CPU time: mean = 12.192 us, total = 195.068 us
	GcsInMemoryStore.GetAll - 10 total (0 active), CPU time: mean = 1.727 ms, total = 17.268 ms
	PeriodicalRunner.RunFnPeriodically - 4 total (0 active), CPU time: mean = 55.248 us, total = 220.992 us
	InternalKVGcsService.grpc_server.InternalKVKeys - 4 total (0 active), CPU time: mean = 14.688 us, total = 58.751 us
	GcsInMemoryStore.Keys - 4 total (0 active), CPU time: mean = 25.164 us, total = 100.657 us
	JobInfoGcsService.grpc_server.GetAllJobInfo - 3 total (0 active), CPU time: mean = 53.993 us, total = 161.980 us
	JobInfoGcsService.grpc_server.GetNextJobID - 1 total (0 active), CPU time: mean = 34.760 us, total = 34.760 us
	PlacementGroupInfoGcsService.grpc_server.CreatePlacementGroup - 1 total (0 active), CPU time: mean = 52.167 us, total = 52.167 us
	NodeInfoGcsService.grpc_server.GetInternalConfig - 1 total (0 active), CPU time: mean = 9.521 us, total = 9.521 us
	JobInfoGcsService.grpc_server.AddJob - 1 total (0 active), CPU time: mean = 74.986 us, total = 74.986 us
	GcsInMemoryStore.Exists - 1 total (0 active), CPU time: mean = 19.018 us, total = 19.018 us
	PlacementGroupInfoGcsService.grpc_server.GetAllPlacementGroup - 1 total (0 active), CPU time: mean = 12.743 us, total = 12.743 us
	InternalKVGcsService.grpc_server.InternalKVExists - 1 total (0 active), CPU time: mean = 16.524 us, total = 16.524 us
	InternalKVGcsService.grpc_server.InternalKVDel - 1 total (0 active), CPU time: mean = 12.304 us, total = 12.304 us
	PlacementGroupInfoGcsService.grpc_server.GetPlacementGroup - 1 total (0 active), CPU time: mean = 46.228 us, total = 46.228 us
	NodeInfoGcsService.grpc_server.RegisterNode - 1 total (0 active), CPU time: mean = 56.550 us, total = 56.550 us
	GcsInMemoryStore.Delete - 1 total (0 active), CPU time: mean = 18.817 us, total = 18.817 us


[2026-01-30 14:43:25,956 I 3413005 3413005] (gcs_server) gcs_server.cc:186: GcsNodeManager: 
- RegisterNode request count: 1
- DrainNode request count: 0
- GetAllNodeInfo request count: 264
- GetInternalConfig request count: 1

GcsActorManager: 
- RegisterActor request count: 16
- CreateActor request count: 16
- GetActorInfo request count: 16
- GetNamedActorInfo request count: 0
- GetAllActorInfo request count: 0
- KillActor request count: 0
- ListNamedActors request count: 0
- Registered actors count: 16
- Destroyed actors count: 0
- Named actors count: 0
- Unresolved actors count: 0
- Pending actors count: 0
- Created actors count: 1
- owners_: 1
- actor_to_register_callbacks_: 0
- actor_to_create_callbacks_: 0
- sorted_destroyed_actor_list_: 0

GcsResourceManager: 
- GetResources request count: 0
- GetAllAvailableResources request count0
- ReportResourceUsage request count: 0
- GetAllResourceUsage request count: 491

GcsPlacementGroupManager: 
- CreatePlacementGroup request count: 1
- RemovePlacementGroup request count: 0
- GetPlacementGroup request count: 1
- GetAllPlacementGroup request count: 1
- WaitPlacementGroupUntilReady request count: 0
- GetNamedPlacementGroup request count: 0
- Scheduling pending placement group count: 4710
- Registered placement groups count: 1
- Named placement group count: 1
- Pending placement groups count: 1
- Infeasible placement groups count: 0

GcsPublisher {}

[runtime env manager] ID to URIs table:
[runtime env manager] URIs reference table:

GrpcBasedResourceBroadcaster:
- Tracked nodes: 1
[2026-01-30 14:43:25,956 I 3413005 3413005] (gcs_server) gcs_server.cc:736: Event stats:


Global stats: 115362 total (20 active)
Queueing time: mean = 10.197 us, max = 16.617 ms, min = 748.000 ns, total = 1.176 s
Execution time:  mean = 13.724 us, total = 1.583 s
Event stats:
	RaySyncer.deadline_timer.report_resource_report - 24597 total (1 active), CPU time: mean = 5.115 us, total = 125.814 ms
	ResourceUpdate - 24350 total (0 active), CPU time: mean = 7.953 us, total = 193.650 ms
	NodeManagerService.grpc_client.RequestResourceReport - 24350 total (0 active), CPU time: mean = 21.932 us, total = 534.038 ms
	NodeManagerService.grpc_client.UpdateResourceUsage - 24349 total (0 active), CPU time: mean = 6.719 us, total = 163.594 ms
	GcsInMemoryStore.Put - 3857 total (0 active), CPU time: mean = 30.930 us, total = 119.297 ms
	InternalKVGcsService.grpc_server.InternalKVPut - 3719 total (0 active), CPU time: mean = 15.378 us, total = 57.190 ms
	RayletLoadPulled - 2460 total (1 active), CPU time: mean = 58.869 us, total = 144.817 ms
	NodeManagerService.grpc_client.GetResourceLoad - 2454 total (0 active), CPU time: mean = 10.611 us, total = 26.039 ms
	GcsPlacementGroupManager.SchedulePendingPlacementGroups - 2355 total (0 active), CPU time: mean = 81.452 ns, total = 191.820 us
	GcsInMemoryStore.Get - 814 total (0 active), CPU time: mean = 23.243 us, total = 18.919 ms
	InternalKVGcsService.grpc_server.InternalKVGet - 813 total (0 active), CPU time: mean = 13.838 us, total = 11.251 ms
	NodeResourceInfoGcsService.grpc_server.GetAllResourceUsage - 491 total (0 active), CPU time: mean = 107.466 us, total = 52.766 ms
	NodeInfoGcsService.grpc_server.GetAllNodeInfo - 264 total (0 active), CPU time: mean = 43.844 us, total = 11.575 ms
	GCSServer.deadline_timer.debug_state_dump - 246 total (1 active), CPU time: mean = 282.119 us, total = 69.401 ms
	StatsGcsService.grpc_server.AddProfileData - 52 total (0 active), CPU time: mean = 17.589 us, total = 914.619 us
	GCSServer.deadline_timer.debug_state_event_stats_print - 41 total (1 active, 1 running), CPU time: mean = 225.898 us, total = 9.262 ms
	WorkerInfoGcsService.grpc_server.AddWorkerInfo - 18 total (0 active), CPU time: mean = 13.930 us, total = 250.741 us
	CoreWorkerService.grpc_client.WaitForActorOutOfScope - 16 total (16 active), CPU time: mean = 0.000 s, total = 0.000 s
	CoreWorkerService.grpc_client.PushTask - 16 total (0 active), CPU time: mean = 141.065 us, total = 2.257 ms
	ActorInfoGcsService.grpc_server.RegisterActor - 16 total (0 active), CPU time: mean = 1.181 ms, total = 18.900 ms
	NodeManagerService.grpc_client.RequestWorkerLease - 16 total (0 active), CPU time: mean = 131.295 us, total = 2.101 ms
	ActorInfoGcsService.grpc_server.CreateActor - 16 total (0 active), CPU time: mean = 166.665 us, total = 2.667 ms
	ActorInfoGcsService.grpc_server.GetActorInfo - 16 total (0 active), CPU time: mean = 12.192 us, total = 195.068 us
	GcsInMemoryStore.GetAll - 10 total (0 active), CPU time: mean = 1.727 ms, total = 17.268 ms
	PeriodicalRunner.RunFnPeriodically - 4 total (0 active), CPU time: mean = 55.248 us, total = 220.992 us
	InternalKVGcsService.grpc_server.InternalKVKeys - 4 total (0 active), CPU time: mean = 14.688 us, total = 58.751 us
	GcsInMemoryStore.Keys - 4 total (0 active), CPU time: mean = 25.164 us, total = 100.657 us
	JobInfoGcsService.grpc_server.GetAllJobInfo - 3 total (0 active), CPU time: mean = 53.993 us, total = 161.980 us
	JobInfoGcsService.grpc_server.GetNextJobID - 1 total (0 active), CPU time: mean = 34.760 us, total = 34.760 us
	PlacementGroupInfoGcsService.grpc_server.CreatePlacementGroup - 1 total (0 active), CPU time: mean = 52.167 us, total = 52.167 us
	NodeInfoGcsService.grpc_server.GetInternalConfig - 1 total (0 active), CPU time: mean = 9.521 us, total = 9.521 us
	JobInfoGcsService.grpc_server.AddJob - 1 total (0 active), CPU time: mean = 74.986 us, total = 74.986 us
	GcsInMemoryStore.Exists - 1 total (0 active), CPU time: mean = 19.018 us, total = 19.018 us
	PlacementGroupInfoGcsService.grpc_server.GetAllPlacementGroup - 1 total (0 active), CPU time: mean = 12.743 us, total = 12.743 us
	InternalKVGcsService.grpc_server.InternalKVExists - 1 total (0 active), CPU time: mean = 16.524 us, total = 16.524 us
	InternalKVGcsService.grpc_server.InternalKVDel - 1 total (0 active), CPU time: mean = 12.304 us, total = 12.304 us
	PlacementGroupInfoGcsService.grpc_server.GetPlacementGroup - 1 total (0 active), CPU time: mean = 46.228 us, total = 46.228 us
	NodeInfoGcsService.grpc_server.RegisterNode - 1 total (0 active), CPU time: mean = 56.550 us, total = 56.550 us
	GcsInMemoryStore.Delete - 1 total (0 active), CPU time: mean = 18.817 us, total = 18.817 us


[2026-01-30 14:44:25,956 I 3413005 3413005] (gcs_server) gcs_server.cc:186: GcsNodeManager: 
- RegisterNode request count: 1
- DrainNode request count: 0
- GetAllNodeInfo request count: 270
- GetInternalConfig request count: 1

GcsActorManager: 
- RegisterActor request count: 16
- CreateActor request count: 16
- GetActorInfo request count: 16
- GetNamedActorInfo request count: 0
- GetAllActorInfo request count: 0
- KillActor request count: 0
- ListNamedActors request count: 0
- Registered actors count: 16
- Destroyed actors count: 0
- Named actors count: 0
- Unresolved actors count: 0
- Pending actors count: 0
- Created actors count: 1
- owners_: 1
- actor_to_register_callbacks_: 0
- actor_to_create_callbacks_: 0
- sorted_destroyed_actor_list_: 0

GcsResourceManager: 
- GetResources request count: 0
- GetAllAvailableResources request count0
- ReportResourceUsage request count: 0
- GetAllResourceUsage request count: 503

GcsPlacementGroupManager: 
- CreatePlacementGroup request count: 1
- RemovePlacementGroup request count: 0
- GetPlacementGroup request count: 1
- GetAllPlacementGroup request count: 1
- WaitPlacementGroupUntilReady request count: 0
- GetNamedPlacementGroup request count: 0
- Scheduling pending placement group count: 4830
- Registered placement groups count: 1
- Named placement group count: 1
- Pending placement groups count: 1
- Infeasible placement groups count: 0

GcsPublisher {}

[runtime env manager] ID to URIs table:
[runtime env manager] URIs reference table:

GrpcBasedResourceBroadcaster:
- Tracked nodes: 1
[2026-01-30 14:44:25,956 I 3413005 3413005] (gcs_server) gcs_server.cc:736: Event stats:


Global stats: 118146 total (20 active)
Queueing time: mean = 10.171 us, max = 16.617 ms, min = 748.000 ns, total = 1.202 s
Execution time:  mean = 13.668 us, total = 1.615 s
Event stats:
	RaySyncer.deadline_timer.report_resource_report - 25197 total (1 active), CPU time: mean = 5.093 us, total = 128.328 ms
	NodeManagerService.grpc_client.UpdateResourceUsage - 24946 total (0 active), CPU time: mean = 6.687 us, total = 166.816 ms
	ResourceUpdate - 24946 total (0 active), CPU time: mean = 7.935 us, total = 197.944 ms
	NodeManagerService.grpc_client.RequestResourceReport - 24946 total (0 active), CPU time: mean = 21.870 us, total = 545.574 ms
	GcsInMemoryStore.Put - 3940 total (0 active), CPU time: mean = 30.879 us, total = 121.665 ms
	InternalKVGcsService.grpc_server.InternalKVPut - 3802 total (0 active), CPU time: mean = 15.340 us, total = 58.323 ms
	RayletLoadPulled - 2520 total (1 active), CPU time: mean = 58.366 us, total = 147.083 ms
	NodeManagerService.grpc_client.GetResourceLoad - 2514 total (0 active), CPU time: mean = 10.582 us, total = 26.603 ms
	GcsPlacementGroupManager.SchedulePendingPlacementGroups - 2415 total (0 active), CPU time: mean = 81.492 ns, total = 196.802 us
	GcsInMemoryStore.Get - 826 total (0 active), CPU time: mean = 23.240 us, total = 19.196 ms
	InternalKVGcsService.grpc_server.InternalKVGet - 825 total (0 active), CPU time: mean = 13.866 us, total = 11.440 ms
	NodeResourceInfoGcsService.grpc_server.GetAllResourceUsage - 503 total (0 active), CPU time: mean = 107.198 us, total = 53.921 ms
	NodeInfoGcsService.grpc_server.GetAllNodeInfo - 270 total (0 active), CPU time: mean = 43.545 us, total = 11.757 ms
	GCSServer.deadline_timer.debug_state_dump - 252 total (1 active), CPU time: mean = 281.819 us, total = 71.018 ms
	StatsGcsService.grpc_server.AddProfileData - 52 total (0 active), CPU time: mean = 17.589 us, total = 914.619 us
	GCSServer.deadline_timer.debug_state_event_stats_print - 42 total (1 active, 1 running), CPU time: mean = 225.267 us, total = 9.461 ms
	WorkerInfoGcsService.grpc_server.AddWorkerInfo - 18 total (0 active), CPU time: mean = 13.930 us, total = 250.741 us
	CoreWorkerService.grpc_client.WaitForActorOutOfScope - 16 total (16 active), CPU time: mean = 0.000 s, total = 0.000 s
	CoreWorkerService.grpc_client.PushTask - 16 total (0 active), CPU time: mean = 141.065 us, total = 2.257 ms
	ActorInfoGcsService.grpc_server.RegisterActor - 16 total (0 active), CPU time: mean = 1.181 ms, total = 18.900 ms
	NodeManagerService.grpc_client.RequestWorkerLease - 16 total (0 active), CPU time: mean = 131.295 us, total = 2.101 ms
	ActorInfoGcsService.grpc_server.CreateActor - 16 total (0 active), CPU time: mean = 166.665 us, total = 2.667 ms
	ActorInfoGcsService.grpc_server.GetActorInfo - 16 total (0 active), CPU time: mean = 12.192 us, total = 195.068 us
	GcsInMemoryStore.GetAll - 10 total (0 active), CPU time: mean = 1.727 ms, total = 17.268 ms
	PeriodicalRunner.RunFnPeriodically - 4 total (0 active), CPU time: mean = 55.248 us, total = 220.992 us
	InternalKVGcsService.grpc_server.InternalKVKeys - 4 total (0 active), CPU time: mean = 14.688 us, total = 58.751 us
	GcsInMemoryStore.Keys - 4 total (0 active), CPU time: mean = 25.164 us, total = 100.657 us
	JobInfoGcsService.grpc_server.GetAllJobInfo - 3 total (0 active), CPU time: mean = 53.993 us, total = 161.980 us
	JobInfoGcsService.grpc_server.GetNextJobID - 1 total (0 active), CPU time: mean = 34.760 us, total = 34.760 us
	PlacementGroupInfoGcsService.grpc_server.CreatePlacementGroup - 1 total (0 active), CPU time: mean = 52.167 us, total = 52.167 us
	NodeInfoGcsService.grpc_server.GetInternalConfig - 1 total (0 active), CPU time: mean = 9.521 us, total = 9.521 us
	JobInfoGcsService.grpc_server.AddJob - 1 total (0 active), CPU time: mean = 74.986 us, total = 74.986 us
	GcsInMemoryStore.Exists - 1 total (0 active), CPU time: mean = 19.018 us, total = 19.018 us
	PlacementGroupInfoGcsService.grpc_server.GetAllPlacementGroup - 1 total (0 active), CPU time: mean = 12.743 us, total = 12.743 us
	InternalKVGcsService.grpc_server.InternalKVExists - 1 total (0 active), CPU time: mean = 16.524 us, total = 16.524 us
	InternalKVGcsService.grpc_server.InternalKVDel - 1 total (0 active), CPU time: mean = 12.304 us, total = 12.304 us
	PlacementGroupInfoGcsService.grpc_server.GetPlacementGroup - 1 total (0 active), CPU time: mean = 46.228 us, total = 46.228 us
	NodeInfoGcsService.grpc_server.RegisterNode - 1 total (0 active), CPU time: mean = 56.550 us, total = 56.550 us
	GcsInMemoryStore.Delete - 1 total (0 active), CPU time: mean = 18.817 us, total = 18.817 us


[2026-01-30 14:45:25,956 I 3413005 3413005] (gcs_server) gcs_server.cc:186: GcsNodeManager: 
- RegisterNode request count: 1
- DrainNode request count: 0
- GetAllNodeInfo request count: 276
- GetInternalConfig request count: 1

GcsActorManager: 
- RegisterActor request count: 16
- CreateActor request count: 16
- GetActorInfo request count: 16
- GetNamedActorInfo request count: 0
- GetAllActorInfo request count: 0
- KillActor request count: 0
- ListNamedActors request count: 0
- Registered actors count: 16
- Destroyed actors count: 0
- Named actors count: 0
- Unresolved actors count: 0
- Pending actors count: 0
- Created actors count: 1
- owners_: 1
- actor_to_register_callbacks_: 0
- actor_to_create_callbacks_: 0
- sorted_destroyed_actor_list_: 0

GcsResourceManager: 
- GetResources request count: 0
- GetAllAvailableResources request count0
- ReportResourceUsage request count: 0
- GetAllResourceUsage request count: 515

GcsPlacementGroupManager: 
- CreatePlacementGroup request count: 1
- RemovePlacementGroup request count: 0
- GetPlacementGroup request count: 1
- GetAllPlacementGroup request count: 1
- WaitPlacementGroupUntilReady request count: 0
- GetNamedPlacementGroup request count: 0
- Scheduling pending placement group count: 4950
- Registered placement groups count: 1
- Named placement group count: 1
- Pending placement groups count: 1
- Infeasible placement groups count: 0

GcsPublisher {}

[runtime env manager] ID to URIs table:
[runtime env manager] URIs reference table:

GrpcBasedResourceBroadcaster:
- Tracked nodes: 1
[2026-01-30 14:45:25,956 I 3413005 3413005] (gcs_server) gcs_server.cc:736: Event stats:


Global stats: 120931 total (20 active)
Queueing time: mean = 10.154 us, max = 16.617 ms, min = 748.000 ns, total = 1.228 s
Execution time:  mean = 13.625 us, total = 1.648 s
Event stats:
	RaySyncer.deadline_timer.report_resource_report - 25797 total (1 active), CPU time: mean = 5.074 us, total = 130.883 ms
	NodeManagerService.grpc_client.UpdateResourceUsage - 25542 total (0 active), CPU time: mean = 6.672 us, total = 170.412 ms
	ResourceUpdate - 25542 total (0 active), CPU time: mean = 7.919 us, total = 202.258 ms
	NodeManagerService.grpc_client.RequestResourceReport - 25542 total (0 active), CPU time: mean = 21.835 us, total = 557.719 ms
	GcsInMemoryStore.Put - 4024 total (0 active), CPU time: mean = 30.862 us, total = 124.188 ms
	InternalKVGcsService.grpc_server.InternalKVPut - 3886 total (0 active), CPU time: mean = 15.333 us, total = 59.582 ms
	RayletLoadPulled - 2580 total (1 active), CPU time: mean = 57.842 us, total = 149.231 ms
	NodeManagerService.grpc_client.GetResourceLoad - 2574 total (0 active), CPU time: mean = 10.572 us, total = 27.212 ms
	GcsPlacementGroupManager.SchedulePendingPlacementGroups - 2475 total (0 active), CPU time: mean = 81.608 ns, total = 201.979 us
	GcsInMemoryStore.Get - 838 total (0 active), CPU time: mean = 23.249 us, total = 19.482 ms
	InternalKVGcsService.grpc_server.InternalKVGet - 837 total (0 active), CPU time: mean = 13.892 us, total = 11.627 ms
	NodeResourceInfoGcsService.grpc_server.GetAllResourceUsage - 515 total (0 active), CPU time: mean = 107.048 us, total = 55.130 ms
	NodeInfoGcsService.grpc_server.GetAllNodeInfo - 276 total (0 active), CPU time: mean = 43.358 us, total = 11.967 ms
	GCSServer.deadline_timer.debug_state_dump - 258 total (1 active), CPU time: mean = 281.790 us, total = 72.702 ms
	StatsGcsService.grpc_server.AddProfileData - 52 total (0 active), CPU time: mean = 17.589 us, total = 914.619 us
	GCSServer.deadline_timer.debug_state_event_stats_print - 43 total (1 active, 1 running), CPU time: mean = 224.653 us, total = 9.660 ms
	WorkerInfoGcsService.grpc_server.AddWorkerInfo - 18 total (0 active), CPU time: mean = 13.930 us, total = 250.741 us
	CoreWorkerService.grpc_client.WaitForActorOutOfScope - 16 total (16 active), CPU time: mean = 0.000 s, total = 0.000 s
	CoreWorkerService.grpc_client.PushTask - 16 total (0 active), CPU time: mean = 141.065 us, total = 2.257 ms
	ActorInfoGcsService.grpc_server.RegisterActor - 16 total (0 active), CPU time: mean = 1.181 ms, total = 18.900 ms
	NodeManagerService.grpc_client.RequestWorkerLease - 16 total (0 active), CPU time: mean = 131.295 us, total = 2.101 ms
	ActorInfoGcsService.grpc_server.CreateActor - 16 total (0 active), CPU time: mean = 166.665 us, total = 2.667 ms
	ActorInfoGcsService.grpc_server.GetActorInfo - 16 total (0 active), CPU time: mean = 12.192 us, total = 195.068 us
	GcsInMemoryStore.GetAll - 10 total (0 active), CPU time: mean = 1.727 ms, total = 17.268 ms
	PeriodicalRunner.RunFnPeriodically - 4 total (0 active), CPU time: mean = 55.248 us, total = 220.992 us
	InternalKVGcsService.grpc_server.InternalKVKeys - 4 total (0 active), CPU time: mean = 14.688 us, total = 58.751 us
	GcsInMemoryStore.Keys - 4 total (0 active), CPU time: mean = 25.164 us, total = 100.657 us
	JobInfoGcsService.grpc_server.GetAllJobInfo - 3 total (0 active), CPU time: mean = 53.993 us, total = 161.980 us
	JobInfoGcsService.grpc_server.GetNextJobID - 1 total (0 active), CPU time: mean = 34.760 us, total = 34.760 us
	PlacementGroupInfoGcsService.grpc_server.CreatePlacementGroup - 1 total (0 active), CPU time: mean = 52.167 us, total = 52.167 us
	NodeInfoGcsService.grpc_server.GetInternalConfig - 1 total (0 active), CPU time: mean = 9.521 us, total = 9.521 us
	JobInfoGcsService.grpc_server.AddJob - 1 total (0 active), CPU time: mean = 74.986 us, total = 74.986 us
	GcsInMemoryStore.Exists - 1 total (0 active), CPU time: mean = 19.018 us, total = 19.018 us
	PlacementGroupInfoGcsService.grpc_server.GetAllPlacementGroup - 1 total (0 active), CPU time: mean = 12.743 us, total = 12.743 us
	InternalKVGcsService.grpc_server.InternalKVExists - 1 total (0 active), CPU time: mean = 16.524 us, total = 16.524 us
	InternalKVGcsService.grpc_server.InternalKVDel - 1 total (0 active), CPU time: mean = 12.304 us, total = 12.304 us
	PlacementGroupInfoGcsService.grpc_server.GetPlacementGroup - 1 total (0 active), CPU time: mean = 46.228 us, total = 46.228 us
	NodeInfoGcsService.grpc_server.RegisterNode - 1 total (0 active), CPU time: mean = 56.550 us, total = 56.550 us
	GcsInMemoryStore.Delete - 1 total (0 active), CPU time: mean = 18.817 us, total = 18.817 us


[2026-01-30 14:46:25,956 I 3413005 3413005] (gcs_server) gcs_server.cc:186: GcsNodeManager: 
- RegisterNode request count: 1
- DrainNode request count: 0
- GetAllNodeInfo request count: 282
- GetInternalConfig request count: 1

GcsActorManager: 
- RegisterActor request count: 16
- CreateActor request count: 16
- GetActorInfo request count: 16
- GetNamedActorInfo request count: 0
- GetAllActorInfo request count: 0
- KillActor request count: 0
- ListNamedActors request count: 0
- Registered actors count: 16
- Destroyed actors count: 0
- Named actors count: 0
- Unresolved actors count: 0
- Pending actors count: 0
- Created actors count: 1
- owners_: 1
- actor_to_register_callbacks_: 0
- actor_to_create_callbacks_: 0
- sorted_destroyed_actor_list_: 0

GcsResourceManager: 
- GetResources request count: 0
- GetAllAvailableResources request count0
- ReportResourceUsage request count: 0
- GetAllResourceUsage request count: 527

GcsPlacementGroupManager: 
- CreatePlacementGroup request count: 1
- RemovePlacementGroup request count: 0
- GetPlacementGroup request count: 1
- GetAllPlacementGroup request count: 1
- WaitPlacementGroupUntilReady request count: 0
- GetNamedPlacementGroup request count: 0
- Scheduling pending placement group count: 5070
- Registered placement groups count: 1
- Named placement group count: 1
- Pending placement groups count: 1
- Infeasible placement groups count: 0

GcsPublisher {}

[runtime env manager] ID to URIs table:
[runtime env manager] URIs reference table:

GrpcBasedResourceBroadcaster:
- Tracked nodes: 1
[2026-01-30 14:46:25,956 I 3413005 3413005] (gcs_server) gcs_server.cc:736: Event stats:


Global stats: 123716 total (20 active)
Queueing time: mean = 10.148 us, max = 16.617 ms, min = 748.000 ns, total = 1.255 s
Execution time:  mean = 13.602 us, total = 1.683 s
Event stats:
	RaySyncer.deadline_timer.report_resource_report - 26397 total (1 active), CPU time: mean = 5.064 us, total = 133.667 ms
	NodeManagerService.grpc_client.UpdateResourceUsage - 26138 total (0 active), CPU time: mean = 6.676 us, total = 174.487 ms
	ResourceUpdate - 26138 total (0 active), CPU time: mean = 7.913 us, total = 206.827 ms
	NodeManagerService.grpc_client.RequestResourceReport - 26138 total (0 active), CPU time: mean = 21.833 us, total = 570.670 ms
	GcsInMemoryStore.Put - 4108 total (0 active), CPU time: mean = 30.808 us, total = 126.559 ms
	InternalKVGcsService.grpc_server.InternalKVPut - 3970 total (0 active), CPU time: mean = 15.296 us, total = 60.723 ms
	RayletLoadPulled - 2640 total (1 active), CPU time: mean = 57.517 us, total = 151.844 ms
	NodeManagerService.grpc_client.GetResourceLoad - 2634 total (0 active), CPU time: mean = 10.589 us, total = 27.892 ms
	GcsPlacementGroupManager.SchedulePendingPlacementGroups - 2535 total (0 active), CPU time: mean = 81.807 ns, total = 207.380 us
	GcsInMemoryStore.Get - 850 total (0 active), CPU time: mean = 23.280 us, total = 19.788 ms
	InternalKVGcsService.grpc_server.InternalKVGet - 849 total (0 active), CPU time: mean = 13.932 us, total = 11.828 ms
	NodeResourceInfoGcsService.grpc_server.GetAllResourceUsage - 527 total (0 active), CPU time: mean = 107.075 us, total = 56.428 ms
	NodeInfoGcsService.grpc_server.GetAllNodeInfo - 282 total (0 active), CPU time: mean = 43.240 us, total = 12.194 ms
	GCSServer.deadline_timer.debug_state_dump - 264 total (1 active), CPU time: mean = 281.695 us, total = 74.368 ms
	StatsGcsService.grpc_server.AddProfileData - 52 total (0 active), CPU time: mean = 17.589 us, total = 914.619 us
	GCSServer.deadline_timer.debug_state_event_stats_print - 44 total (1 active, 1 running), CPU time: mean = 224.859 us, total = 9.894 ms
	WorkerInfoGcsService.grpc_server.AddWorkerInfo - 18 total (0 active), CPU time: mean = 13.930 us, total = 250.741 us
	CoreWorkerService.grpc_client.WaitForActorOutOfScope - 16 total (16 active), CPU time: mean = 0.000 s, total = 0.000 s
	CoreWorkerService.grpc_client.PushTask - 16 total (0 active), CPU time: mean = 141.065 us, total = 2.257 ms
	ActorInfoGcsService.grpc_server.RegisterActor - 16 total (0 active), CPU time: mean = 1.181 ms, total = 18.900 ms
	NodeManagerService.grpc_client.RequestWorkerLease - 16 total (0 active), CPU time: mean = 131.295 us, total = 2.101 ms
	ActorInfoGcsService.grpc_server.CreateActor - 16 total (0 active), CPU time: mean = 166.665 us, total = 2.667 ms
	ActorInfoGcsService.grpc_server.GetActorInfo - 16 total (0 active), CPU time: mean = 12.192 us, total = 195.068 us
	GcsInMemoryStore.GetAll - 10 total (0 active), CPU time: mean = 1.727 ms, total = 17.268 ms
	PeriodicalRunner.RunFnPeriodically - 4 total (0 active), CPU time: mean = 55.248 us, total = 220.992 us
	InternalKVGcsService.grpc_server.InternalKVKeys - 4 total (0 active), CPU time: mean = 14.688 us, total = 58.751 us
	GcsInMemoryStore.Keys - 4 total (0 active), CPU time: mean = 25.164 us, total = 100.657 us
	JobInfoGcsService.grpc_server.GetAllJobInfo - 3 total (0 active), CPU time: mean = 53.993 us, total = 161.980 us
	JobInfoGcsService.grpc_server.GetNextJobID - 1 total (0 active), CPU time: mean = 34.760 us, total = 34.760 us
	PlacementGroupInfoGcsService.grpc_server.CreatePlacementGroup - 1 total (0 active), CPU time: mean = 52.167 us, total = 52.167 us
	NodeInfoGcsService.grpc_server.GetInternalConfig - 1 total (0 active), CPU time: mean = 9.521 us, total = 9.521 us
	JobInfoGcsService.grpc_server.AddJob - 1 total (0 active), CPU time: mean = 74.986 us, total = 74.986 us
	GcsInMemoryStore.Exists - 1 total (0 active), CPU time: mean = 19.018 us, total = 19.018 us
	PlacementGroupInfoGcsService.grpc_server.GetAllPlacementGroup - 1 total (0 active), CPU time: mean = 12.743 us, total = 12.743 us
	InternalKVGcsService.grpc_server.InternalKVExists - 1 total (0 active), CPU time: mean = 16.524 us, total = 16.524 us
	InternalKVGcsService.grpc_server.InternalKVDel - 1 total (0 active), CPU time: mean = 12.304 us, total = 12.304 us
	PlacementGroupInfoGcsService.grpc_server.GetPlacementGroup - 1 total (0 active), CPU time: mean = 46.228 us, total = 46.228 us
	NodeInfoGcsService.grpc_server.RegisterNode - 1 total (0 active), CPU time: mean = 56.550 us, total = 56.550 us
	GcsInMemoryStore.Delete - 1 total (0 active), CPU time: mean = 18.817 us, total = 18.817 us


[2026-01-30 14:47:25,956 I 3413005 3413005] (gcs_server) gcs_server.cc:186: GcsNodeManager: 
- RegisterNode request count: 1
- DrainNode request count: 0
- GetAllNodeInfo request count: 288
- GetInternalConfig request count: 1

GcsActorManager: 
- RegisterActor request count: 16
- CreateActor request count: 16
- GetActorInfo request count: 16
- GetNamedActorInfo request count: 0
- GetAllActorInfo request count: 0
- KillActor request count: 0
- ListNamedActors request count: 0
- Registered actors count: 16
- Destroyed actors count: 0
- Named actors count: 0
- Unresolved actors count: 0
- Pending actors count: 0
- Created actors count: 1
- owners_: 1
- actor_to_register_callbacks_: 0
- actor_to_create_callbacks_: 0
- sorted_destroyed_actor_list_: 0

GcsResourceManager: 
- GetResources request count: 0
- GetAllAvailableResources request count0
- ReportResourceUsage request count: 0
- GetAllResourceUsage request count: 539

GcsPlacementGroupManager: 
- CreatePlacementGroup request count: 1
- RemovePlacementGroup request count: 0
- GetPlacementGroup request count: 1
- GetAllPlacementGroup request count: 1
- WaitPlacementGroupUntilReady request count: 0
- GetNamedPlacementGroup request count: 0
- Scheduling pending placement group count: 5190
- Registered placement groups count: 1
- Named placement group count: 1
- Pending placement groups count: 1
- Infeasible placement groups count: 0

GcsPublisher {}

[runtime env manager] ID to URIs table:
[runtime env manager] URIs reference table:

GrpcBasedResourceBroadcaster:
- Tracked nodes: 1
[2026-01-30 14:47:25,957 I 3413005 3413005] (gcs_server) gcs_server.cc:736: Event stats:


Global stats: 126499 total (20 active)
Queueing time: mean = 10.120 us, max = 16.617 ms, min = 748.000 ns, total = 1.280 s
Execution time:  mean = 13.553 us, total = 1.714 s
Event stats:
	RaySyncer.deadline_timer.report_resource_report - 26996 total (1 active), CPU time: mean = 5.048 us, total = 136.276 ms
	ResourceUpdate - 26734 total (0 active), CPU time: mean = 7.899 us, total = 211.172 ms
	NodeManagerService.grpc_client.RequestResourceReport - 26734 total (0 active), CPU time: mean = 21.779 us, total = 582.247 ms
	NodeManagerService.grpc_client.UpdateResourceUsage - 26733 total (0 active), CPU time: mean = 6.648 us, total = 177.711 ms
	GcsInMemoryStore.Put - 4192 total (0 active), CPU time: mean = 30.694 us, total = 128.668 ms
	InternalKVGcsService.grpc_server.InternalKVPut - 4054 total (0 active), CPU time: mean = 15.233 us, total = 61.753 ms
	RayletLoadPulled - 2700 total (1 active), CPU time: mean = 57.153 us, total = 154.314 ms
	NodeManagerService.grpc_client.GetResourceLoad - 2694 total (0 active), CPU time: mean = 10.559 us, total = 28.446 ms
	GcsPlacementGroupManager.SchedulePendingPlacementGroups - 2595 total (0 active), CPU time: mean = 81.909 ns, total = 212.553 us
	GcsInMemoryStore.Get - 862 total (0 active), CPU time: mean = 23.264 us, total = 20.054 ms
	InternalKVGcsService.grpc_server.InternalKVGet - 861 total (0 active), CPU time: mean = 13.955 us, total = 12.015 ms
	NodeResourceInfoGcsService.grpc_server.GetAllResourceUsage - 539 total (0 active), CPU time: mean = 106.939 us, total = 57.640 ms
	NodeInfoGcsService.grpc_server.GetAllNodeInfo - 288 total (0 active), CPU time: mean = 43.037 us, total = 12.395 ms
	GCSServer.deadline_timer.debug_state_dump - 270 total (1 active), CPU time: mean = 281.443 us, total = 75.990 ms
	StatsGcsService.grpc_server.AddProfileData - 52 total (0 active), CPU time: mean = 17.589 us, total = 914.619 us
	GCSServer.deadline_timer.debug_state_event_stats_print - 45 total (1 active, 1 running), CPU time: mean = 225.330 us, total = 10.140 ms
	WorkerInfoGcsService.grpc_server.AddWorkerInfo - 18 total (0 active), CPU time: mean = 13.930 us, total = 250.741 us
	CoreWorkerService.grpc_client.WaitForActorOutOfScope - 16 total (16 active), CPU time: mean = 0.000 s, total = 0.000 s
	CoreWorkerService.grpc_client.PushTask - 16 total (0 active), CPU time: mean = 141.065 us, total = 2.257 ms
	ActorInfoGcsService.grpc_server.RegisterActor - 16 total (0 active), CPU time: mean = 1.181 ms, total = 18.900 ms
	NodeManagerService.grpc_client.RequestWorkerLease - 16 total (0 active), CPU time: mean = 131.295 us, total = 2.101 ms
	ActorInfoGcsService.grpc_server.CreateActor - 16 total (0 active), CPU time: mean = 166.665 us, total = 2.667 ms
	ActorInfoGcsService.grpc_server.GetActorInfo - 16 total (0 active), CPU time: mean = 12.192 us, total = 195.068 us
	GcsInMemoryStore.GetAll - 10 total (0 active), CPU time: mean = 1.727 ms, total = 17.268 ms
	PeriodicalRunner.RunFnPeriodically - 4 total (0 active), CPU time: mean = 55.248 us, total = 220.992 us
	InternalKVGcsService.grpc_server.InternalKVKeys - 4 total (0 active), CPU time: mean = 14.688 us, total = 58.751 us
	GcsInMemoryStore.Keys - 4 total (0 active), CPU time: mean = 25.164 us, total = 100.657 us
	JobInfoGcsService.grpc_server.GetAllJobInfo - 3 total (0 active), CPU time: mean = 53.993 us, total = 161.980 us
	JobInfoGcsService.grpc_server.GetNextJobID - 1 total (0 active), CPU time: mean = 34.760 us, total = 34.760 us
	PlacementGroupInfoGcsService.grpc_server.CreatePlacementGroup - 1 total (0 active), CPU time: mean = 52.167 us, total = 52.167 us
	NodeInfoGcsService.grpc_server.GetInternalConfig - 1 total (0 active), CPU time: mean = 9.521 us, total = 9.521 us
	JobInfoGcsService.grpc_server.AddJob - 1 total (0 active), CPU time: mean = 74.986 us, total = 74.986 us
	GcsInMemoryStore.Exists - 1 total (0 active), CPU time: mean = 19.018 us, total = 19.018 us
	PlacementGroupInfoGcsService.grpc_server.GetAllPlacementGroup - 1 total (0 active), CPU time: mean = 12.743 us, total = 12.743 us
	InternalKVGcsService.grpc_server.InternalKVExists - 1 total (0 active), CPU time: mean = 16.524 us, total = 16.524 us
	InternalKVGcsService.grpc_server.InternalKVDel - 1 total (0 active), CPU time: mean = 12.304 us, total = 12.304 us
	PlacementGroupInfoGcsService.grpc_server.GetPlacementGroup - 1 total (0 active), CPU time: mean = 46.228 us, total = 46.228 us
	NodeInfoGcsService.grpc_server.RegisterNode - 1 total (0 active), CPU time: mean = 56.550 us, total = 56.550 us
	GcsInMemoryStore.Delete - 1 total (0 active), CPU time: mean = 18.817 us, total = 18.817 us


[2026-01-30 14:48:25,957 I 3413005 3413005] (gcs_server) gcs_server.cc:186: GcsNodeManager: 
- RegisterNode request count: 1
- DrainNode request count: 0
- GetAllNodeInfo request count: 294
- GetInternalConfig request count: 1

GcsActorManager: 
- RegisterActor request count: 16
- CreateActor request count: 16
- GetActorInfo request count: 16
- GetNamedActorInfo request count: 0
- GetAllActorInfo request count: 0
- KillActor request count: 0
- ListNamedActors request count: 0
- Registered actors count: 16
- Destroyed actors count: 0
- Named actors count: 0
- Unresolved actors count: 0
- Pending actors count: 0
- Created actors count: 1
- owners_: 1
- actor_to_register_callbacks_: 0
- actor_to_create_callbacks_: 0
- sorted_destroyed_actor_list_: 0

GcsResourceManager: 
- GetResources request count: 0
- GetAllAvailableResources request count0
- ReportResourceUsage request count: 0
- GetAllResourceUsage request count: 551

GcsPlacementGroupManager: 
- CreatePlacementGroup request count: 1
- RemovePlacementGroup request count: 0
- GetPlacementGroup request count: 1
- GetAllPlacementGroup request count: 1
- WaitPlacementGroupUntilReady request count: 0
- GetNamedPlacementGroup request count: 0
- Scheduling pending placement group count: 5310
- Registered placement groups count: 1
- Named placement group count: 1
- Pending placement groups count: 1
- Infeasible placement groups count: 0

GcsPublisher {}

[runtime env manager] ID to URIs table:
[runtime env manager] URIs reference table:

GrpcBasedResourceBroadcaster:
- Tracked nodes: 1
[2026-01-30 14:48:25,957 I 3413005 3413005] (gcs_server) gcs_server.cc:736: Event stats:


Global stats: 129287 total (20 active)
Queueing time: mean = 10.093 us, max = 16.617 ms, min = 748.000 ns, total = 1.305 s
Execution time:  mean = 13.514 us, total = 1.747 s
Event stats:
	RaySyncer.deadline_timer.report_resource_report - 27596 total (1 active), CPU time: mean = 5.034 us, total = 138.929 ms
	ResourceUpdate - 27331 total (0 active), CPU time: mean = 7.890 us, total = 215.629 ms
	NodeManagerService.grpc_client.RequestResourceReport - 27331 total (0 active), CPU time: mean = 21.731 us, total = 593.927 ms
	NodeManagerService.grpc_client.UpdateResourceUsage - 27330 total (0 active), CPU time: mean = 6.629 us, total = 181.181 ms
	GcsInMemoryStore.Put - 4276 total (0 active), CPU time: mean = 30.632 us, total = 130.983 ms
	InternalKVGcsService.grpc_server.InternalKVPut - 4138 total (0 active), CPU time: mean = 15.203 us, total = 62.911 ms
	RayletLoadPulled - 2760 total (1 active), CPU time: mean = 56.841 us, total = 156.880 ms
	NodeManagerService.grpc_client.GetResourceLoad - 2754 total (0 active), CPU time: mean = 10.543 us, total = 29.035 ms
	GcsPlacementGroupManager.SchedulePendingPlacementGroups - 2655 total (0 active), CPU time: mean = 81.802 ns, total = 217.185 us
	GcsInMemoryStore.Get - 874 total (0 active), CPU time: mean = 23.261 us, total = 20.330 ms
	InternalKVGcsService.grpc_server.InternalKVGet - 873 total (0 active), CPU time: mean = 13.977 us, total = 12.201 ms
	NodeResourceInfoGcsService.grpc_server.GetAllResourceUsage - 551 total (0 active), CPU time: mean = 106.859 us, total = 58.879 ms
	NodeInfoGcsService.grpc_server.GetAllNodeInfo - 294 total (0 active), CPU time: mean = 43.058 us, total = 12.659 ms
	GCSServer.deadline_timer.debug_state_dump - 276 total (1 active), CPU time: mean = 281.428 us, total = 77.674 ms
	StatsGcsService.grpc_server.AddProfileData - 52 total (0 active), CPU time: mean = 17.589 us, total = 914.619 us
	GCSServer.deadline_timer.debug_state_event_stats_print - 46 total (1 active, 1 running), CPU time: mean = 224.813 us, total = 10.341 ms
	WorkerInfoGcsService.grpc_server.AddWorkerInfo - 18 total (0 active), CPU time: mean = 13.930 us, total = 250.741 us
	CoreWorkerService.grpc_client.WaitForActorOutOfScope - 16 total (16 active), CPU time: mean = 0.000 s, total = 0.000 s
	CoreWorkerService.grpc_client.PushTask - 16 total (0 active), CPU time: mean = 141.065 us, total = 2.257 ms
	ActorInfoGcsService.grpc_server.RegisterActor - 16 total (0 active), CPU time: mean = 1.181 ms, total = 18.900 ms
	NodeManagerService.grpc_client.RequestWorkerLease - 16 total (0 active), CPU time: mean = 131.295 us, total = 2.101 ms
	ActorInfoGcsService.grpc_server.CreateActor - 16 total (0 active), CPU time: mean = 166.665 us, total = 2.667 ms
	ActorInfoGcsService.grpc_server.GetActorInfo - 16 total (0 active), CPU time: mean = 12.192 us, total = 195.068 us
	GcsInMemoryStore.GetAll - 10 total (0 active), CPU time: mean = 1.727 ms, total = 17.268 ms
	PeriodicalRunner.RunFnPeriodically - 4 total (0 active), CPU time: mean = 55.248 us, total = 220.992 us
	InternalKVGcsService.grpc_server.InternalKVKeys - 4 total (0 active), CPU time: mean = 14.688 us, total = 58.751 us
	GcsInMemoryStore.Keys - 4 total (0 active), CPU time: mean = 25.164 us, total = 100.657 us
	JobInfoGcsService.grpc_server.GetAllJobInfo - 3 total (0 active), CPU time: mean = 53.993 us, total = 161.980 us
	JobInfoGcsService.grpc_server.GetNextJobID - 1 total (0 active), CPU time: mean = 34.760 us, total = 34.760 us
	PlacementGroupInfoGcsService.grpc_server.CreatePlacementGroup - 1 total (0 active), CPU time: mean = 52.167 us, total = 52.167 us
	NodeInfoGcsService.grpc_server.GetInternalConfig - 1 total (0 active), CPU time: mean = 9.521 us, total = 9.521 us
	JobInfoGcsService.grpc_server.AddJob - 1 total (0 active), CPU time: mean = 74.986 us, total = 74.986 us
	GcsInMemoryStore.Exists - 1 total (0 active), CPU time: mean = 19.018 us, total = 19.018 us
	PlacementGroupInfoGcsService.grpc_server.GetAllPlacementGroup - 1 total (0 active), CPU time: mean = 12.743 us, total = 12.743 us
	InternalKVGcsService.grpc_server.InternalKVExists - 1 total (0 active), CPU time: mean = 16.524 us, total = 16.524 us
	InternalKVGcsService.grpc_server.InternalKVDel - 1 total (0 active), CPU time: mean = 12.304 us, total = 12.304 us
	PlacementGroupInfoGcsService.grpc_server.GetPlacementGroup - 1 total (0 active), CPU time: mean = 46.228 us, total = 46.228 us
	NodeInfoGcsService.grpc_server.RegisterNode - 1 total (0 active), CPU time: mean = 56.550 us, total = 56.550 us
	GcsInMemoryStore.Delete - 1 total (0 active), CPU time: mean = 18.817 us, total = 18.817 us


[2026-01-30 14:49:25,957 I 3413005 3413005] (gcs_server) gcs_server.cc:186: GcsNodeManager: 
- RegisterNode request count: 1
- DrainNode request count: 0
- GetAllNodeInfo request count: 300
- GetInternalConfig request count: 1

GcsActorManager: 
- RegisterActor request count: 16
- CreateActor request count: 16
- GetActorInfo request count: 16
- GetNamedActorInfo request count: 0
- GetAllActorInfo request count: 0
- KillActor request count: 0
- ListNamedActors request count: 0
- Registered actors count: 16
- Destroyed actors count: 0
- Named actors count: 0
- Unresolved actors count: 0
- Pending actors count: 0
- Created actors count: 1
- owners_: 1
- actor_to_register_callbacks_: 0
- actor_to_create_callbacks_: 0
- sorted_destroyed_actor_list_: 0

GcsResourceManager: 
- GetResources request count: 0
- GetAllAvailableResources request count0
- ReportResourceUsage request count: 0
- GetAllResourceUsage request count: 563

GcsPlacementGroupManager: 
- CreatePlacementGroup request count: 1
- RemovePlacementGroup request count: 0
- GetPlacementGroup request count: 1
- GetAllPlacementGroup request count: 1
- WaitPlacementGroupUntilReady request count: 0
- GetNamedPlacementGroup request count: 0
- Scheduling pending placement group count: 5430
- Registered placement groups count: 1
- Named placement group count: 1
- Pending placement groups count: 1
- Infeasible placement groups count: 0

GcsPublisher {}

[runtime env manager] ID to URIs table:
[runtime env manager] URIs reference table:

GrpcBasedResourceBroadcaster:
- Tracked nodes: 1
[2026-01-30 14:49:25,957 I 3413005 3413005] (gcs_server) gcs_server.cc:736: Event stats:


Global stats: 132075 total (20 active)
Queueing time: mean = 10.067 us, max = 16.617 ms, min = 748.000 ns, total = 1.330 s
Execution time:  mean = 13.480 us, total = 1.780 s
Event stats:
	RaySyncer.deadline_timer.report_resource_report - 28196 total (1 active), CPU time: mean = 5.025 us, total = 141.679 ms
	ResourceUpdate - 27928 total (0 active), CPU time: mean = 7.891 us, total = 220.371 ms
	NodeManagerService.grpc_client.RequestResourceReport - 27928 total (0 active), CPU time: mean = 21.691 us, total = 605.781 ms
	NodeManagerService.grpc_client.UpdateResourceUsage - 27927 total (0 active), CPU time: mean = 6.620 us, total = 184.864 ms
	GcsInMemoryStore.Put - 4360 total (0 active), CPU time: mean = 30.549 us, total = 133.196 ms
	InternalKVGcsService.grpc_server.InternalKVPut - 4222 total (0 active), CPU time: mean = 15.182 us, total = 64.100 ms
	RayletLoadPulled - 2820 total (1 active), CPU time: mean = 56.531 us, total = 159.417 ms
	NodeManagerService.grpc_client.GetResourceLoad - 2814 total (0 active), CPU time: mean = 10.541 us, total = 29.663 ms
	GcsPlacementGroupManager.SchedulePendingPlacementGroups - 2715 total (0 active), CPU time: mean = 81.909 ns, total = 222.383 us
	GcsInMemoryStore.Get - 886 total (0 active), CPU time: mean = 23.254 us, total = 20.603 ms
	InternalKVGcsService.grpc_server.InternalKVGet - 885 total (0 active), CPU time: mean = 14.006 us, total = 12.395 ms
	NodeResourceInfoGcsService.grpc_server.GetAllResourceUsage - 563 total (0 active), CPU time: mean = 106.348 us, total = 59.874 ms
	NodeInfoGcsService.grpc_server.GetAllNodeInfo - 300 total (0 active), CPU time: mean = 43.027 us, total = 12.908 ms
	GCSServer.deadline_timer.debug_state_dump - 282 total (1 active), CPU time: mean = 281.332 us, total = 79.335 ms
	StatsGcsService.grpc_server.AddProfileData - 52 total (0 active), CPU time: mean = 17.589 us, total = 914.619 us
	GCSServer.deadline_timer.debug_state_event_stats_print - 47 total (1 active, 1 running), CPU time: mean = 224.834 us, total = 10.567 ms
	WorkerInfoGcsService.grpc_server.AddWorkerInfo - 18 total (0 active), CPU time: mean = 13.930 us, total = 250.741 us
	CoreWorkerService.grpc_client.WaitForActorOutOfScope - 16 total (16 active), CPU time: mean = 0.000 s, total = 0.000 s
	CoreWorkerService.grpc_client.PushTask - 16 total (0 active), CPU time: mean = 141.065 us, total = 2.257 ms
	ActorInfoGcsService.grpc_server.RegisterActor - 16 total (0 active), CPU time: mean = 1.181 ms, total = 18.900 ms
	NodeManagerService.grpc_client.RequestWorkerLease - 16 total (0 active), CPU time: mean = 131.295 us, total = 2.101 ms
	ActorInfoGcsService.grpc_server.CreateActor - 16 total (0 active), CPU time: mean = 166.665 us, total = 2.667 ms
	ActorInfoGcsService.grpc_server.GetActorInfo - 16 total (0 active), CPU time: mean = 12.192 us, total = 195.068 us
	GcsInMemoryStore.GetAll - 10 total (0 active), CPU time: mean = 1.727 ms, total = 17.268 ms
	PeriodicalRunner.RunFnPeriodically - 4 total (0 active), CPU time: mean = 55.248 us, total = 220.992 us
	InternalKVGcsService.grpc_server.InternalKVKeys - 4 total (0 active), CPU time: mean = 14.688 us, total = 58.751 us
	GcsInMemoryStore.Keys - 4 total (0 active), CPU time: mean = 25.164 us, total = 100.657 us
	JobInfoGcsService.grpc_server.GetAllJobInfo - 3 total (0 active), CPU time: mean = 53.993 us, total = 161.980 us
	JobInfoGcsService.grpc_server.GetNextJobID - 1 total (0 active), CPU time: mean = 34.760 us, total = 34.760 us
	PlacementGroupInfoGcsService.grpc_server.CreatePlacementGroup - 1 total (0 active), CPU time: mean = 52.167 us, total = 52.167 us
	NodeInfoGcsService.grpc_server.GetInternalConfig - 1 total (0 active), CPU time: mean = 9.521 us, total = 9.521 us
	JobInfoGcsService.grpc_server.AddJob - 1 total (0 active), CPU time: mean = 74.986 us, total = 74.986 us
	GcsInMemoryStore.Exists - 1 total (0 active), CPU time: mean = 19.018 us, total = 19.018 us
	PlacementGroupInfoGcsService.grpc_server.GetAllPlacementGroup - 1 total (0 active), CPU time: mean = 12.743 us, total = 12.743 us
	InternalKVGcsService.grpc_server.InternalKVExists - 1 total (0 active), CPU time: mean = 16.524 us, total = 16.524 us
	InternalKVGcsService.grpc_server.InternalKVDel - 1 total (0 active), CPU time: mean = 12.304 us, total = 12.304 us
	PlacementGroupInfoGcsService.grpc_server.GetPlacementGroup - 1 total (0 active), CPU time: mean = 46.228 us, total = 46.228 us
	NodeInfoGcsService.grpc_server.RegisterNode - 1 total (0 active), CPU time: mean = 56.550 us, total = 56.550 us
	GcsInMemoryStore.Delete - 1 total (0 active), CPU time: mean = 18.817 us, total = 18.817 us


