[2026-01-30 14:02:31,359 I 3413275 3413275] (raylet) io_service_pool.cc:35: IOServicePool is running with 1 io_service.
[2026-01-30 14:02:31,360 I 3413275 3413275] (raylet) store_runner.cc:32: Allowing the Plasma store to use up to 200GB of memory.
[2026-01-30 14:02:31,360 I 3413275 3413275] (raylet) store_runner.cc:48: Starting object store with directory /dev/shm, fallback /tmp/ray, and huge page support disabled
[2026-01-30 14:02:31,361 I 3413275 3413375] (raylet) dlmalloc.cc:154: create_and_mmap_buffer(200000012296, /dev/shm/plasmaXXXXXX)
[2026-01-30 14:02:31,361 I 3413275 3413375] (raylet) store.cc:551: ========== Plasma store: =================
Current usage: 0 / 200 GB
- num bytes created total: 0
0 pending objects of total size 0MB
- objects spillable: 0
- bytes spillable: 0
- objects unsealed: 0
- bytes unsealed: 0
- objects in use: 0
- bytes in use: 0
- objects evictable: 0
- bytes evictable: 0

- objects created by worker: 0
- bytes created by worker: 0
- objects restored: 0
- bytes restored: 0
- objects received: 0
- bytes received: 0
- objects errored: 0
- bytes errored: 0

[2026-01-30 14:02:31,362 I 3413275 3413275] (raylet) grpc_server.cc:114: ObjectManager server started, listening on port 38371.
[2026-01-30 14:02:31,371 I 3413275 3413275] (raylet) memory_monitor.cc:65: MemoryMonitor disabled. Specify `memory_monitor_interval_ms` > 0 to enable the monitor.
[2026-01-30 14:02:31,371 I 3413275 3413275] (raylet) node_manager.cc:344: Initializing NodeManager with ID 435ff685d8e66afce15860cd5b4687480235848d386ffa5d5547bd3d
[2026-01-30 14:02:31,372 I 3413275 3413275] (raylet) grpc_server.cc:114: NodeManager server started, listening on port 37229.
[2026-01-30 14:02:31,377 I 3413275 3413391] (raylet) agent_manager.cc:109: Monitor agent process with id 424238335, register timeout 30000ms.
[2026-01-30 14:02:31,379 I 3413275 3413275] (raylet) raylet.cc:114: Raylet of id, 435ff685d8e66afce15860cd5b4687480235848d386ffa5d5547bd3d started. Raylet consists of node_manager and object_manager. node_manager address: 10.137.21.59:37229 object_manager address: 10.137.21.59:38371 hostname: 10.137.21.59
[2026-01-30 14:02:31,381 I 3413275 3413275] (raylet) node_manager.cc:540: [state-dump] Event stats:
[state-dump] 
[state-dump] 
[state-dump] Global stats: 20 total (11 active)
[state-dump] Queueing time: mean = 1.715 ms, max = 17.788 ms, min = 8.795 us, total = 34.308 ms
[state-dump] Execution time:  mean = 1.799 ms, total = 35.976 ms
[state-dump] Event stats:
[state-dump] 	PeriodicalRunner.RunFnPeriodically - 8 total (1 active, 1 running), CPU time: mean = 247.092 us, total = 1.977 ms
[state-dump] 	UNKNOWN - 3 total (3 active), CPU time: mean = 0.000 s, total = 0.000 s
[state-dump] 	RayletWorkerPool.deadline_timer.kill_idle_workers - 1 total (1 active), CPU time: mean = 0.000 s, total = 0.000 s
[state-dump] 	NodeManagerService.grpc_server.RequestResourceReport - 1 total (1 active), CPU time: mean = 0.000 s, total = 0.000 s
[state-dump] 	NodeInfoGcsService.grpc_client.GetInternalConfig - 1 total (0 active), CPU time: mean = 33.796 ms, total = 33.796 ms
[state-dump] 	NodeManager.deadline_timer.debug_state_dump - 1 total (1 active), CPU time: mean = 0.000 s, total = 0.000 s
[state-dump] 	NodeInfoGcsService.grpc_client.RegisterNode - 1 total (0 active), CPU time: mean = 203.359 us, total = 203.359 us
[state-dump] 	InternalPubSubGcsService.grpc_client.GcsSubscriberPoll - 1 total (1 active), CPU time: mean = 0.000 s, total = 0.000 s
[state-dump] 	NodeManager.deadline_timer.flush_free_objects - 1 total (1 active), CPU time: mean = 0.000 s, total = 0.000 s
[state-dump] 	InternalPubSubGcsService.grpc_client.GcsSubscriberCommandBatch - 1 total (1 active), CPU time: mean = 0.000 s, total = 0.000 s
[state-dump] 	NodeManager.deadline_timer.record_metrics - 1 total (1 active), CPU time: mean = 0.000 s, total = 0.000 s
[state-dump] 
[state-dump] NodeManager:
[state-dump] Node ID: 435ff685d8e66afce15860cd5b4687480235848d386ffa5d5547bd3d
[state-dump] Node name: 10.137.21.59
[state-dump] InitialConfigResources: {memory: 8135216732160000, GPU: 20000, node:10.137.21.59: 10000, CPU: 170000, object_store_memory: 2000000000000000, accelerator_type:H100: 10000}
[state-dump] ClusterTaskManager:
[state-dump] ========== Node: 435ff685d8e66afce15860cd5b4687480235848d386ffa5d5547bd3d =================
[state-dump] Infeasible queue length: 0
[state-dump] Schedule queue length: 0
[state-dump] Dispatch queue length: 0
[state-dump] num_waiting_for_resource: 0
[state-dump] num_waiting_for_plasma_memory: 0
[state-dump] num_waiting_for_remote_node_resources: 0
[state-dump] num_worker_not_started_by_job_config_not_exist: 0
[state-dump] num_worker_not_started_by_registration_timeout: 0
[state-dump] num_tasks_waiting_for_workers: 0
[state-dump] num_cancelled_tasks: 0
[state-dump] cluster_resource_scheduler state: 
[state-dump] Local id: -8058881002343059789 Local resources: {node:10.137.21.59: [10000]/[10000], CPU: [170000]/[170000], object_store_memory: [2000000000000000]/[2000000000000000], memory: [8135216732160000]/[8135216732160000], GPU: [10000, 10000]/[10000, 10000], accelerator_type:H100: [10000]/[10000]}node id: -8058881002343059789{node:10.137.21.59: 10000/10000, CPU: 170000/170000, object_store_memory: 2000000000000000/2000000000000000, memory: 8135216732160000/8135216732160000, GPU: 20000/20000, accelerator_type:H100: 10000/10000}{ "placment group locations": [], "node to bundles": []}
[state-dump] Waiting tasks size: 0
[state-dump] Number of executing tasks: 0
[state-dump] Number of pinned task arguments: 0
[state-dump] Number of total spilled tasks: 0
[state-dump] Number of spilled waiting tasks: 0
[state-dump] Number of spilled unschedulable tasks: 0
[state-dump] Resource usage {
[state-dump] }
[state-dump] Running tasks by scheduling class:
[state-dump] ==================================================
[state-dump] 
[state-dump] ClusterResources:
[state-dump] LocalObjectManager:
[state-dump] - num pinned objects: 0
[state-dump] - pinned objects size: 0
[state-dump] - num objects pending restore: 0
[state-dump] - num objects pending spill: 0
[state-dump] - num bytes pending spill: 0
[state-dump] - num bytes currently spilled: 0
[state-dump] - cumulative spill requests: 0
[state-dump] - cumulative restore requests: 0
[state-dump] - spilled objects pending delete: 0
[state-dump] 
[state-dump] ObjectManager:
[state-dump] - num local objects: 0
[state-dump] - num unfulfilled push requests: 0
[state-dump] - num object pull requests: 0
[state-dump] - num chunks received total: 0
[state-dump] - num chunks received failed (all): 0
[state-dump] - num chunks received failed / cancelled: 0
[state-dump] - num chunks received failed / plasma error: 0
[state-dump] Event stats:
[state-dump] Global stats: 0 total (0 active)
[state-dump] Queueing time: mean = -nan s, max = -0.000 s, min = 9223372036.855 s, total = 0.000 s
[state-dump] Execution time:  mean = -nan s, total = 0.000 s
[state-dump] Event stats:
[state-dump] PushManager:
[state-dump] - num pushes in flight: 0
[state-dump] - num chunks in flight: 0
[state-dump] - num chunks remaining: 0
[state-dump] - max chunks allowed: 409
[state-dump] OwnershipBasedObjectDirectory:
[state-dump] - num listeners: 0
[state-dump] - cumulative location updates: 0
[state-dump] - num location updates per second: 0.000
[state-dump] - num location lookups per second: 0.000
[state-dump] - num locations added per second: 0.000
[state-dump] - num locations removed per second: 0.000
[state-dump] BufferPool:
[state-dump] - create buffer state map size: 0
[state-dump] PullManager:
[state-dump] - num bytes available for pulled objects: 200000000000
[state-dump] - num bytes being pulled (all): 0
[state-dump] - num bytes being pulled / pinned: 0
[state-dump] - get request bundles: BundlePullRequestQueue{0 total, 0 active, 0 inactive, 0 unpullable}
[state-dump] - wait request bundles: BundlePullRequestQueue{0 total, 0 active, 0 inactive, 0 unpullable}
[state-dump] - task request bundles: BundlePullRequestQueue{0 total, 0 active, 0 inactive, 0 unpullable}
[state-dump] - first get request bundle: N/A
[state-dump] - first wait request bundle: N/A
[state-dump] - first task request bundle: N/A
[state-dump] - num objects queued: 0
[state-dump] - num objects actively pulled (all): 0
[state-dump] - num objects actively pulled / pinned: 0
[state-dump] - num bundles being pulled: 0
[state-dump] - num pull retries: 0
[state-dump] - max timeout seconds: 0
[state-dump] - max timeout request is already processed. No entry.
[state-dump] 
[state-dump] WorkerPool:
[state-dump] - registered jobs: 0
[state-dump] - process_failed_job_config_missing: 0
[state-dump] - process_failed_rate_limited: 0
[state-dump] - process_failed_pending_registration: 0
[state-dump] - process_failed_runtime_env_setup_failed: 0
[state-dump] - num JAVA workers: 0
[state-dump] - num JAVA drivers: 0
[state-dump] - num object spill callbacks queued: 0
[state-dump] - num object restore queued: 0
[state-dump] - num util functions queued: 0
[state-dump] - num PYTHON workers: 0
[state-dump] - num PYTHON drivers: 0
[state-dump] - num object spill callbacks queued: 0
[state-dump] - num object restore queued: 0
[state-dump] - num util functions queued: 0
[state-dump] - num idle workers: 0
[state-dump] TaskDependencyManager:
[state-dump] - task deps map size: 0
[state-dump] - get req map size: 0
[state-dump] - wait req map size: 0
[state-dump] - local objects map size: 0
[state-dump] WaitManager:
[state-dump] - num active wait requests: 0
[state-dump] Subscriber:
[state-dump] Channel WORKER_REF_REMOVED_CHANNEL
[state-dump] - cumulative subscribe requests: 0
[state-dump] - cumulative unsubscribe requests: 0
[state-dump] - active subscribed publishers: 0
[state-dump] - cumulative published messages: 0
[state-dump] - cumulative processed messages: 0
[state-dump] Channel WORKER_OBJECT_EVICTION
[state-dump] - cumulative subscribe requests: 0
[state-dump] - cumulative unsubscribe requests: 0
[state-dump] - active subscribed publishers: 0
[state-dump] - cumulative published messages: 0
[state-dump] - cumulative processed messages: 0
[state-dump] Channel WORKER_OBJECT_LOCATIONS_CHANNEL
[state-dump] - cumulative subscribe requests: 0
[state-dump] - cumulative unsubscribe requests: 0
[state-dump] - active subscribed publishers: 0
[state-dump] - cumulative published messages: 0
[state-dump] - cumulative processed messages: 0
[state-dump] num async plasma notifications: 0
[state-dump] Remote node managers: 
[state-dump] Event stats:
[state-dump] Global stats: 20 total (11 active)
[state-dump] Queueing time: mean = 1.715 ms, max = 17.788 ms, min = 8.795 us, total = 34.308 ms
[state-dump] Execution time:  mean = 1.799 ms, total = 35.976 ms
[state-dump] Event stats:
[state-dump] 	PeriodicalRunner.RunFnPeriodically - 8 total (1 active, 1 running), CPU time: mean = 247.092 us, total = 1.977 ms
[state-dump] 	UNKNOWN - 3 total (3 active), CPU time: mean = 0.000 s, total = 0.000 s
[state-dump] 	RayletWorkerPool.deadline_timer.kill_idle_workers - 1 total (1 active), CPU time: mean = 0.000 s, total = 0.000 s
[state-dump] 	NodeManagerService.grpc_server.RequestResourceReport - 1 total (1 active), CPU time: mean = 0.000 s, total = 0.000 s
[state-dump] 	NodeInfoGcsService.grpc_client.GetInternalConfig - 1 total (0 active), CPU time: mean = 33.796 ms, total = 33.796 ms
[state-dump] 	NodeManager.deadline_timer.debug_state_dump - 1 total (1 active), CPU time: mean = 0.000 s, total = 0.000 s
[state-dump] 	NodeInfoGcsService.grpc_client.RegisterNode - 1 total (0 active), CPU time: mean = 203.359 us, total = 203.359 us
[state-dump] 	InternalPubSubGcsService.grpc_client.GcsSubscriberPoll - 1 total (1 active), CPU time: mean = 0.000 s, total = 0.000 s
[state-dump] 	NodeManager.deadline_timer.flush_free_objects - 1 total (1 active), CPU time: mean = 0.000 s, total = 0.000 s
[state-dump] 	InternalPubSubGcsService.grpc_client.GcsSubscriberCommandBatch - 1 total (1 active), CPU time: mean = 0.000 s, total = 0.000 s
[state-dump] 	NodeManager.deadline_timer.record_metrics - 1 total (1 active), CPU time: mean = 0.000 s, total = 0.000 s
[state-dump] DebugString() time ms: 0
[state-dump] 
[state-dump] 
[2026-01-30 14:02:31,382 I 3413275 3413275] (raylet) accessor.cc:608: Received notification for node id = 435ff685d8e66afce15860cd5b4687480235848d386ffa5d5547bd3d, IsAlive = 1
[2026-01-30 14:02:32,376 I 3413275 3413275] (raylet) agent_manager.cc:40: HandleRegisterAgent, ip: 10.137.21.59, port: 60958, id: 424238335
[2026-01-30 14:02:41,366 W 3413275 3413369] (raylet) metric_exporter.cc:209: [1] Export metrics to agent failed: GrpcUnknown: RPC Error message: Method not found!; RPC Error details: . This won't affect Ray, but you can lose metrics from the cluster.
[2026-01-30 14:03:17,515 I 3413275 3413275] (raylet) node_manager.cc:616: New job has started. Job id 01000000 Driver pid 3413402 is dead: 0 driver address: 10.137.21.59
[2026-01-30 14:03:17,515 I 3413275 3413275] (raylet) worker_pool.cc:639: Job 01000000 already started in worker pool.
[2026-01-30 14:03:17,551 I 3413275 3413375] (raylet) object_store.cc:35: Object store current usage 8e-09 / 200 GB.
[2026-01-30 14:03:18,240 I 3413275 3413275] (raylet) worker_pool.cc:447: Started worker process with pid 3414080, the token is 0
[2026-01-30 14:03:18,241 I 3413275 3413275] (raylet) worker_pool.cc:447: Started worker process with pid 3414081, the token is 1
[2026-01-30 14:03:18,244 I 3413275 3413275] (raylet) worker_pool.cc:447: Started worker process with pid 3414082, the token is 2
[2026-01-30 14:03:18,249 I 3413275 3413275] (raylet) worker_pool.cc:447: Started worker process with pid 3414083, the token is 3
[2026-01-30 14:03:18,254 I 3413275 3413275] (raylet) worker_pool.cc:447: Started worker process with pid 3414084, the token is 4
[2026-01-30 14:03:18,260 I 3413275 3413275] (raylet) worker_pool.cc:447: Started worker process with pid 3414085, the token is 5
[2026-01-30 14:03:18,266 I 3413275 3413275] (raylet) worker_pool.cc:447: Started worker process with pid 3414086, the token is 6
[2026-01-30 14:03:18,271 I 3413275 3413275] (raylet) worker_pool.cc:447: Started worker process with pid 3414087, the token is 7
[2026-01-30 14:03:18,280 I 3413275 3413275] (raylet) worker_pool.cc:447: Started worker process with pid 3414088, the token is 8
[2026-01-30 14:03:18,286 I 3413275 3413275] (raylet) worker_pool.cc:447: Started worker process with pid 3414089, the token is 9
[2026-01-30 14:03:18,291 I 3413275 3413275] (raylet) worker_pool.cc:447: Started worker process with pid 3414090, the token is 10
[2026-01-30 14:03:18,296 I 3413275 3413275] (raylet) worker_pool.cc:447: Started worker process with pid 3414091, the token is 11
[2026-01-30 14:03:18,302 I 3413275 3413275] (raylet) worker_pool.cc:447: Started worker process with pid 3414092, the token is 12
[2026-01-30 14:03:18,307 I 3413275 3413275] (raylet) worker_pool.cc:447: Started worker process with pid 3414093, the token is 13
[2026-01-30 14:03:18,314 I 3413275 3413275] (raylet) worker_pool.cc:447: Started worker process with pid 3414094, the token is 14
[2026-01-30 14:03:18,320 I 3413275 3413275] (raylet) worker_pool.cc:447: Started worker process with pid 3414095, the token is 15
[2026-01-30 14:03:31,361 I 3413275 3413375] (raylet) store.cc:551: ========== Plasma store: =================
Current usage: 0 / 200 GB
- num bytes created total: 136
0 pending objects of total size 0MB
- objects spillable: 0
- bytes spillable: 0
- objects unsealed: 0
- bytes unsealed: 0
- objects in use: 0
- bytes in use: 0
- objects evictable: 0
- bytes evictable: 0

- objects created by worker: 0
- bytes created by worker: 0
- objects restored: 0
- bytes restored: 0
- objects received: 0
- bytes received: 0
- objects errored: 0
- bytes errored: 0

[2026-01-30 14:03:31,381 I 3413275 3413275] (raylet) node_manager.cc:540: [state-dump] Event stats:
[state-dump] 
[state-dump] 
[state-dump] Global stats: 3260 total (26 active)
[state-dump] Queueing time: mean = 73.316 us, max = 36.536 ms, min = 1.754 us, total = 239.010 ms
[state-dump] Execution time:  mean = 41.730 us, total = 136.040 ms
[state-dump] Event stats:
[state-dump] 	UNKNOWN - 662 total (3 active), CPU time: mean = 1.354 us, total = 896.220 us
[state-dump] 	ObjectManager.UpdateAvailableMemory - 600 total (0 active), CPU time: mean = 585.835 ns, total = 351.501 us
[state-dump] 	NodeManagerService.grpc_server.RequestResourceReport - 594 total (0 active), CPU time: mean = 40.119 us, total = 23.831 ms
[state-dump] 	NodeManagerService.grpc_server.UpdateResourceUsage - 593 total (0 active), CPU time: mean = 36.141 us, total = 21.431 ms
[state-dump] 	RayletWorkerPool.deadline_timer.kill_idle_workers - 300 total (1 active), CPU time: mean = 2.777 us, total = 833.221 us
[state-dump] 	ClientConnection.async_read.ReadBufferAsync - 151 total (17 active), CPU time: mean = 147.236 us, total = 22.233 ms
[state-dump] 	NodeManagerService.grpc_server.ReportWorkerBacklog - 126 total (0 active), CPU time: mean = 39.849 us, total = 5.021 ms
[state-dump] 	NodeManager.deadline_timer.flush_free_objects - 60 total (1 active), CPU time: mean = 2.069 us, total = 124.126 us
[state-dump] 	NodeManagerService.grpc_server.GetResourceLoad - 60 total (0 active), CPU time: mean = 35.549 us, total = 2.133 ms
[state-dump] 	ClientConnection.async_write.DoAsyncWrites - 17 total (0 active), CPU time: mean = 429.588 ns, total = 7.303 us
[state-dump] 	NodeManagerService.grpc_server.GetSystemConfig - 17 total (0 active), CPU time: mean = 33.960 us, total = 577.325 us
[state-dump] 	ObjectManager.ObjectAdded - 17 total (0 active), CPU time: mean = 5.261 us, total = 89.430 us
[state-dump] 	ObjectManager.ObjectDeleted - 17 total (0 active), CPU time: mean = 7.607 us, total = 129.324 us
[state-dump] 	NodeManagerService.grpc_server.RequestWorkerLease - 16 total (0 active), CPU time: mean = 1.204 ms, total = 19.256 ms
[state-dump] 	PeriodicalRunner.RunFnPeriodically - 8 total (0 active), CPU time: mean = 273.916 us, total = 2.191 ms
[state-dump] 	NodeManager.deadline_timer.debug_state_dump - 6 total (1 active), CPU time: mean = 273.433 us, total = 1.641 ms
[state-dump] 	NodeManager.deadline_timer.record_metrics - 4 total (1 active), CPU time: mean = 119.985 us, total = 479.939 us
[state-dump] 	InternalPubSubGcsService.grpc_client.GcsSubscriberCommandBatch - 2 total (0 active), CPU time: mean = 59.350 us, total = 118.700 us
[state-dump] 	InternalPubSubGcsService.grpc_client.GcsSubscriberPoll - 2 total (1 active), CPU time: mean = 29.965 us, total = 59.929 us
[state-dump] 	NodeInfoGcsService.grpc_client.RegisterNode - 1 total (0 active), CPU time: mean = 203.359 us, total = 203.359 us
[state-dump] 	NodeManager.deadline_timer.print_event_loop_stats - 1 total (1 active, 1 running), CPU time: mean = 0.000 s, total = 0.000 s
[state-dump] 	AgentManagerService.grpc_server.RegisterAgent - 1 total (0 active), CPU time: mean = 194.419 us, total = 194.419 us
[state-dump] 	Subscriber.HandlePublishedMessage_GCS_JOB_CHANNEL - 1 total (0 active), CPU time: mean = 47.159 us, total = 47.159 us
[state-dump] 	JobInfoGcsService.grpc_client.AddJob - 1 total (0 active), CPU time: mean = 23.962 us, total = 23.962 us
[state-dump] 	JobInfoGcsService.grpc_client.GetAllJobInfo - 1 total (0 active), CPU time: mean = 343.023 us, total = 343.023 us
[state-dump] 	NodeInfoGcsService.grpc_client.GetAllNodeInfo - 1 total (0 active), CPU time: mean = 28.066 us, total = 28.066 us
[state-dump] 	NodeInfoGcsService.grpc_client.GetInternalConfig - 1 total (0 active), CPU time: mean = 33.796 ms, total = 33.796 ms
[state-dump] 
[state-dump] NodeManager:
[state-dump] Node ID: 435ff685d8e66afce15860cd5b4687480235848d386ffa5d5547bd3d
[state-dump] Node name: 10.137.21.59
[state-dump] InitialConfigResources: {memory: 8135216732160000, GPU: 20000, node:10.137.21.59: 10000, CPU: 170000, object_store_memory: 2000000000000000, accelerator_type:H100: 10000}
[state-dump] ClusterTaskManager:
[state-dump] ========== Node: 435ff685d8e66afce15860cd5b4687480235848d386ffa5d5547bd3d =================
[state-dump] Infeasible queue length: 0
[state-dump] Schedule queue length: 0
[state-dump] Dispatch queue length: 0
[state-dump] num_waiting_for_resource: 0
[state-dump] num_waiting_for_plasma_memory: 0
[state-dump] num_waiting_for_remote_node_resources: 0
[state-dump] num_worker_not_started_by_job_config_not_exist: 0
[state-dump] num_worker_not_started_by_registration_timeout: 0
[state-dump] num_tasks_waiting_for_workers: 0
[state-dump] num_cancelled_tasks: 0
[state-dump] cluster_resource_scheduler state: 
[state-dump] Local id: -8058881002343059789 Local resources: {node:10.137.21.59: [10000]/[10000], CPU: [10000]/[170000], object_store_memory: [2000000000000000]/[2000000000000000], memory: [8135216732160000]/[8135216732160000], GPU: [10000, 10000]/[10000, 10000], accelerator_type:H100: [10000]/[10000]}node id: -8058881002343059789{node:10.137.21.59: 10000/10000, CPU: 10000/170000, object_store_memory: 2000000000000000/2000000000000000, memory: 8135216732160000/8135216732160000, GPU: 20000/20000, accelerator_type:H100: 10000/10000}{ "placment group locations": [], "node to bundles": []}
[state-dump] Waiting tasks size: 0
[state-dump] Number of executing tasks: 16
[state-dump] Number of pinned task arguments: 0
[state-dump] Number of total spilled tasks: 0
[state-dump] Number of spilled waiting tasks: 0
[state-dump] Number of spilled unschedulable tasks: 0
[state-dump] Resource usage {
[state-dump]     - (language=PYTHON actor_or_task=RolloutWorker.__init__ pid=3414093): {CPU: 1.000000}
[state-dump]     - (language=PYTHON actor_or_task=RolloutWorker.__init__ pid=3414092): {CPU: 1.000000}
[state-dump]     - (language=PYTHON actor_or_task=RolloutWorker.__init__ pid=3414084): {CPU: 1.000000}
[state-dump]     - (language=PYTHON actor_or_task=RolloutWorker.__init__ pid=3414091): {CPU: 1.000000}
[state-dump]     - (language=PYTHON actor_or_task=RolloutWorker.__init__ pid=3414089): {CPU: 1.000000}
[state-dump]     - (language=PYTHON actor_or_task=RolloutWorker.__init__ pid=3414085): {CPU: 1.000000}
[state-dump]     - (language=PYTHON actor_or_task=RolloutWorker.__init__ pid=3414094): {CPU: 1.000000}
[state-dump]     - (language=PYTHON actor_or_task=RolloutWorker.__init__ pid=3414083): {CPU: 1.000000}
[state-dump]     - (language=PYTHON actor_or_task=RolloutWorker.__init__ pid=3414088): {CPU: 1.000000}
[state-dump]     - (language=PYTHON actor_or_task=RolloutWorker.__init__ pid=3414080): {CPU: 1.000000}
[state-dump]     - (language=PYTHON actor_or_task=RolloutWorker.__init__ pid=3414095): {CPU: 1.000000}
[state-dump]     - (language=PYTHON actor_or_task=RolloutWorker.__init__ pid=3414081): {CPU: 1.000000}
[state-dump]     - (language=PYTHON actor_or_task=RolloutWorker.__init__ pid=3414082): {CPU: 1.000000}
[state-dump]     - (language=PYTHON actor_or_task=RolloutWorker.__init__ pid=3414087): {CPU: 1.000000}
[state-dump]     - (language=PYTHON actor_or_task=RolloutWorker.__init__ pid=3414086): {CPU: 1.000000}
[state-dump]     - (language=PYTHON actor_or_task=RolloutWorker.__init__ pid=3414090): {CPU: 1.000000}
[state-dump] }
[state-dump] Running tasks by scheduling class:
[state-dump]     - {depth=1 function_descriptor={type=PythonFunctionDescriptor, module_name=ray.rllib.evaluation.rollout_worker, class_name=RolloutWorker, function_name=__init__, function_hash=d404031566a543ffa2902b66024a1510} scheduling_strategy=default_scheduling_strategy {
[state-dump] }
[state-dump]  resource_set={CPU : 1, }}: 16/17
[state-dump] ==================================================
[state-dump] 
[state-dump] ClusterResources:
[state-dump] LocalObjectManager:
[state-dump] - num pinned objects: 0
[state-dump] - pinned objects size: 0
[state-dump] - num objects pending restore: 0
[state-dump] - num objects pending spill: 0
[state-dump] - num bytes pending spill: 0
[state-dump] - num bytes currently spilled: 0
[state-dump] - cumulative spill requests: 0
[state-dump] - cumulative restore requests: 0
[state-dump] - spilled objects pending delete: 0
[state-dump] 
[state-dump] ObjectManager:
[state-dump] - num local objects: 0
[state-dump] - num unfulfilled push requests: 0
[state-dump] - num object pull requests: 0
[state-dump] - num chunks received total: 0
[state-dump] - num chunks received failed (all): 0
[state-dump] - num chunks received failed / cancelled: 0
[state-dump] - num chunks received failed / plasma error: 0
[state-dump] Event stats:
[state-dump] Global stats: 0 total (0 active)
[state-dump] Queueing time: mean = -nan s, max = -0.000 s, min = 9223372036.855 s, total = 0.000 s
[state-dump] Execution time:  mean = -nan s, total = 0.000 s
[state-dump] Event stats:
[state-dump] PushManager:
[state-dump] - num pushes in flight: 0
[state-dump] - num chunks in flight: 0
[state-dump] - num chunks remaining: 0
[state-dump] - max chunks allowed: 409
[state-dump] OwnershipBasedObjectDirectory:
[state-dump] - num listeners: 0
[state-dump] - cumulative location updates: 0
[state-dump] - num location updates per second: 0.000
[state-dump] - num location lookups per second: 0.000
[state-dump] - num locations added per second: 0.000
[state-dump] - num locations removed per second: 0.000
[state-dump] BufferPool:
[state-dump] - create buffer state map size: 0
[state-dump] PullManager:
[state-dump] - num bytes available for pulled objects: 200000000000
[state-dump] - num bytes being pulled (all): 0
[state-dump] - num bytes being pulled / pinned: 0
[state-dump] - get request bundles: BundlePullRequestQueue{0 total, 0 active, 0 inactive, 0 unpullable}
[state-dump] - wait request bundles: BundlePullRequestQueue{0 total, 0 active, 0 inactive, 0 unpullable}
[state-dump] - task request bundles: BundlePullRequestQueue{0 total, 0 active, 0 inactive, 0 unpullable}
[state-dump] - first get request bundle: N/A
[state-dump] - first wait request bundle: N/A
[state-dump] - first task request bundle: N/A
[state-dump] - num objects queued: 0
[state-dump] - num objects actively pulled (all): 0
[state-dump] - num objects actively pulled / pinned: 0
[state-dump] - num bundles being pulled: 0
[state-dump] - num pull retries: 0
[state-dump] - max timeout seconds: 0
[state-dump] - max timeout request is already processed. No entry.
[state-dump] 
[state-dump] WorkerPool:
[state-dump] - registered jobs: 1
[state-dump] - process_failed_job_config_missing: 0
[state-dump] - process_failed_rate_limited: 0
[state-dump] - process_failed_pending_registration: 0
[state-dump] - process_failed_runtime_env_setup_failed: 0
[state-dump] - num JAVA workers: 0
[state-dump] - num JAVA drivers: 0
[state-dump] - num object spill callbacks queued: 0
[state-dump] - num object restore queued: 0
[state-dump] - num util functions queued: 0
[state-dump] - num PYTHON workers: 16
[state-dump] - num PYTHON drivers: 1
[state-dump] - num object spill callbacks queued: 0
[state-dump] - num object restore queued: 0
[state-dump] - num util functions queued: 0
[state-dump] - num idle workers: 0
[state-dump] TaskDependencyManager:
[state-dump] - task deps map size: 0
[state-dump] - get req map size: 0
[state-dump] - wait req map size: 0
[state-dump] - local objects map size: 0
[state-dump] WaitManager:
[state-dump] - num active wait requests: 0
[state-dump] Subscriber:
[state-dump] Channel WORKER_REF_REMOVED_CHANNEL
[state-dump] - cumulative subscribe requests: 0
[state-dump] - cumulative unsubscribe requests: 0
[state-dump] - active subscribed publishers: 0
[state-dump] - cumulative published messages: 0
[state-dump] - cumulative processed messages: 0
[state-dump] Channel WORKER_OBJECT_EVICTION
[state-dump] - cumulative subscribe requests: 0
[state-dump] - cumulative unsubscribe requests: 0
[state-dump] - active subscribed publishers: 0
[state-dump] - cumulative published messages: 0
[state-dump] - cumulative processed messages: 0
[state-dump] Channel WORKER_OBJECT_LOCATIONS_CHANNEL
[state-dump] - cumulative subscribe requests: 0
[state-dump] - cumulative unsubscribe requests: 0
[state-dump] - active subscribed publishers: 0
[state-dump] - cumulative published messages: 0
[state-dump] - cumulative processed messages: 0
[state-dump] num async plasma notifications: 0
[state-dump] Remote node managers: 
[state-dump] Event stats:
[state-dump] Global stats: 3260 total (26 active)
[state-dump] Queueing time: mean = 73.316 us, max = 36.536 ms, min = 1.754 us, total = 239.010 ms
[state-dump] Execution time:  mean = 41.730 us, total = 136.040 ms
[state-dump] Event stats:
[state-dump] 	UNKNOWN - 662 total (3 active), CPU time: mean = 1.354 us, total = 896.220 us
[state-dump] 	ObjectManager.UpdateAvailableMemory - 600 total (0 active), CPU time: mean = 585.835 ns, total = 351.501 us
[state-dump] 	NodeManagerService.grpc_server.RequestResourceReport - 594 total (0 active), CPU time: mean = 40.119 us, total = 23.831 ms
[state-dump] 	NodeManagerService.grpc_server.UpdateResourceUsage - 593 total (0 active), CPU time: mean = 36.141 us, total = 21.431 ms
[state-dump] 	RayletWorkerPool.deadline_timer.kill_idle_workers - 300 total (1 active), CPU time: mean = 2.777 us, total = 833.221 us
[state-dump] 	ClientConnection.async_read.ReadBufferAsync - 151 total (17 active), CPU time: mean = 147.236 us, total = 22.233 ms
[state-dump] 	NodeManagerService.grpc_server.ReportWorkerBacklog - 126 total (0 active), CPU time: mean = 39.849 us, total = 5.021 ms
[state-dump] 	NodeManager.deadline_timer.flush_free_objects - 60 total (1 active), CPU time: mean = 2.069 us, total = 124.126 us
[state-dump] 	NodeManagerService.grpc_server.GetResourceLoad - 60 total (0 active), CPU time: mean = 35.549 us, total = 2.133 ms
[state-dump] 	ClientConnection.async_write.DoAsyncWrites - 17 total (0 active), CPU time: mean = 429.588 ns, total = 7.303 us
[state-dump] 	NodeManagerService.grpc_server.GetSystemConfig - 17 total (0 active), CPU time: mean = 33.960 us, total = 577.325 us
[state-dump] 	ObjectManager.ObjectAdded - 17 total (0 active), CPU time: mean = 5.261 us, total = 89.430 us
[state-dump] 	ObjectManager.ObjectDeleted - 17 total (0 active), CPU time: mean = 7.607 us, total = 129.324 us
[state-dump] 	NodeManagerService.grpc_server.RequestWorkerLease - 16 total (0 active), CPU time: mean = 1.204 ms, total = 19.256 ms
[state-dump] 	PeriodicalRunner.RunFnPeriodically - 8 total (0 active), CPU time: mean = 273.916 us, total = 2.191 ms
[state-dump] 	NodeManager.deadline_timer.debug_state_dump - 6 total (1 active), CPU time: mean = 273.433 us, total = 1.641 ms
[state-dump] 	NodeManager.deadline_timer.record_metrics - 4 total (1 active), CPU time: mean = 119.985 us, total = 479.939 us
[state-dump] 	InternalPubSubGcsService.grpc_client.GcsSubscriberCommandBatch - 2 total (0 active), CPU time: mean = 59.350 us, total = 118.700 us
[state-dump] 	InternalPubSubGcsService.grpc_client.GcsSubscriberPoll - 2 total (1 active), CPU time: mean = 29.965 us, total = 59.929 us
[state-dump] 	NodeInfoGcsService.grpc_client.RegisterNode - 1 total (0 active), CPU time: mean = 203.359 us, total = 203.359 us
[state-dump] 	NodeManager.deadline_timer.print_event_loop_stats - 1 total (1 active, 1 running), CPU time: mean = 0.000 s, total = 0.000 s
[state-dump] 	AgentManagerService.grpc_server.RegisterAgent - 1 total (0 active), CPU time: mean = 194.419 us, total = 194.419 us
[state-dump] 	Subscriber.HandlePublishedMessage_GCS_JOB_CHANNEL - 1 total (0 active), CPU time: mean = 47.159 us, total = 47.159 us
[state-dump] 	JobInfoGcsService.grpc_client.AddJob - 1 total (0 active), CPU time: mean = 23.962 us, total = 23.962 us
[state-dump] 	JobInfoGcsService.grpc_client.GetAllJobInfo - 1 total (0 active), CPU time: mean = 343.023 us, total = 343.023 us
[state-dump] 	NodeInfoGcsService.grpc_client.GetAllNodeInfo - 1 total (0 active), CPU time: mean = 28.066 us, total = 28.066 us
[state-dump] 	NodeInfoGcsService.grpc_client.GetInternalConfig - 1 total (0 active), CPU time: mean = 33.796 ms, total = 33.796 ms
[state-dump] DebugString() time ms: 0
[state-dump] 
[state-dump] 
[2026-01-30 14:04:11,100 I 3413275 3413275] (raylet) worker_pool.cc:447: Started worker process with pid 3415191, the token is 16
[2026-01-30 14:04:31,361 I 3413275 3413375] (raylet) store.cc:551: ========== Plasma store: =================
Current usage: 0 / 200 GB
- num bytes created total: 7953630
0 pending objects of total size 0MB
- objects spillable: 0
- bytes spillable: 0
- objects unsealed: 0
- bytes unsealed: 0
- objects in use: 0
- bytes in use: 0
- objects evictable: 0
- bytes evictable: 0

- objects created by worker: 0
- bytes created by worker: 0
- objects restored: 0
- bytes restored: 0
- objects received: 0
- bytes received: 0
- objects errored: 0
- bytes errored: 0

[2026-01-30 14:04:31,382 I 3413275 3413275] (raylet) node_manager.cc:540: [state-dump] Event stats:
[state-dump] 
[state-dump] 
[state-dump] Global stats: 7402 total (28 active)
[state-dump] Queueing time: mean = 99.024 ms, max = 41.724 s, min = -0.000 s, total = 732.974 s
[state-dump] Execution time:  mean = 30.843 us, total = 228.298 ms
[state-dump] Event stats:
[state-dump] 	UNKNOWN - 1322 total (3 active), CPU time: mean = 1.488 us, total = 1.967 ms
[state-dump] 	ObjectManager.UpdateAvailableMemory - 1200 total (0 active), CPU time: mean = 667.462 ns, total = 800.955 us
[state-dump] 	NodeManagerService.grpc_server.RequestResourceReport - 1189 total (0 active), CPU time: mean = 40.255 us, total = 47.863 ms
[state-dump] 	NodeManagerService.grpc_server.UpdateResourceUsage - 1188 total (0 active), CPU time: mean = 38.257 us, total = 45.449 ms
[state-dump] 	NodeManagerService.grpc_server.ReportWorkerBacklog - 1166 total (0 active), CPU time: mean = 28.246 us, total = 32.935 ms
[state-dump] 	RayletWorkerPool.deadline_timer.kill_idle_workers - 600 total (1 active), CPU time: mean = 4.314 us, total = 2.588 ms
[state-dump] 	ClientConnection.async_read.ReadBufferAsync - 328 total (18 active), CPU time: mean = 77.030 us, total = 25.266 ms
[state-dump] 	NodeManagerService.grpc_server.GetResourceLoad - 120 total (0 active), CPU time: mean = 35.952 us, total = 4.314 ms
[state-dump] 	NodeManager.deadline_timer.flush_free_objects - 120 total (1 active), CPU time: mean = 2.733 us, total = 328.005 us
[state-dump] 	ObjectManager.ObjectDeleted - 19 total (0 active), CPU time: mean = 11.208 us, total = 212.953 us
[state-dump] 	ObjectManager.ObjectAdded - 19 total (0 active), CPU time: mean = 22.134 us, total = 420.540 us
[state-dump] 	NodeManagerService.grpc_server.GetSystemConfig - 18 total (0 active), CPU time: mean = 34.279 us, total = 617.027 us
[state-dump] 	ClientConnection.async_write.DoAsyncWrites - 18 total (0 active), CPU time: mean = 435.056 ns, total = 7.831 us
[state-dump] 	NodeManagerService.grpc_server.RequestWorkerLease - 17 total (0 active), CPU time: mean = 1.227 ms, total = 20.867 ms
[state-dump] 	CoreWorkerService.grpc_client.DirectActorCallArgWaitComplete - 16 total (0 active), CPU time: mean = 8.380 us, total = 134.072 us
[state-dump] 	NodeManager.deadline_timer.debug_state_dump - 12 total (1 active), CPU time: mean = 325.822 us, total = 3.910 ms
[state-dump] 	CoreWorkerService.grpc_client.PubsubCommandBatch - 8 total (0 active), CPU time: mean = 58.221 us, total = 465.766 us
[state-dump] 	PeriodicalRunner.RunFnPeriodically - 8 total (0 active), CPU time: mean = 273.916 us, total = 2.191 ms
[state-dump] 	NodeManager.deadline_timer.record_metrics - 8 total (1 active), CPU time: mean = 159.221 us, total = 1.274 ms
[state-dump] 	CoreWorkerService.grpc_client.PubsubLongPolling - 7 total (1 active), CPU time: mean = 145.450 us, total = 1.018 ms
[state-dump] 	InternalPubSubGcsService.grpc_client.GcsSubscriberPoll - 2 total (1 active), CPU time: mean = 29.965 us, total = 59.929 us
[state-dump] 	Subscriber.HandlePublishedMessage_WORKER_OBJECT_LOCATIONS_CHANNEL - 2 total (0 active), CPU time: mean = 24.247 us, total = 48.493 us
[state-dump] 	InternalPubSubGcsService.grpc_client.GcsSubscriberCommandBatch - 2 total (0 active), CPU time: mean = 59.350 us, total = 118.700 us
[state-dump] 	NodeManager.deadline_timer.print_event_loop_stats - 2 total (1 active, 1 running), CPU time: mean = 266.594 us, total = 533.188 us
[state-dump] 	CoreWorkerService.grpc_client.UpdateObjectLocationBatch - 2 total (0 active), CPU time: mean = 18.242 us, total = 36.484 us
[state-dump] 	NodeInfoGcsService.grpc_client.GetAllNodeInfo - 1 total (0 active), CPU time: mean = 28.066 us, total = 28.066 us
[state-dump] 	NodeInfoGcsService.grpc_client.GetInternalConfig - 1 total (0 active), CPU time: mean = 33.796 ms, total = 33.796 ms
[state-dump] 	Subscriber.HandlePublishedMessage_GCS_JOB_CHANNEL - 1 total (0 active), CPU time: mean = 47.159 us, total = 47.159 us
[state-dump] 	JobInfoGcsService.grpc_client.GetAllJobInfo - 1 total (0 active), CPU time: mean = 343.023 us, total = 343.023 us
[state-dump] 	NodeInfoGcsService.grpc_client.RegisterNode - 1 total (0 active), CPU time: mean = 203.359 us, total = 203.359 us
[state-dump] 	AgentManagerService.grpc_server.RegisterAgent - 1 total (0 active), CPU time: mean = 194.419 us, total = 194.419 us
[state-dump] 	Subscriber.HandlePublishedMessage_WORKER_OBJECT_EVICTION - 1 total (0 active), CPU time: mean = 66.553 us, total = 66.553 us
[state-dump] 	JobInfoGcsService.grpc_client.AddJob - 1 total (0 active), CPU time: mean = 23.962 us, total = 23.962 us
[state-dump] 	NodeManagerService.grpc_server.PinObjectIDs - 1 total (0 active), CPU time: mean = 169.418 us, total = 169.418 us
[state-dump] 
[state-dump] NodeManager:
[state-dump] Node ID: 435ff685d8e66afce15860cd5b4687480235848d386ffa5d5547bd3d
[state-dump] Node name: 10.137.21.59
[state-dump] InitialConfigResources: {memory: 8135216732160000, GPU: 20000, node:10.137.21.59: 10000, CPU: 170000, object_store_memory: 2000000000000000, accelerator_type:H100: 10000}
[state-dump] ClusterTaskManager:
[state-dump] ========== Node: 435ff685d8e66afce15860cd5b4687480235848d386ffa5d5547bd3d =================
[state-dump] Infeasible queue length: 1
[state-dump] Schedule queue length: 0
[state-dump] Dispatch queue length: 0
[state-dump] num_waiting_for_resource: 0
[state-dump] num_waiting_for_plasma_memory: 0
[state-dump] num_waiting_for_remote_node_resources: 0
[state-dump] num_worker_not_started_by_job_config_not_exist: 0
[state-dump] num_worker_not_started_by_registration_timeout: 0
[state-dump] num_tasks_waiting_for_workers: 0
[state-dump] num_cancelled_tasks: 0
[state-dump] cluster_resource_scheduler state: 
[state-dump] Local id: -8058881002343059789 Local resources: {node:10.137.21.59: [10000]/[10000], CPU: [10000]/[170000], object_store_memory: [2000000000000000]/[2000000000000000], memory: [8135216732160000]/[8135216732160000], GPU: [10000, 10000]/[10000, 10000], accelerator_type:H100: [10000]/[10000]}node id: -8058881002343059789{node:10.137.21.59: 10000/10000, CPU: 10000/170000, object_store_memory: 2000000000000000/2000000000000000, memory: 8135216732160000/8135216732160000, GPU: 20000/20000, accelerator_type:H100: 10000/10000}{ "placment group locations": [], "node to bundles": []}
[state-dump] Waiting tasks size: 0
[state-dump] Number of executing tasks: 0
[state-dump] Number of pinned task arguments: 0
[state-dump] Number of total spilled tasks: 0
[state-dump] Number of spilled waiting tasks: 0
[state-dump] Number of spilled unschedulable tasks: 0
[state-dump] Resource usage {
[state-dump]     - (language=PYTHON actor_or_task=RolloutWorker.__init__ pid=3414093): {CPU: 1.000000}
[state-dump]     - (language=PYTHON actor_or_task=RolloutWorker.__init__ pid=3414092): {CPU: 1.000000}
[state-dump]     - (language=PYTHON actor_or_task=RolloutWorker.__init__ pid=3414084): {CPU: 1.000000}
[state-dump]     - (language=PYTHON actor_or_task=RolloutWorker.__init__ pid=3414091): {CPU: 1.000000}
[state-dump]     - (language=PYTHON actor_or_task=RolloutWorker.__init__ pid=3414089): {CPU: 1.000000}
[state-dump]     - (language=PYTHON actor_or_task=RolloutWorker.__init__ pid=3414085): {CPU: 1.000000}
[state-dump]     - (language=PYTHON actor_or_task=RolloutWorker.__init__ pid=3414094): {CPU: 1.000000}
[state-dump]     - (language=PYTHON actor_or_task=RolloutWorker.__init__ pid=3414083): {CPU: 1.000000}
[state-dump]     - (language=PYTHON actor_or_task=RolloutWorker.__init__ pid=3414088): {CPU: 1.000000}
[state-dump]     - (language=PYTHON actor_or_task=RolloutWorker.__init__ pid=3414080): {CPU: 1.000000}
[state-dump]     - (language=PYTHON actor_or_task=RolloutWorker.__init__ pid=3414095): {CPU: 1.000000}
[state-dump]     - (language=PYTHON actor_or_task=RolloutWorker.__init__ pid=3414081): {CPU: 1.000000}
[state-dump]     - (language=PYTHON actor_or_task=RolloutWorker.__init__ pid=3414082): {CPU: 1.000000}
[state-dump]     - (language=PYTHON actor_or_task=RolloutWorker.__init__ pid=3414087): {CPU: 1.000000}
[state-dump]     - (language=PYTHON actor_or_task=RolloutWorker.__init__ pid=3414086): {CPU: 1.000000}
[state-dump]     - (language=PYTHON actor_or_task=RolloutWorker.__init__ pid=3414090): {CPU: 1.000000}
[state-dump] }
[state-dump] Running tasks by scheduling class:
[state-dump] ==================================================
[state-dump] 
[state-dump] ClusterResources:
[state-dump] LocalObjectManager:
[state-dump] - num pinned objects: 0
[state-dump] - pinned objects size: 0
[state-dump] - num objects pending restore: 0
[state-dump] - num objects pending spill: 0
[state-dump] - num bytes pending spill: 0
[state-dump] - num bytes currently spilled: 0
[state-dump] - cumulative spill requests: 0
[state-dump] - cumulative restore requests: 0
[state-dump] - spilled objects pending delete: 0
[state-dump] 
[state-dump] ObjectManager:
[state-dump] - num local objects: 0
[state-dump] - num unfulfilled push requests: 0
[state-dump] - num object pull requests: 0
[state-dump] - num chunks received total: 0
[state-dump] - num chunks received failed (all): 0
[state-dump] - num chunks received failed / cancelled: 0
[state-dump] - num chunks received failed / plasma error: 0
[state-dump] Event stats:
[state-dump] Global stats: 1 total (0 active)
[state-dump] Queueing time: mean = 25.771 us, max = 25.771 us, min = 25.771 us, total = 25.771 us
[state-dump] Execution time:  mean = 5.425 us, total = 5.425 us
[state-dump] Event stats:
[state-dump] 	ObjectManager.FreeObjects - 1 total (0 active), CPU time: mean = 5.425 us, total = 5.425 us
[state-dump] PushManager:
[state-dump] - num pushes in flight: 0
[state-dump] - num chunks in flight: 0
[state-dump] - num chunks remaining: 0
[state-dump] - max chunks allowed: 409
[state-dump] OwnershipBasedObjectDirectory:
[state-dump] - num listeners: 0
[state-dump] - cumulative location updates: 2
[state-dump] - num location updates per second: 0.133
[state-dump] - num location lookups per second: 0.000
[state-dump] - num locations added per second: 0.067
[state-dump] - num locations removed per second: 0.067
[state-dump] BufferPool:
[state-dump] - create buffer state map size: 0
[state-dump] PullManager:
[state-dump] - num bytes available for pulled objects: 200000000000
[state-dump] - num bytes being pulled (all): 0
[state-dump] - num bytes being pulled / pinned: 0
[state-dump] - get request bundles: BundlePullRequestQueue{0 total, 0 active, 0 inactive, 0 unpullable}
[state-dump] - wait request bundles: BundlePullRequestQueue{0 total, 0 active, 0 inactive, 0 unpullable}
[state-dump] - task request bundles: BundlePullRequestQueue{0 total, 0 active, 0 inactive, 0 unpullable}
[state-dump] - first get request bundle: N/A
[state-dump] - first wait request bundle: N/A
[state-dump] - first task request bundle: N/A
[state-dump] - num objects queued: 0
[state-dump] - num objects actively pulled (all): 0
[state-dump] - num objects actively pulled / pinned: 0
[state-dump] - num bundles being pulled: 0
[state-dump] - num pull retries: 0
[state-dump] - max timeout seconds: 0
[state-dump] - max timeout request is already processed. No entry.
[state-dump] 
[state-dump] WorkerPool:
[state-dump] - registered jobs: 1
[state-dump] - process_failed_job_config_missing: 0
[state-dump] - process_failed_rate_limited: 0
[state-dump] - process_failed_pending_registration: 0
[state-dump] - process_failed_runtime_env_setup_failed: 0
[state-dump] - num JAVA workers: 0
[state-dump] - num JAVA drivers: 0
[state-dump] - num object spill callbacks queued: 0
[state-dump] - num object restore queued: 0
[state-dump] - num util functions queued: 0
[state-dump] - num PYTHON workers: 17
[state-dump] - num PYTHON drivers: 1
[state-dump] - num object spill callbacks queued: 0
[state-dump] - num object restore queued: 0
[state-dump] - num util functions queued: 0
[state-dump] - num idle workers: 1
[state-dump] TaskDependencyManager:
[state-dump] - task deps map size: 0
[state-dump] - get req map size: 0
[state-dump] - wait req map size: 0
[state-dump] - local objects map size: 0
[state-dump] WaitManager:
[state-dump] - num active wait requests: 0
[state-dump] Subscriber:
[state-dump] Channel WORKER_REF_REMOVED_CHANNEL
[state-dump] - cumulative subscribe requests: 0
[state-dump] - cumulative unsubscribe requests: 0
[state-dump] - active subscribed publishers: 0
[state-dump] - cumulative published messages: 0
[state-dump] - cumulative processed messages: 0
[state-dump] Channel WORKER_OBJECT_EVICTION
[state-dump] - cumulative subscribe requests: 1
[state-dump] - cumulative unsubscribe requests: 1
[state-dump] - active subscribed publishers: 0
[state-dump] - cumulative published messages: 1
[state-dump] - cumulative processed messages: 1
[state-dump] Channel WORKER_OBJECT_LOCATIONS_CHANNEL
[state-dump] - cumulative subscribe requests: 5
[state-dump] - cumulative unsubscribe requests: 5
[state-dump] - active subscribed publishers: 0
[state-dump] - cumulative published messages: 2
[state-dump] - cumulative processed messages: 2
[state-dump] num async plasma notifications: 0
[state-dump] Remote node managers: 
[state-dump] Event stats:
[state-dump] Global stats: 7402 total (28 active)
[state-dump] Queueing time: mean = 99.024 ms, max = 41.724 s, min = -0.000 s, total = 732.974 s
[state-dump] Execution time:  mean = 30.843 us, total = 228.298 ms
[state-dump] Event stats:
[state-dump] 	UNKNOWN - 1322 total (3 active), CPU time: mean = 1.488 us, total = 1.967 ms
[state-dump] 	ObjectManager.UpdateAvailableMemory - 1200 total (0 active), CPU time: mean = 667.462 ns, total = 800.955 us
[state-dump] 	NodeManagerService.grpc_server.RequestResourceReport - 1189 total (0 active), CPU time: mean = 40.255 us, total = 47.863 ms
[state-dump] 	NodeManagerService.grpc_server.UpdateResourceUsage - 1188 total (0 active), CPU time: mean = 38.257 us, total = 45.449 ms
[state-dump] 	NodeManagerService.grpc_server.ReportWorkerBacklog - 1166 total (0 active), CPU time: mean = 28.246 us, total = 32.935 ms
[state-dump] 	RayletWorkerPool.deadline_timer.kill_idle_workers - 600 total (1 active), CPU time: mean = 4.314 us, total = 2.588 ms
[state-dump] 	ClientConnection.async_read.ReadBufferAsync - 328 total (18 active), CPU time: mean = 77.030 us, total = 25.266 ms
[state-dump] 	NodeManagerService.grpc_server.GetResourceLoad - 120 total (0 active), CPU time: mean = 35.952 us, total = 4.314 ms
[state-dump] 	NodeManager.deadline_timer.flush_free_objects - 120 total (1 active), CPU time: mean = 2.733 us, total = 328.005 us
[state-dump] 	ObjectManager.ObjectDeleted - 19 total (0 active), CPU time: mean = 11.208 us, total = 212.953 us
[state-dump] 	ObjectManager.ObjectAdded - 19 total (0 active), CPU time: mean = 22.134 us, total = 420.540 us
[state-dump] 	NodeManagerService.grpc_server.GetSystemConfig - 18 total (0 active), CPU time: mean = 34.279 us, total = 617.027 us
[state-dump] 	ClientConnection.async_write.DoAsyncWrites - 18 total (0 active), CPU time: mean = 435.056 ns, total = 7.831 us
[state-dump] 	NodeManagerService.grpc_server.RequestWorkerLease - 17 total (0 active), CPU time: mean = 1.227 ms, total = 20.867 ms
[state-dump] 	CoreWorkerService.grpc_client.DirectActorCallArgWaitComplete - 16 total (0 active), CPU time: mean = 8.380 us, total = 134.072 us
[state-dump] 	NodeManager.deadline_timer.debug_state_dump - 12 total (1 active), CPU time: mean = 325.822 us, total = 3.910 ms
[state-dump] 	CoreWorkerService.grpc_client.PubsubCommandBatch - 8 total (0 active), CPU time: mean = 58.221 us, total = 465.766 us
[state-dump] 	PeriodicalRunner.RunFnPeriodically - 8 total (0 active), CPU time: mean = 273.916 us, total = 2.191 ms
[state-dump] 	NodeManager.deadline_timer.record_metrics - 8 total (1 active), CPU time: mean = 159.221 us, total = 1.274 ms
[state-dump] 	CoreWorkerService.grpc_client.PubsubLongPolling - 7 total (1 active), CPU time: mean = 145.450 us, total = 1.018 ms
[state-dump] 	InternalPubSubGcsService.grpc_client.GcsSubscriberPoll - 2 total (1 active), CPU time: mean = 29.965 us, total = 59.929 us
[state-dump] 	Subscriber.HandlePublishedMessage_WORKER_OBJECT_LOCATIONS_CHANNEL - 2 total (0 active), CPU time: mean = 24.247 us, total = 48.493 us
[state-dump] 	InternalPubSubGcsService.grpc_client.GcsSubscriberCommandBatch - 2 total (0 active), CPU time: mean = 59.350 us, total = 118.700 us
[state-dump] 	NodeManager.deadline_timer.print_event_loop_stats - 2 total (1 active, 1 running), CPU time: mean = 266.594 us, total = 533.188 us
[state-dump] 	CoreWorkerService.grpc_client.UpdateObjectLocationBatch - 2 total (0 active), CPU time: mean = 18.242 us, total = 36.484 us
[state-dump] 	NodeInfoGcsService.grpc_client.GetAllNodeInfo - 1 total (0 active), CPU time: mean = 28.066 us, total = 28.066 us
[state-dump] 	NodeInfoGcsService.grpc_client.GetInternalConfig - 1 total (0 active), CPU time: mean = 33.796 ms, total = 33.796 ms
[state-dump] 	Subscriber.HandlePublishedMessage_GCS_JOB_CHANNEL - 1 total (0 active), CPU time: mean = 47.159 us, total = 47.159 us
[state-dump] 	JobInfoGcsService.grpc_client.GetAllJobInfo - 1 total (0 active), CPU time: mean = 343.023 us, total = 343.023 us
[state-dump] 	NodeInfoGcsService.grpc_client.RegisterNode - 1 total (0 active), CPU time: mean = 203.359 us, total = 203.359 us
[state-dump] 	AgentManagerService.grpc_server.RegisterAgent - 1 total (0 active), CPU time: mean = 194.419 us, total = 194.419 us
[state-dump] 	Subscriber.HandlePublishedMessage_WORKER_OBJECT_EVICTION - 1 total (0 active), CPU time: mean = 66.553 us, total = 66.553 us
[state-dump] 	JobInfoGcsService.grpc_client.AddJob - 1 total (0 active), CPU time: mean = 23.962 us, total = 23.962 us
[state-dump] 	NodeManagerService.grpc_server.PinObjectIDs - 1 total (0 active), CPU time: mean = 169.418 us, total = 169.418 us
[state-dump] DebugString() time ms: 0
[state-dump] 
[state-dump] 
[2026-01-30 14:05:31,361 I 3413275 3413375] (raylet) store.cc:551: ========== Plasma store: =================
Current usage: 0 / 200 GB
- num bytes created total: 7953630
0 pending objects of total size 0MB
- objects spillable: 0
- bytes spillable: 0
- objects unsealed: 0
- bytes unsealed: 0
- objects in use: 0
- bytes in use: 0
- objects evictable: 0
- bytes evictable: 0

- objects created by worker: 0
- bytes created by worker: 0
- objects restored: 0
- bytes restored: 0
- objects received: 0
- bytes received: 0
- objects errored: 0
- bytes errored: 0

[2026-01-30 14:05:31,383 I 3413275 3413275] (raylet) node_manager.cc:540: [state-dump] Event stats:
[state-dump] 
[state-dump] 
[state-dump] Global stats: 11361 total (28 active)
[state-dump] Queueing time: mean = 64.521 ms, max = 41.724 s, min = -0.000 s, total = 733.019 s
[state-dump] Execution time:  mean = 27.266 us, total = 309.767 ms
[state-dump] Event stats:
[state-dump] 	NodeManagerService.grpc_server.ReportWorkerBacklog - 2246 total (0 active), CPU time: mean = 28.444 us, total = 63.885 ms
[state-dump] 	UNKNOWN - 1982 total (3 active), CPU time: mean = 1.537 us, total = 3.047 ms
[state-dump] 	ObjectManager.UpdateAvailableMemory - 1799 total (0 active), CPU time: mean = 626.914 ns, total = 1.128 ms
[state-dump] 	NodeManagerService.grpc_server.RequestResourceReport - 1783 total (0 active), CPU time: mean = 38.694 us, total = 68.991 ms
[state-dump] 	NodeManagerService.grpc_server.UpdateResourceUsage - 1783 total (0 active), CPU time: mean = 37.136 us, total = 66.213 ms
[state-dump] 	RayletWorkerPool.deadline_timer.kill_idle_workers - 900 total (1 active), CPU time: mean = 4.403 us, total = 3.963 ms
[state-dump] 	ClientConnection.async_read.ReadBufferAsync - 328 total (18 active), CPU time: mean = 77.030 us, total = 25.266 ms
[state-dump] 	NodeManagerService.grpc_server.GetResourceLoad - 180 total (0 active), CPU time: mean = 35.400 us, total = 6.372 ms
[state-dump] 	NodeManager.deadline_timer.flush_free_objects - 180 total (1 active), CPU time: mean = 2.586 us, total = 465.533 us
[state-dump] 	ObjectManager.ObjectDeleted - 19 total (0 active), CPU time: mean = 11.208 us, total = 212.953 us
[state-dump] 	ObjectManager.ObjectAdded - 19 total (0 active), CPU time: mean = 22.134 us, total = 420.540 us
[state-dump] 	NodeManagerService.grpc_server.GetSystemConfig - 18 total (0 active), CPU time: mean = 34.279 us, total = 617.027 us
[state-dump] 	ClientConnection.async_write.DoAsyncWrites - 18 total (0 active), CPU time: mean = 435.056 ns, total = 7.831 us
[state-dump] 	NodeManager.deadline_timer.debug_state_dump - 18 total (1 active), CPU time: mean = 347.387 us, total = 6.253 ms
[state-dump] 	NodeManagerService.grpc_server.RequestWorkerLease - 17 total (0 active), CPU time: mean = 1.227 ms, total = 20.867 ms
[state-dump] 	CoreWorkerService.grpc_client.DirectActorCallArgWaitComplete - 16 total (0 active), CPU time: mean = 8.380 us, total = 134.072 us
[state-dump] 	NodeManager.deadline_timer.record_metrics - 12 total (1 active), CPU time: mean = 170.323 us, total = 2.044 ms
[state-dump] 	CoreWorkerService.grpc_client.PubsubCommandBatch - 8 total (0 active), CPU time: mean = 58.221 us, total = 465.766 us
[state-dump] 	PeriodicalRunner.RunFnPeriodically - 8 total (0 active), CPU time: mean = 273.916 us, total = 2.191 ms
[state-dump] 	CoreWorkerService.grpc_client.PubsubLongPolling - 7 total (1 active), CPU time: mean = 145.450 us, total = 1.018 ms
[state-dump] 	NodeManager.deadline_timer.print_event_loop_stats - 3 total (1 active, 1 running), CPU time: mean = 356.503 us, total = 1.070 ms
[state-dump] 	InternalPubSubGcsService.grpc_client.GcsSubscriberPoll - 2 total (1 active), CPU time: mean = 29.965 us, total = 59.929 us
[state-dump] 	Subscriber.HandlePublishedMessage_WORKER_OBJECT_LOCATIONS_CHANNEL - 2 total (0 active), CPU time: mean = 24.247 us, total = 48.493 us
[state-dump] 	InternalPubSubGcsService.grpc_client.GcsSubscriberCommandBatch - 2 total (0 active), CPU time: mean = 59.350 us, total = 118.700 us
[state-dump] 	CoreWorkerService.grpc_client.UpdateObjectLocationBatch - 2 total (0 active), CPU time: mean = 18.242 us, total = 36.484 us
[state-dump] 	NodeInfoGcsService.grpc_client.GetAllNodeInfo - 1 total (0 active), CPU time: mean = 28.066 us, total = 28.066 us
[state-dump] 	NodeInfoGcsService.grpc_client.GetInternalConfig - 1 total (0 active), CPU time: mean = 33.796 ms, total = 33.796 ms
[state-dump] 	Subscriber.HandlePublishedMessage_GCS_JOB_CHANNEL - 1 total (0 active), CPU time: mean = 47.159 us, total = 47.159 us
[state-dump] 	JobInfoGcsService.grpc_client.GetAllJobInfo - 1 total (0 active), CPU time: mean = 343.023 us, total = 343.023 us
[state-dump] 	NodeInfoGcsService.grpc_client.RegisterNode - 1 total (0 active), CPU time: mean = 203.359 us, total = 203.359 us
[state-dump] 	AgentManagerService.grpc_server.RegisterAgent - 1 total (0 active), CPU time: mean = 194.419 us, total = 194.419 us
[state-dump] 	Subscriber.HandlePublishedMessage_WORKER_OBJECT_EVICTION - 1 total (0 active), CPU time: mean = 66.553 us, total = 66.553 us
[state-dump] 	JobInfoGcsService.grpc_client.AddJob - 1 total (0 active), CPU time: mean = 23.962 us, total = 23.962 us
[state-dump] 	NodeManagerService.grpc_server.PinObjectIDs - 1 total (0 active), CPU time: mean = 169.418 us, total = 169.418 us
[state-dump] 
[state-dump] NodeManager:
[state-dump] Node ID: 435ff685d8e66afce15860cd5b4687480235848d386ffa5d5547bd3d
[state-dump] Node name: 10.137.21.59
[state-dump] InitialConfigResources: {memory: 8135216732160000, GPU: 20000, node:10.137.21.59: 10000, CPU: 170000, object_store_memory: 2000000000000000, accelerator_type:H100: 10000}
[state-dump] ClusterTaskManager:
[state-dump] ========== Node: 435ff685d8e66afce15860cd5b4687480235848d386ffa5d5547bd3d =================
[state-dump] Infeasible queue length: 1
[state-dump] Schedule queue length: 0
[state-dump] Dispatch queue length: 0
[state-dump] num_waiting_for_resource: 0
[state-dump] num_waiting_for_plasma_memory: 0
[state-dump] num_waiting_for_remote_node_resources: 0
[state-dump] num_worker_not_started_by_job_config_not_exist: 0
[state-dump] num_worker_not_started_by_registration_timeout: 0
[state-dump] num_tasks_waiting_for_workers: 0
[state-dump] num_cancelled_tasks: 0
[state-dump] cluster_resource_scheduler state: 
[state-dump] Local id: -8058881002343059789 Local resources: {node:10.137.21.59: [10000]/[10000], CPU: [10000]/[170000], object_store_memory: [2000000000000000]/[2000000000000000], memory: [8135216732160000]/[8135216732160000], GPU: [10000, 10000]/[10000, 10000], accelerator_type:H100: [10000]/[10000]}node id: -8058881002343059789{node:10.137.21.59: 10000/10000, CPU: 10000/170000, object_store_memory: 2000000000000000/2000000000000000, memory: 8135216732160000/8135216732160000, GPU: 20000/20000, accelerator_type:H100: 10000/10000}{ "placment group locations": [], "node to bundles": []}
[state-dump] Waiting tasks size: 0
[state-dump] Number of executing tasks: 0
[state-dump] Number of pinned task arguments: 0
[state-dump] Number of total spilled tasks: 0
[state-dump] Number of spilled waiting tasks: 0
[state-dump] Number of spilled unschedulable tasks: 0
[state-dump] Resource usage {
[state-dump]     - (language=PYTHON actor_or_task=RolloutWorker.__init__ pid=3414093): {CPU: 1.000000}
[state-dump]     - (language=PYTHON actor_or_task=RolloutWorker.__init__ pid=3414092): {CPU: 1.000000}
[state-dump]     - (language=PYTHON actor_or_task=RolloutWorker.__init__ pid=3414084): {CPU: 1.000000}
[state-dump]     - (language=PYTHON actor_or_task=RolloutWorker.__init__ pid=3414091): {CPU: 1.000000}
[state-dump]     - (language=PYTHON actor_or_task=RolloutWorker.__init__ pid=3414089): {CPU: 1.000000}
[state-dump]     - (language=PYTHON actor_or_task=RolloutWorker.__init__ pid=3414085): {CPU: 1.000000}
[state-dump]     - (language=PYTHON actor_or_task=RolloutWorker.__init__ pid=3414094): {CPU: 1.000000}
[state-dump]     - (language=PYTHON actor_or_task=RolloutWorker.__init__ pid=3414083): {CPU: 1.000000}
[state-dump]     - (language=PYTHON actor_or_task=RolloutWorker.__init__ pid=3414088): {CPU: 1.000000}
[state-dump]     - (language=PYTHON actor_or_task=RolloutWorker.__init__ pid=3414080): {CPU: 1.000000}
[state-dump]     - (language=PYTHON actor_or_task=RolloutWorker.__init__ pid=3414095): {CPU: 1.000000}
[state-dump]     - (language=PYTHON actor_or_task=RolloutWorker.__init__ pid=3414081): {CPU: 1.000000}
[state-dump]     - (language=PYTHON actor_or_task=RolloutWorker.__init__ pid=3414082): {CPU: 1.000000}
[state-dump]     - (language=PYTHON actor_or_task=RolloutWorker.__init__ pid=3414087): {CPU: 1.000000}
[state-dump]     - (language=PYTHON actor_or_task=RolloutWorker.__init__ pid=3414086): {CPU: 1.000000}
[state-dump]     - (language=PYTHON actor_or_task=RolloutWorker.__init__ pid=3414090): {CPU: 1.000000}
[state-dump] }
[state-dump] Running tasks by scheduling class:
[state-dump] ==================================================
[state-dump] 
[state-dump] ClusterResources:
[state-dump] LocalObjectManager:
[state-dump] - num pinned objects: 0
[state-dump] - pinned objects size: 0
[state-dump] - num objects pending restore: 0
[state-dump] - num objects pending spill: 0
[state-dump] - num bytes pending spill: 0
[state-dump] - num bytes currently spilled: 0
[state-dump] - cumulative spill requests: 0
[state-dump] - cumulative restore requests: 0
[state-dump] - spilled objects pending delete: 0
[state-dump] 
[state-dump] ObjectManager:
[state-dump] - num local objects: 0
[state-dump] - num unfulfilled push requests: 0
[state-dump] - num object pull requests: 0
[state-dump] - num chunks received total: 0
[state-dump] - num chunks received failed (all): 0
[state-dump] - num chunks received failed / cancelled: 0
[state-dump] - num chunks received failed / plasma error: 0
[state-dump] Event stats:
[state-dump] Global stats: 1 total (0 active)
[state-dump] Queueing time: mean = 25.771 us, max = 25.771 us, min = 25.771 us, total = 25.771 us
[state-dump] Execution time:  mean = 5.425 us, total = 5.425 us
[state-dump] Event stats:
[state-dump] 	ObjectManager.FreeObjects - 1 total (0 active), CPU time: mean = 5.425 us, total = 5.425 us
[state-dump] PushManager:
[state-dump] - num pushes in flight: 0
[state-dump] - num chunks in flight: 0
[state-dump] - num chunks remaining: 0
[state-dump] - max chunks allowed: 409
[state-dump] OwnershipBasedObjectDirectory:
[state-dump] - num listeners: 0
[state-dump] - cumulative location updates: 2
[state-dump] - num location updates per second: 0.000
[state-dump] - num location lookups per second: 0.000
[state-dump] - num locations added per second: 0.000
[state-dump] - num locations removed per second: 0.000
[state-dump] BufferPool:
[state-dump] - create buffer state map size: 0
[state-dump] PullManager:
[state-dump] - num bytes available for pulled objects: 200000000000
[state-dump] - num bytes being pulled (all): 0
[state-dump] - num bytes being pulled / pinned: 0
[state-dump] - get request bundles: BundlePullRequestQueue{0 total, 0 active, 0 inactive, 0 unpullable}
[state-dump] - wait request bundles: BundlePullRequestQueue{0 total, 0 active, 0 inactive, 0 unpullable}
[state-dump] - task request bundles: BundlePullRequestQueue{0 total, 0 active, 0 inactive, 0 unpullable}
[state-dump] - first get request bundle: N/A
[state-dump] - first wait request bundle: N/A
[state-dump] - first task request bundle: N/A
[state-dump] - num objects queued: 0
[state-dump] - num objects actively pulled (all): 0
[state-dump] - num objects actively pulled / pinned: 0
[state-dump] - num bundles being pulled: 0
[state-dump] - num pull retries: 0
[state-dump] - max timeout seconds: 0
[state-dump] - max timeout request is already processed. No entry.
[state-dump] 
[state-dump] WorkerPool:
[state-dump] - registered jobs: 1
[state-dump] - process_failed_job_config_missing: 0
[state-dump] - process_failed_rate_limited: 0
[state-dump] - process_failed_pending_registration: 0
[state-dump] - process_failed_runtime_env_setup_failed: 0
[state-dump] - num JAVA workers: 0
[state-dump] - num JAVA drivers: 0
[state-dump] - num object spill callbacks queued: 0
[state-dump] - num object restore queued: 0
[state-dump] - num util functions queued: 0
[state-dump] - num PYTHON workers: 17
[state-dump] - num PYTHON drivers: 1
[state-dump] - num object spill callbacks queued: 0
[state-dump] - num object restore queued: 0
[state-dump] - num util functions queued: 0
[state-dump] - num idle workers: 1
[state-dump] TaskDependencyManager:
[state-dump] - task deps map size: 0
[state-dump] - get req map size: 0
[state-dump] - wait req map size: 0
[state-dump] - local objects map size: 0
[state-dump] WaitManager:
[state-dump] - num active wait requests: 0
[state-dump] Subscriber:
[state-dump] Channel WORKER_REF_REMOVED_CHANNEL
[state-dump] - cumulative subscribe requests: 0
[state-dump] - cumulative unsubscribe requests: 0
[state-dump] - active subscribed publishers: 0
[state-dump] - cumulative published messages: 0
[state-dump] - cumulative processed messages: 0
[state-dump] Channel WORKER_OBJECT_EVICTION
[state-dump] - cumulative subscribe requests: 1
[state-dump] - cumulative unsubscribe requests: 1
[state-dump] - active subscribed publishers: 0
[state-dump] - cumulative published messages: 1
[state-dump] - cumulative processed messages: 1
[state-dump] Channel WORKER_OBJECT_LOCATIONS_CHANNEL
[state-dump] - cumulative subscribe requests: 5
[state-dump] - cumulative unsubscribe requests: 5
[state-dump] - active subscribed publishers: 0
[state-dump] - cumulative published messages: 2
[state-dump] - cumulative processed messages: 2
[state-dump] num async plasma notifications: 0
[state-dump] Remote node managers: 
[state-dump] Event stats:
[state-dump] Global stats: 11361 total (28 active)
[state-dump] Queueing time: mean = 64.521 ms, max = 41.724 s, min = -0.000 s, total = 733.019 s
[state-dump] Execution time:  mean = 27.266 us, total = 309.767 ms
[state-dump] Event stats:
[state-dump] 	NodeManagerService.grpc_server.ReportWorkerBacklog - 2246 total (0 active), CPU time: mean = 28.444 us, total = 63.885 ms
[state-dump] 	UNKNOWN - 1982 total (3 active), CPU time: mean = 1.537 us, total = 3.047 ms
[state-dump] 	ObjectManager.UpdateAvailableMemory - 1799 total (0 active), CPU time: mean = 626.914 ns, total = 1.128 ms
[state-dump] 	NodeManagerService.grpc_server.RequestResourceReport - 1783 total (0 active), CPU time: mean = 38.694 us, total = 68.991 ms
[state-dump] 	NodeManagerService.grpc_server.UpdateResourceUsage - 1783 total (0 active), CPU time: mean = 37.136 us, total = 66.213 ms
[state-dump] 	RayletWorkerPool.deadline_timer.kill_idle_workers - 900 total (1 active), CPU time: mean = 4.403 us, total = 3.963 ms
[state-dump] 	ClientConnection.async_read.ReadBufferAsync - 328 total (18 active), CPU time: mean = 77.030 us, total = 25.266 ms
[state-dump] 	NodeManagerService.grpc_server.GetResourceLoad - 180 total (0 active), CPU time: mean = 35.400 us, total = 6.372 ms
[state-dump] 	NodeManager.deadline_timer.flush_free_objects - 180 total (1 active), CPU time: mean = 2.586 us, total = 465.533 us
[state-dump] 	ObjectManager.ObjectDeleted - 19 total (0 active), CPU time: mean = 11.208 us, total = 212.953 us
[state-dump] 	ObjectManager.ObjectAdded - 19 total (0 active), CPU time: mean = 22.134 us, total = 420.540 us
[state-dump] 	NodeManagerService.grpc_server.GetSystemConfig - 18 total (0 active), CPU time: mean = 34.279 us, total = 617.027 us
[state-dump] 	ClientConnection.async_write.DoAsyncWrites - 18 total (0 active), CPU time: mean = 435.056 ns, total = 7.831 us
[state-dump] 	NodeManager.deadline_timer.debug_state_dump - 18 total (1 active), CPU time: mean = 347.387 us, total = 6.253 ms
[state-dump] 	NodeManagerService.grpc_server.RequestWorkerLease - 17 total (0 active), CPU time: mean = 1.227 ms, total = 20.867 ms
[state-dump] 	CoreWorkerService.grpc_client.DirectActorCallArgWaitComplete - 16 total (0 active), CPU time: mean = 8.380 us, total = 134.072 us
[state-dump] 	NodeManager.deadline_timer.record_metrics - 12 total (1 active), CPU time: mean = 170.323 us, total = 2.044 ms
[state-dump] 	CoreWorkerService.grpc_client.PubsubCommandBatch - 8 total (0 active), CPU time: mean = 58.221 us, total = 465.766 us
[state-dump] 	PeriodicalRunner.RunFnPeriodically - 8 total (0 active), CPU time: mean = 273.916 us, total = 2.191 ms
[state-dump] 	CoreWorkerService.grpc_client.PubsubLongPolling - 7 total (1 active), CPU time: mean = 145.450 us, total = 1.018 ms
[state-dump] 	NodeManager.deadline_timer.print_event_loop_stats - 3 total (1 active, 1 running), CPU time: mean = 356.503 us, total = 1.070 ms
[state-dump] 	InternalPubSubGcsService.grpc_client.GcsSubscriberPoll - 2 total (1 active), CPU time: mean = 29.965 us, total = 59.929 us
[state-dump] 	Subscriber.HandlePublishedMessage_WORKER_OBJECT_LOCATIONS_CHANNEL - 2 total (0 active), CPU time: mean = 24.247 us, total = 48.493 us
[state-dump] 	InternalPubSubGcsService.grpc_client.GcsSubscriberCommandBatch - 2 total (0 active), CPU time: mean = 59.350 us, total = 118.700 us
[state-dump] 	CoreWorkerService.grpc_client.UpdateObjectLocationBatch - 2 total (0 active), CPU time: mean = 18.242 us, total = 36.484 us
[state-dump] 	NodeInfoGcsService.grpc_client.GetAllNodeInfo - 1 total (0 active), CPU time: mean = 28.066 us, total = 28.066 us
[state-dump] 	NodeInfoGcsService.grpc_client.GetInternalConfig - 1 total (0 active), CPU time: mean = 33.796 ms, total = 33.796 ms
[state-dump] 	Subscriber.HandlePublishedMessage_GCS_JOB_CHANNEL - 1 total (0 active), CPU time: mean = 47.159 us, total = 47.159 us
[state-dump] 	JobInfoGcsService.grpc_client.GetAllJobInfo - 1 total (0 active), CPU time: mean = 343.023 us, total = 343.023 us
[state-dump] 	NodeInfoGcsService.grpc_client.RegisterNode - 1 total (0 active), CPU time: mean = 203.359 us, total = 203.359 us
[state-dump] 	AgentManagerService.grpc_server.RegisterAgent - 1 total (0 active), CPU time: mean = 194.419 us, total = 194.419 us
[state-dump] 	Subscriber.HandlePublishedMessage_WORKER_OBJECT_EVICTION - 1 total (0 active), CPU time: mean = 66.553 us, total = 66.553 us
[state-dump] 	JobInfoGcsService.grpc_client.AddJob - 1 total (0 active), CPU time: mean = 23.962 us, total = 23.962 us
[state-dump] 	NodeManagerService.grpc_server.PinObjectIDs - 1 total (0 active), CPU time: mean = 169.418 us, total = 169.418 us
[state-dump] DebugString() time ms: 0
[state-dump] 
[state-dump] 
[2026-01-30 14:06:31,361 I 3413275 3413375] (raylet) store.cc:551: ========== Plasma store: =================
Current usage: 0 / 200 GB
- num bytes created total: 7953630
0 pending objects of total size 0MB
- objects spillable: 0
- bytes spillable: 0
- objects unsealed: 0
- bytes unsealed: 0
- objects in use: 0
- bytes in use: 0
- objects evictable: 0
- bytes evictable: 0

- objects created by worker: 0
- bytes created by worker: 0
- objects restored: 0
- bytes restored: 0
- objects received: 0
- bytes received: 0
- objects errored: 0
- bytes errored: 0

[2026-01-30 14:06:31,383 I 3413275 3413275] (raylet) node_manager.cc:540: [state-dump] Event stats:
[state-dump] 
[state-dump] 
[state-dump] Global stats: 15323 total (28 active)
[state-dump] Queueing time: mean = 47.841 ms, max = 41.724 s, min = -0.000 s, total = 733.062 s
[state-dump] Execution time:  mean = 25.132 us, total = 385.093 ms
[state-dump] Event stats:
[state-dump] 	NodeManagerService.grpc_server.ReportWorkerBacklog - 3326 total (0 active), CPU time: mean = 27.492 us, total = 91.437 ms
[state-dump] 	UNKNOWN - 2642 total (3 active), CPU time: mean = 1.624 us, total = 4.290 ms
[state-dump] 	ObjectManager.UpdateAvailableMemory - 2399 total (0 active), CPU time: mean = 610.228 ns, total = 1.464 ms
[state-dump] 	NodeManagerService.grpc_server.RequestResourceReport - 2379 total (0 active), CPU time: mean = 37.193 us, total = 88.483 ms
[state-dump] 	NodeManagerService.grpc_server.UpdateResourceUsage - 2378 total (0 active), CPU time: mean = 35.991 us, total = 85.586 ms
[state-dump] 	RayletWorkerPool.deadline_timer.kill_idle_workers - 1200 total (1 active), CPU time: mean = 4.665 us, total = 5.598 ms
[state-dump] 	ClientConnection.async_read.ReadBufferAsync - 328 total (18 active), CPU time: mean = 77.030 us, total = 25.266 ms
[state-dump] 	NodeManagerService.grpc_server.GetResourceLoad - 240 total (0 active), CPU time: mean = 34.564 us, total = 8.295 ms
[state-dump] 	NodeManager.deadline_timer.flush_free_objects - 240 total (1 active), CPU time: mean = 2.514 us, total = 603.377 us
[state-dump] 	NodeManager.deadline_timer.debug_state_dump - 24 total (1 active), CPU time: mean = 356.461 us, total = 8.555 ms
[state-dump] 	ObjectManager.ObjectDeleted - 19 total (0 active), CPU time: mean = 11.208 us, total = 212.953 us
[state-dump] 	ObjectManager.ObjectAdded - 19 total (0 active), CPU time: mean = 22.134 us, total = 420.540 us
[state-dump] 	NodeManagerService.grpc_server.GetSystemConfig - 18 total (0 active), CPU time: mean = 34.279 us, total = 617.027 us
[state-dump] 	ClientConnection.async_write.DoAsyncWrites - 18 total (0 active), CPU time: mean = 435.056 ns, total = 7.831 us
[state-dump] 	NodeManagerService.grpc_server.RequestWorkerLease - 17 total (0 active), CPU time: mean = 1.227 ms, total = 20.867 ms
[state-dump] 	CoreWorkerService.grpc_client.DirectActorCallArgWaitComplete - 16 total (0 active), CPU time: mean = 8.380 us, total = 134.072 us
[state-dump] 	NodeManager.deadline_timer.record_metrics - 16 total (1 active), CPU time: mean = 177.972 us, total = 2.848 ms
[state-dump] 	CoreWorkerService.grpc_client.PubsubCommandBatch - 8 total (0 active), CPU time: mean = 58.221 us, total = 465.766 us
[state-dump] 	PeriodicalRunner.RunFnPeriodically - 8 total (0 active), CPU time: mean = 273.916 us, total = 2.191 ms
[state-dump] 	CoreWorkerService.grpc_client.PubsubLongPolling - 7 total (1 active), CPU time: mean = 145.450 us, total = 1.018 ms
[state-dump] 	NodeManager.deadline_timer.print_event_loop_stats - 4 total (1 active, 1 running), CPU time: mean = 399.586 us, total = 1.598 ms
[state-dump] 	InternalPubSubGcsService.grpc_client.GcsSubscriberPoll - 2 total (1 active), CPU time: mean = 29.965 us, total = 59.929 us
[state-dump] 	Subscriber.HandlePublishedMessage_WORKER_OBJECT_LOCATIONS_CHANNEL - 2 total (0 active), CPU time: mean = 24.247 us, total = 48.493 us
[state-dump] 	InternalPubSubGcsService.grpc_client.GcsSubscriberCommandBatch - 2 total (0 active), CPU time: mean = 59.350 us, total = 118.700 us
[state-dump] 	CoreWorkerService.grpc_client.UpdateObjectLocationBatch - 2 total (0 active), CPU time: mean = 18.242 us, total = 36.484 us
[state-dump] 	NodeInfoGcsService.grpc_client.GetAllNodeInfo - 1 total (0 active), CPU time: mean = 28.066 us, total = 28.066 us
[state-dump] 	NodeInfoGcsService.grpc_client.GetInternalConfig - 1 total (0 active), CPU time: mean = 33.796 ms, total = 33.796 ms
[state-dump] 	Subscriber.HandlePublishedMessage_GCS_JOB_CHANNEL - 1 total (0 active), CPU time: mean = 47.159 us, total = 47.159 us
[state-dump] 	JobInfoGcsService.grpc_client.GetAllJobInfo - 1 total (0 active), CPU time: mean = 343.023 us, total = 343.023 us
[state-dump] 	NodeInfoGcsService.grpc_client.RegisterNode - 1 total (0 active), CPU time: mean = 203.359 us, total = 203.359 us
[state-dump] 	AgentManagerService.grpc_server.RegisterAgent - 1 total (0 active), CPU time: mean = 194.419 us, total = 194.419 us
[state-dump] 	Subscriber.HandlePublishedMessage_WORKER_OBJECT_EVICTION - 1 total (0 active), CPU time: mean = 66.553 us, total = 66.553 us
[state-dump] 	JobInfoGcsService.grpc_client.AddJob - 1 total (0 active), CPU time: mean = 23.962 us, total = 23.962 us
[state-dump] 	NodeManagerService.grpc_server.PinObjectIDs - 1 total (0 active), CPU time: mean = 169.418 us, total = 169.418 us
[state-dump] 
[state-dump] NodeManager:
[state-dump] Node ID: 435ff685d8e66afce15860cd5b4687480235848d386ffa5d5547bd3d
[state-dump] Node name: 10.137.21.59
[state-dump] InitialConfigResources: {memory: 8135216732160000, GPU: 20000, node:10.137.21.59: 10000, CPU: 170000, object_store_memory: 2000000000000000, accelerator_type:H100: 10000}
[state-dump] ClusterTaskManager:
[state-dump] ========== Node: 435ff685d8e66afce15860cd5b4687480235848d386ffa5d5547bd3d =================
[state-dump] Infeasible queue length: 1
[state-dump] Schedule queue length: 0
[state-dump] Dispatch queue length: 0
[state-dump] num_waiting_for_resource: 0
[state-dump] num_waiting_for_plasma_memory: 0
[state-dump] num_waiting_for_remote_node_resources: 0
[state-dump] num_worker_not_started_by_job_config_not_exist: 0
[state-dump] num_worker_not_started_by_registration_timeout: 0
[state-dump] num_tasks_waiting_for_workers: 0
[state-dump] num_cancelled_tasks: 0
[state-dump] cluster_resource_scheduler state: 
[state-dump] Local id: -8058881002343059789 Local resources: {node:10.137.21.59: [10000]/[10000], CPU: [10000]/[170000], object_store_memory: [2000000000000000]/[2000000000000000], memory: [8135216732160000]/[8135216732160000], GPU: [10000, 10000]/[10000, 10000], accelerator_type:H100: [10000]/[10000]}node id: -8058881002343059789{node:10.137.21.59: 10000/10000, CPU: 10000/170000, object_store_memory: 2000000000000000/2000000000000000, memory: 8135216732160000/8135216732160000, GPU: 20000/20000, accelerator_type:H100: 10000/10000}{ "placment group locations": [], "node to bundles": []}
[state-dump] Waiting tasks size: 0
[state-dump] Number of executing tasks: 0
[state-dump] Number of pinned task arguments: 0
[state-dump] Number of total spilled tasks: 0
[state-dump] Number of spilled waiting tasks: 0
[state-dump] Number of spilled unschedulable tasks: 0
[state-dump] Resource usage {
[state-dump]     - (language=PYTHON actor_or_task=RolloutWorker.__init__ pid=3414093): {CPU: 1.000000}
[state-dump]     - (language=PYTHON actor_or_task=RolloutWorker.__init__ pid=3414092): {CPU: 1.000000}
[state-dump]     - (language=PYTHON actor_or_task=RolloutWorker.__init__ pid=3414084): {CPU: 1.000000}
[state-dump]     - (language=PYTHON actor_or_task=RolloutWorker.__init__ pid=3414091): {CPU: 1.000000}
[state-dump]     - (language=PYTHON actor_or_task=RolloutWorker.__init__ pid=3414089): {CPU: 1.000000}
[state-dump]     - (language=PYTHON actor_or_task=RolloutWorker.__init__ pid=3414085): {CPU: 1.000000}
[state-dump]     - (language=PYTHON actor_or_task=RolloutWorker.__init__ pid=3414094): {CPU: 1.000000}
[state-dump]     - (language=PYTHON actor_or_task=RolloutWorker.__init__ pid=3414083): {CPU: 1.000000}
[state-dump]     - (language=PYTHON actor_or_task=RolloutWorker.__init__ pid=3414088): {CPU: 1.000000}
[state-dump]     - (language=PYTHON actor_or_task=RolloutWorker.__init__ pid=3414080): {CPU: 1.000000}
[state-dump]     - (language=PYTHON actor_or_task=RolloutWorker.__init__ pid=3414095): {CPU: 1.000000}
[state-dump]     - (language=PYTHON actor_or_task=RolloutWorker.__init__ pid=3414081): {CPU: 1.000000}
[state-dump]     - (language=PYTHON actor_or_task=RolloutWorker.__init__ pid=3414082): {CPU: 1.000000}
[state-dump]     - (language=PYTHON actor_or_task=RolloutWorker.__init__ pid=3414087): {CPU: 1.000000}
[state-dump]     - (language=PYTHON actor_or_task=RolloutWorker.__init__ pid=3414086): {CPU: 1.000000}
[state-dump]     - (language=PYTHON actor_or_task=RolloutWorker.__init__ pid=3414090): {CPU: 1.000000}
[state-dump] }
[state-dump] Running tasks by scheduling class:
[state-dump] ==================================================
[state-dump] 
[state-dump] ClusterResources:
[state-dump] LocalObjectManager:
[state-dump] - num pinned objects: 0
[state-dump] - pinned objects size: 0
[state-dump] - num objects pending restore: 0
[state-dump] - num objects pending spill: 0
[state-dump] - num bytes pending spill: 0
[state-dump] - num bytes currently spilled: 0
[state-dump] - cumulative spill requests: 0
[state-dump] - cumulative restore requests: 0
[state-dump] - spilled objects pending delete: 0
[state-dump] 
[state-dump] ObjectManager:
[state-dump] - num local objects: 0
[state-dump] - num unfulfilled push requests: 0
[state-dump] - num object pull requests: 0
[state-dump] - num chunks received total: 0
[state-dump] - num chunks received failed (all): 0
[state-dump] - num chunks received failed / cancelled: 0
[state-dump] - num chunks received failed / plasma error: 0
[state-dump] Event stats:
[state-dump] Global stats: 1 total (0 active)
[state-dump] Queueing time: mean = 25.771 us, max = 25.771 us, min = 25.771 us, total = 25.771 us
[state-dump] Execution time:  mean = 5.425 us, total = 5.425 us
[state-dump] Event stats:
[state-dump] 	ObjectManager.FreeObjects - 1 total (0 active), CPU time: mean = 5.425 us, total = 5.425 us
[state-dump] PushManager:
[state-dump] - num pushes in flight: 0
[state-dump] - num chunks in flight: 0
[state-dump] - num chunks remaining: 0
[state-dump] - max chunks allowed: 409
[state-dump] OwnershipBasedObjectDirectory:
[state-dump] - num listeners: 0
[state-dump] - cumulative location updates: 2
[state-dump] - num location updates per second: 0.000
[state-dump] - num location lookups per second: 0.000
[state-dump] - num locations added per second: 0.000
[state-dump] - num locations removed per second: 0.000
[state-dump] BufferPool:
[state-dump] - create buffer state map size: 0
[state-dump] PullManager:
[state-dump] - num bytes available for pulled objects: 200000000000
[state-dump] - num bytes being pulled (all): 0
[state-dump] - num bytes being pulled / pinned: 0
[state-dump] - get request bundles: BundlePullRequestQueue{0 total, 0 active, 0 inactive, 0 unpullable}
[state-dump] - wait request bundles: BundlePullRequestQueue{0 total, 0 active, 0 inactive, 0 unpullable}
[state-dump] - task request bundles: BundlePullRequestQueue{0 total, 0 active, 0 inactive, 0 unpullable}
[state-dump] - first get request bundle: N/A
[state-dump] - first wait request bundle: N/A
[state-dump] - first task request bundle: N/A
[state-dump] - num objects queued: 0
[state-dump] - num objects actively pulled (all): 0
[state-dump] - num objects actively pulled / pinned: 0
[state-dump] - num bundles being pulled: 0
[state-dump] - num pull retries: 0
[state-dump] - max timeout seconds: 0
[state-dump] - max timeout request is already processed. No entry.
[state-dump] 
[state-dump] WorkerPool:
[state-dump] - registered jobs: 1
[state-dump] - process_failed_job_config_missing: 0
[state-dump] - process_failed_rate_limited: 0
[state-dump] - process_failed_pending_registration: 0
[state-dump] - process_failed_runtime_env_setup_failed: 0
[state-dump] - num JAVA workers: 0
[state-dump] - num JAVA drivers: 0
[state-dump] - num object spill callbacks queued: 0
[state-dump] - num object restore queued: 0
[state-dump] - num util functions queued: 0
[state-dump] - num PYTHON workers: 17
[state-dump] - num PYTHON drivers: 1
[state-dump] - num object spill callbacks queued: 0
[state-dump] - num object restore queued: 0
[state-dump] - num util functions queued: 0
[state-dump] - num idle workers: 1
[state-dump] TaskDependencyManager:
[state-dump] - task deps map size: 0
[state-dump] - get req map size: 0
[state-dump] - wait req map size: 0
[state-dump] - local objects map size: 0
[state-dump] WaitManager:
[state-dump] - num active wait requests: 0
[state-dump] Subscriber:
[state-dump] Channel WORKER_REF_REMOVED_CHANNEL
[state-dump] - cumulative subscribe requests: 0
[state-dump] - cumulative unsubscribe requests: 0
[state-dump] - active subscribed publishers: 0
[state-dump] - cumulative published messages: 0
[state-dump] - cumulative processed messages: 0
[state-dump] Channel WORKER_OBJECT_EVICTION
[state-dump] - cumulative subscribe requests: 1
[state-dump] - cumulative unsubscribe requests: 1
[state-dump] - active subscribed publishers: 0
[state-dump] - cumulative published messages: 1
[state-dump] - cumulative processed messages: 1
[state-dump] Channel WORKER_OBJECT_LOCATIONS_CHANNEL
[state-dump] - cumulative subscribe requests: 5
[state-dump] - cumulative unsubscribe requests: 5
[state-dump] - active subscribed publishers: 0
[state-dump] - cumulative published messages: 2
[state-dump] - cumulative processed messages: 2
[state-dump] num async plasma notifications: 0
[state-dump] Remote node managers: 
[state-dump] Event stats:
[state-dump] Global stats: 15323 total (28 active)
[state-dump] Queueing time: mean = 47.841 ms, max = 41.724 s, min = -0.000 s, total = 733.062 s
[state-dump] Execution time:  mean = 25.132 us, total = 385.093 ms
[state-dump] Event stats:
[state-dump] 	NodeManagerService.grpc_server.ReportWorkerBacklog - 3326 total (0 active), CPU time: mean = 27.492 us, total = 91.437 ms
[state-dump] 	UNKNOWN - 2642 total (3 active), CPU time: mean = 1.624 us, total = 4.290 ms
[state-dump] 	ObjectManager.UpdateAvailableMemory - 2399 total (0 active), CPU time: mean = 610.228 ns, total = 1.464 ms
[state-dump] 	NodeManagerService.grpc_server.RequestResourceReport - 2379 total (0 active), CPU time: mean = 37.193 us, total = 88.483 ms
[state-dump] 	NodeManagerService.grpc_server.UpdateResourceUsage - 2378 total (0 active), CPU time: mean = 35.991 us, total = 85.586 ms
[state-dump] 	RayletWorkerPool.deadline_timer.kill_idle_workers - 1200 total (1 active), CPU time: mean = 4.665 us, total = 5.598 ms
[state-dump] 	ClientConnection.async_read.ReadBufferAsync - 328 total (18 active), CPU time: mean = 77.030 us, total = 25.266 ms
[state-dump] 	NodeManagerService.grpc_server.GetResourceLoad - 240 total (0 active), CPU time: mean = 34.564 us, total = 8.295 ms
[state-dump] 	NodeManager.deadline_timer.flush_free_objects - 240 total (1 active), CPU time: mean = 2.514 us, total = 603.377 us
[state-dump] 	NodeManager.deadline_timer.debug_state_dump - 24 total (1 active), CPU time: mean = 356.461 us, total = 8.555 ms
[state-dump] 	ObjectManager.ObjectDeleted - 19 total (0 active), CPU time: mean = 11.208 us, total = 212.953 us
[state-dump] 	ObjectManager.ObjectAdded - 19 total (0 active), CPU time: mean = 22.134 us, total = 420.540 us
[state-dump] 	NodeManagerService.grpc_server.GetSystemConfig - 18 total (0 active), CPU time: mean = 34.279 us, total = 617.027 us
[state-dump] 	ClientConnection.async_write.DoAsyncWrites - 18 total (0 active), CPU time: mean = 435.056 ns, total = 7.831 us
[state-dump] 	NodeManagerService.grpc_server.RequestWorkerLease - 17 total (0 active), CPU time: mean = 1.227 ms, total = 20.867 ms
[state-dump] 	CoreWorkerService.grpc_client.DirectActorCallArgWaitComplete - 16 total (0 active), CPU time: mean = 8.380 us, total = 134.072 us
[state-dump] 	NodeManager.deadline_timer.record_metrics - 16 total (1 active), CPU time: mean = 177.972 us, total = 2.848 ms
[state-dump] 	CoreWorkerService.grpc_client.PubsubCommandBatch - 8 total (0 active), CPU time: mean = 58.221 us, total = 465.766 us
[state-dump] 	PeriodicalRunner.RunFnPeriodically - 8 total (0 active), CPU time: mean = 273.916 us, total = 2.191 ms
[state-dump] 	CoreWorkerService.grpc_client.PubsubLongPolling - 7 total (1 active), CPU time: mean = 145.450 us, total = 1.018 ms
[state-dump] 	NodeManager.deadline_timer.print_event_loop_stats - 4 total (1 active, 1 running), CPU time: mean = 399.586 us, total = 1.598 ms
[state-dump] 	InternalPubSubGcsService.grpc_client.GcsSubscriberPoll - 2 total (1 active), CPU time: mean = 29.965 us, total = 59.929 us
[state-dump] 	Subscriber.HandlePublishedMessage_WORKER_OBJECT_LOCATIONS_CHANNEL - 2 total (0 active), CPU time: mean = 24.247 us, total = 48.493 us
[state-dump] 	InternalPubSubGcsService.grpc_client.GcsSubscriberCommandBatch - 2 total (0 active), CPU time: mean = 59.350 us, total = 118.700 us
[state-dump] 	CoreWorkerService.grpc_client.UpdateObjectLocationBatch - 2 total (0 active), CPU time: mean = 18.242 us, total = 36.484 us
[state-dump] 	NodeInfoGcsService.grpc_client.GetAllNodeInfo - 1 total (0 active), CPU time: mean = 28.066 us, total = 28.066 us
[state-dump] 	NodeInfoGcsService.grpc_client.GetInternalConfig - 1 total (0 active), CPU time: mean = 33.796 ms, total = 33.796 ms
[state-dump] 	Subscriber.HandlePublishedMessage_GCS_JOB_CHANNEL - 1 total (0 active), CPU time: mean = 47.159 us, total = 47.159 us
[state-dump] 	JobInfoGcsService.grpc_client.GetAllJobInfo - 1 total (0 active), CPU time: mean = 343.023 us, total = 343.023 us
[state-dump] 	NodeInfoGcsService.grpc_client.RegisterNode - 1 total (0 active), CPU time: mean = 203.359 us, total = 203.359 us
[state-dump] 	AgentManagerService.grpc_server.RegisterAgent - 1 total (0 active), CPU time: mean = 194.419 us, total = 194.419 us
[state-dump] 	Subscriber.HandlePublishedMessage_WORKER_OBJECT_EVICTION - 1 total (0 active), CPU time: mean = 66.553 us, total = 66.553 us
[state-dump] 	JobInfoGcsService.grpc_client.AddJob - 1 total (0 active), CPU time: mean = 23.962 us, total = 23.962 us
[state-dump] 	NodeManagerService.grpc_server.PinObjectIDs - 1 total (0 active), CPU time: mean = 169.418 us, total = 169.418 us
[state-dump] DebugString() time ms: 0
[state-dump] 
[state-dump] 
[2026-01-30 14:07:31,361 I 3413275 3413375] (raylet) store.cc:551: ========== Plasma store: =================
Current usage: 0 / 200 GB
- num bytes created total: 7953630
0 pending objects of total size 0MB
- objects spillable: 0
- bytes spillable: 0
- objects unsealed: 0
- bytes unsealed: 0
- objects in use: 0
- bytes in use: 0
- objects evictable: 0
- bytes evictable: 0

- objects created by worker: 0
- bytes created by worker: 0
- objects restored: 0
- bytes restored: 0
- objects received: 0
- bytes received: 0
- objects errored: 0
- bytes errored: 0

[2026-01-30 14:07:31,384 I 3413275 3413275] (raylet) node_manager.cc:540: [state-dump] Event stats:
[state-dump] 
[state-dump] 
[state-dump] Global stats: 19286 total (28 active)
[state-dump] Queueing time: mean = 38.012 ms, max = 41.724 s, min = -0.000 s, total = 733.103 s
[state-dump] Execution time:  mean = 23.625 us, total = 455.623 ms
[state-dump] Event stats:
[state-dump] 	NodeManagerService.grpc_server.ReportWorkerBacklog - 4406 total (0 active), CPU time: mean = 26.777 us, total = 117.981 ms
[state-dump] 	UNKNOWN - 3302 total (3 active), CPU time: mean = 1.644 us, total = 5.427 ms
[state-dump] 	ObjectManager.UpdateAvailableMemory - 2999 total (0 active), CPU time: mean = 581.558 ns, total = 1.744 ms
[state-dump] 	NodeManagerService.grpc_server.RequestResourceReport - 2975 total (0 active), CPU time: mean = 35.880 us, total = 106.744 ms
[state-dump] 	NodeManagerService.grpc_server.UpdateResourceUsage - 2974 total (0 active), CPU time: mean = 34.646 us, total = 103.038 ms
[state-dump] 	RayletWorkerPool.deadline_timer.kill_idle_workers - 1500 total (1 active), CPU time: mean = 4.599 us, total = 6.898 ms
[state-dump] 	ClientConnection.async_read.ReadBufferAsync - 328 total (18 active), CPU time: mean = 77.030 us, total = 25.266 ms
[state-dump] 	NodeManagerService.grpc_server.GetResourceLoad - 300 total (0 active), CPU time: mean = 33.673 us, total = 10.102 ms
[state-dump] 	NodeManager.deadline_timer.flush_free_objects - 300 total (1 active), CPU time: mean = 2.527 us, total = 757.981 us
[state-dump] 	NodeManager.deadline_timer.debug_state_dump - 30 total (1 active), CPU time: mean = 360.707 us, total = 10.821 ms
[state-dump] 	NodeManager.deadline_timer.record_metrics - 20 total (1 active), CPU time: mean = 183.160 us, total = 3.663 ms
[state-dump] 	ObjectManager.ObjectDeleted - 19 total (0 active), CPU time: mean = 11.208 us, total = 212.953 us
[state-dump] 	ObjectManager.ObjectAdded - 19 total (0 active), CPU time: mean = 22.134 us, total = 420.540 us
[state-dump] 	NodeManagerService.grpc_server.GetSystemConfig - 18 total (0 active), CPU time: mean = 34.279 us, total = 617.027 us
[state-dump] 	ClientConnection.async_write.DoAsyncWrites - 18 total (0 active), CPU time: mean = 435.056 ns, total = 7.831 us
[state-dump] 	NodeManagerService.grpc_server.RequestWorkerLease - 17 total (0 active), CPU time: mean = 1.227 ms, total = 20.867 ms
[state-dump] 	CoreWorkerService.grpc_client.DirectActorCallArgWaitComplete - 16 total (0 active), CPU time: mean = 8.380 us, total = 134.072 us
[state-dump] 	CoreWorkerService.grpc_client.PubsubCommandBatch - 8 total (0 active), CPU time: mean = 58.221 us, total = 465.766 us
[state-dump] 	PeriodicalRunner.RunFnPeriodically - 8 total (0 active), CPU time: mean = 273.916 us, total = 2.191 ms
[state-dump] 	CoreWorkerService.grpc_client.PubsubLongPolling - 7 total (1 active), CPU time: mean = 145.450 us, total = 1.018 ms
[state-dump] 	NodeManager.deadline_timer.print_event_loop_stats - 5 total (1 active, 1 running), CPU time: mean = 422.211 us, total = 2.111 ms
[state-dump] 	InternalPubSubGcsService.grpc_client.GcsSubscriberPoll - 2 total (1 active), CPU time: mean = 29.965 us, total = 59.929 us
[state-dump] 	Subscriber.HandlePublishedMessage_WORKER_OBJECT_LOCATIONS_CHANNEL - 2 total (0 active), CPU time: mean = 24.247 us, total = 48.493 us
[state-dump] 	InternalPubSubGcsService.grpc_client.GcsSubscriberCommandBatch - 2 total (0 active), CPU time: mean = 59.350 us, total = 118.700 us
[state-dump] 	CoreWorkerService.grpc_client.UpdateObjectLocationBatch - 2 total (0 active), CPU time: mean = 18.242 us, total = 36.484 us
[state-dump] 	NodeInfoGcsService.grpc_client.GetAllNodeInfo - 1 total (0 active), CPU time: mean = 28.066 us, total = 28.066 us
[state-dump] 	NodeInfoGcsService.grpc_client.GetInternalConfig - 1 total (0 active), CPU time: mean = 33.796 ms, total = 33.796 ms
[state-dump] 	Subscriber.HandlePublishedMessage_GCS_JOB_CHANNEL - 1 total (0 active), CPU time: mean = 47.159 us, total = 47.159 us
[state-dump] 	JobInfoGcsService.grpc_client.GetAllJobInfo - 1 total (0 active), CPU time: mean = 343.023 us, total = 343.023 us
[state-dump] 	NodeInfoGcsService.grpc_client.RegisterNode - 1 total (0 active), CPU time: mean = 203.359 us, total = 203.359 us
[state-dump] 	AgentManagerService.grpc_server.RegisterAgent - 1 total (0 active), CPU time: mean = 194.419 us, total = 194.419 us
[state-dump] 	Subscriber.HandlePublishedMessage_WORKER_OBJECT_EVICTION - 1 total (0 active), CPU time: mean = 66.553 us, total = 66.553 us
[state-dump] 	JobInfoGcsService.grpc_client.AddJob - 1 total (0 active), CPU time: mean = 23.962 us, total = 23.962 us
[state-dump] 	NodeManagerService.grpc_server.PinObjectIDs - 1 total (0 active), CPU time: mean = 169.418 us, total = 169.418 us
[state-dump] 
[state-dump] NodeManager:
[state-dump] Node ID: 435ff685d8e66afce15860cd5b4687480235848d386ffa5d5547bd3d
[state-dump] Node name: 10.137.21.59
[state-dump] InitialConfigResources: {memory: 8135216732160000, GPU: 20000, node:10.137.21.59: 10000, CPU: 170000, object_store_memory: 2000000000000000, accelerator_type:H100: 10000}
[state-dump] ClusterTaskManager:
[state-dump] ========== Node: 435ff685d8e66afce15860cd5b4687480235848d386ffa5d5547bd3d =================
[state-dump] Infeasible queue length: 1
[state-dump] Schedule queue length: 0
[state-dump] Dispatch queue length: 0
[state-dump] num_waiting_for_resource: 0
[state-dump] num_waiting_for_plasma_memory: 0
[state-dump] num_waiting_for_remote_node_resources: 0
[state-dump] num_worker_not_started_by_job_config_not_exist: 0
[state-dump] num_worker_not_started_by_registration_timeout: 0
[state-dump] num_tasks_waiting_for_workers: 0
[state-dump] num_cancelled_tasks: 0
[state-dump] cluster_resource_scheduler state: 
[state-dump] Local id: -8058881002343059789 Local resources: {node:10.137.21.59: [10000]/[10000], CPU: [10000]/[170000], object_store_memory: [2000000000000000]/[2000000000000000], memory: [8135216732160000]/[8135216732160000], GPU: [10000, 10000]/[10000, 10000], accelerator_type:H100: [10000]/[10000]}node id: -8058881002343059789{node:10.137.21.59: 10000/10000, CPU: 10000/170000, object_store_memory: 2000000000000000/2000000000000000, memory: 8135216732160000/8135216732160000, GPU: 20000/20000, accelerator_type:H100: 10000/10000}{ "placment group locations": [], "node to bundles": []}
[state-dump] Waiting tasks size: 0
[state-dump] Number of executing tasks: 0
[state-dump] Number of pinned task arguments: 0
[state-dump] Number of total spilled tasks: 0
[state-dump] Number of spilled waiting tasks: 0
[state-dump] Number of spilled unschedulable tasks: 0
[state-dump] Resource usage {
[state-dump]     - (language=PYTHON actor_or_task=RolloutWorker.__init__ pid=3414093): {CPU: 1.000000}
[state-dump]     - (language=PYTHON actor_or_task=RolloutWorker.__init__ pid=3414092): {CPU: 1.000000}
[state-dump]     - (language=PYTHON actor_or_task=RolloutWorker.__init__ pid=3414084): {CPU: 1.000000}
[state-dump]     - (language=PYTHON actor_or_task=RolloutWorker.__init__ pid=3414091): {CPU: 1.000000}
[state-dump]     - (language=PYTHON actor_or_task=RolloutWorker.__init__ pid=3414089): {CPU: 1.000000}
[state-dump]     - (language=PYTHON actor_or_task=RolloutWorker.__init__ pid=3414085): {CPU: 1.000000}
[state-dump]     - (language=PYTHON actor_or_task=RolloutWorker.__init__ pid=3414094): {CPU: 1.000000}
[state-dump]     - (language=PYTHON actor_or_task=RolloutWorker.__init__ pid=3414083): {CPU: 1.000000}
[state-dump]     - (language=PYTHON actor_or_task=RolloutWorker.__init__ pid=3414088): {CPU: 1.000000}
[state-dump]     - (language=PYTHON actor_or_task=RolloutWorker.__init__ pid=3414080): {CPU: 1.000000}
[state-dump]     - (language=PYTHON actor_or_task=RolloutWorker.__init__ pid=3414095): {CPU: 1.000000}
[state-dump]     - (language=PYTHON actor_or_task=RolloutWorker.__init__ pid=3414081): {CPU: 1.000000}
[state-dump]     - (language=PYTHON actor_or_task=RolloutWorker.__init__ pid=3414082): {CPU: 1.000000}
[state-dump]     - (language=PYTHON actor_or_task=RolloutWorker.__init__ pid=3414087): {CPU: 1.000000}
[state-dump]     - (language=PYTHON actor_or_task=RolloutWorker.__init__ pid=3414086): {CPU: 1.000000}
[state-dump]     - (language=PYTHON actor_or_task=RolloutWorker.__init__ pid=3414090): {CPU: 1.000000}
[state-dump] }
[state-dump] Running tasks by scheduling class:
[state-dump] ==================================================
[state-dump] 
[state-dump] ClusterResources:
[state-dump] LocalObjectManager:
[state-dump] - num pinned objects: 0
[state-dump] - pinned objects size: 0
[state-dump] - num objects pending restore: 0
[state-dump] - num objects pending spill: 0
[state-dump] - num bytes pending spill: 0
[state-dump] - num bytes currently spilled: 0
[state-dump] - cumulative spill requests: 0
[state-dump] - cumulative restore requests: 0
[state-dump] - spilled objects pending delete: 0
[state-dump] 
[state-dump] ObjectManager:
[state-dump] - num local objects: 0
[state-dump] - num unfulfilled push requests: 0
[state-dump] - num object pull requests: 0
[state-dump] - num chunks received total: 0
[state-dump] - num chunks received failed (all): 0
[state-dump] - num chunks received failed / cancelled: 0
[state-dump] - num chunks received failed / plasma error: 0
[state-dump] Event stats:
[state-dump] Global stats: 1 total (0 active)
[state-dump] Queueing time: mean = 25.771 us, max = 25.771 us, min = 25.771 us, total = 25.771 us
[state-dump] Execution time:  mean = 5.425 us, total = 5.425 us
[state-dump] Event stats:
[state-dump] 	ObjectManager.FreeObjects - 1 total (0 active), CPU time: mean = 5.425 us, total = 5.425 us
[state-dump] PushManager:
[state-dump] - num pushes in flight: 0
[state-dump] - num chunks in flight: 0
[state-dump] - num chunks remaining: 0
[state-dump] - max chunks allowed: 409
[state-dump] OwnershipBasedObjectDirectory:
[state-dump] - num listeners: 0
[state-dump] - cumulative location updates: 2
[state-dump] - num location updates per second: 0.000
[state-dump] - num location lookups per second: 0.000
[state-dump] - num locations added per second: 0.000
[state-dump] - num locations removed per second: 0.000
[state-dump] BufferPool:
[state-dump] - create buffer state map size: 0
[state-dump] PullManager:
[state-dump] - num bytes available for pulled objects: 200000000000
[state-dump] - num bytes being pulled (all): 0
[state-dump] - num bytes being pulled / pinned: 0
[state-dump] - get request bundles: BundlePullRequestQueue{0 total, 0 active, 0 inactive, 0 unpullable}
[state-dump] - wait request bundles: BundlePullRequestQueue{0 total, 0 active, 0 inactive, 0 unpullable}
[state-dump] - task request bundles: BundlePullRequestQueue{0 total, 0 active, 0 inactive, 0 unpullable}
[state-dump] - first get request bundle: N/A
[state-dump] - first wait request bundle: N/A
[state-dump] - first task request bundle: N/A
[state-dump] - num objects queued: 0
[state-dump] - num objects actively pulled (all): 0
[state-dump] - num objects actively pulled / pinned: 0
[state-dump] - num bundles being pulled: 0
[state-dump] - num pull retries: 0
[state-dump] - max timeout seconds: 0
[state-dump] - max timeout request is already processed. No entry.
[state-dump] 
[state-dump] WorkerPool:
[state-dump] - registered jobs: 1
[state-dump] - process_failed_job_config_missing: 0
[state-dump] - process_failed_rate_limited: 0
[state-dump] - process_failed_pending_registration: 0
[state-dump] - process_failed_runtime_env_setup_failed: 0
[state-dump] - num JAVA workers: 0
[state-dump] - num JAVA drivers: 0
[state-dump] - num object spill callbacks queued: 0
[state-dump] - num object restore queued: 0
[state-dump] - num util functions queued: 0
[state-dump] - num PYTHON workers: 17
[state-dump] - num PYTHON drivers: 1
[state-dump] - num object spill callbacks queued: 0
[state-dump] - num object restore queued: 0
[state-dump] - num util functions queued: 0
[state-dump] - num idle workers: 1
[state-dump] TaskDependencyManager:
[state-dump] - task deps map size: 0
[state-dump] - get req map size: 0
[state-dump] - wait req map size: 0
[state-dump] - local objects map size: 0
[state-dump] WaitManager:
[state-dump] - num active wait requests: 0
[state-dump] Subscriber:
[state-dump] Channel WORKER_REF_REMOVED_CHANNEL
[state-dump] - cumulative subscribe requests: 0
[state-dump] - cumulative unsubscribe requests: 0
[state-dump] - active subscribed publishers: 0
[state-dump] - cumulative published messages: 0
[state-dump] - cumulative processed messages: 0
[state-dump] Channel WORKER_OBJECT_EVICTION
[state-dump] - cumulative subscribe requests: 1
[state-dump] - cumulative unsubscribe requests: 1
[state-dump] - active subscribed publishers: 0
[state-dump] - cumulative published messages: 1
[state-dump] - cumulative processed messages: 1
[state-dump] Channel WORKER_OBJECT_LOCATIONS_CHANNEL
[state-dump] - cumulative subscribe requests: 5
[state-dump] - cumulative unsubscribe requests: 5
[state-dump] - active subscribed publishers: 0
[state-dump] - cumulative published messages: 2
[state-dump] - cumulative processed messages: 2
[state-dump] num async plasma notifications: 0
[state-dump] Remote node managers: 
[state-dump] Event stats:
[state-dump] Global stats: 19286 total (28 active)
[state-dump] Queueing time: mean = 38.012 ms, max = 41.724 s, min = -0.000 s, total = 733.103 s
[state-dump] Execution time:  mean = 23.625 us, total = 455.623 ms
[state-dump] Event stats:
[state-dump] 	NodeManagerService.grpc_server.ReportWorkerBacklog - 4406 total (0 active), CPU time: mean = 26.777 us, total = 117.981 ms
[state-dump] 	UNKNOWN - 3302 total (3 active), CPU time: mean = 1.644 us, total = 5.427 ms
[state-dump] 	ObjectManager.UpdateAvailableMemory - 2999 total (0 active), CPU time: mean = 581.558 ns, total = 1.744 ms
[state-dump] 	NodeManagerService.grpc_server.RequestResourceReport - 2975 total (0 active), CPU time: mean = 35.880 us, total = 106.744 ms
[state-dump] 	NodeManagerService.grpc_server.UpdateResourceUsage - 2974 total (0 active), CPU time: mean = 34.646 us, total = 103.038 ms
[state-dump] 	RayletWorkerPool.deadline_timer.kill_idle_workers - 1500 total (1 active), CPU time: mean = 4.599 us, total = 6.898 ms
[state-dump] 	ClientConnection.async_read.ReadBufferAsync - 328 total (18 active), CPU time: mean = 77.030 us, total = 25.266 ms
[state-dump] 	NodeManagerService.grpc_server.GetResourceLoad - 300 total (0 active), CPU time: mean = 33.673 us, total = 10.102 ms
[state-dump] 	NodeManager.deadline_timer.flush_free_objects - 300 total (1 active), CPU time: mean = 2.527 us, total = 757.981 us
[state-dump] 	NodeManager.deadline_timer.debug_state_dump - 30 total (1 active), CPU time: mean = 360.707 us, total = 10.821 ms
[state-dump] 	NodeManager.deadline_timer.record_metrics - 20 total (1 active), CPU time: mean = 183.160 us, total = 3.663 ms
[state-dump] 	ObjectManager.ObjectDeleted - 19 total (0 active), CPU time: mean = 11.208 us, total = 212.953 us
[state-dump] 	ObjectManager.ObjectAdded - 19 total (0 active), CPU time: mean = 22.134 us, total = 420.540 us
[state-dump] 	NodeManagerService.grpc_server.GetSystemConfig - 18 total (0 active), CPU time: mean = 34.279 us, total = 617.027 us
[state-dump] 	ClientConnection.async_write.DoAsyncWrites - 18 total (0 active), CPU time: mean = 435.056 ns, total = 7.831 us
[state-dump] 	NodeManagerService.grpc_server.RequestWorkerLease - 17 total (0 active), CPU time: mean = 1.227 ms, total = 20.867 ms
[state-dump] 	CoreWorkerService.grpc_client.DirectActorCallArgWaitComplete - 16 total (0 active), CPU time: mean = 8.380 us, total = 134.072 us
[state-dump] 	CoreWorkerService.grpc_client.PubsubCommandBatch - 8 total (0 active), CPU time: mean = 58.221 us, total = 465.766 us
[state-dump] 	PeriodicalRunner.RunFnPeriodically - 8 total (0 active), CPU time: mean = 273.916 us, total = 2.191 ms
[state-dump] 	CoreWorkerService.grpc_client.PubsubLongPolling - 7 total (1 active), CPU time: mean = 145.450 us, total = 1.018 ms
[state-dump] 	NodeManager.deadline_timer.print_event_loop_stats - 5 total (1 active, 1 running), CPU time: mean = 422.211 us, total = 2.111 ms
[state-dump] 	InternalPubSubGcsService.grpc_client.GcsSubscriberPoll - 2 total (1 active), CPU time: mean = 29.965 us, total = 59.929 us
[state-dump] 	Subscriber.HandlePublishedMessage_WORKER_OBJECT_LOCATIONS_CHANNEL - 2 total (0 active), CPU time: mean = 24.247 us, total = 48.493 us
[state-dump] 	InternalPubSubGcsService.grpc_client.GcsSubscriberCommandBatch - 2 total (0 active), CPU time: mean = 59.350 us, total = 118.700 us
[state-dump] 	CoreWorkerService.grpc_client.UpdateObjectLocationBatch - 2 total (0 active), CPU time: mean = 18.242 us, total = 36.484 us
[state-dump] 	NodeInfoGcsService.grpc_client.GetAllNodeInfo - 1 total (0 active), CPU time: mean = 28.066 us, total = 28.066 us
[state-dump] 	NodeInfoGcsService.grpc_client.GetInternalConfig - 1 total (0 active), CPU time: mean = 33.796 ms, total = 33.796 ms
[state-dump] 	Subscriber.HandlePublishedMessage_GCS_JOB_CHANNEL - 1 total (0 active), CPU time: mean = 47.159 us, total = 47.159 us
[state-dump] 	JobInfoGcsService.grpc_client.GetAllJobInfo - 1 total (0 active), CPU time: mean = 343.023 us, total = 343.023 us
[state-dump] 	NodeInfoGcsService.grpc_client.RegisterNode - 1 total (0 active), CPU time: mean = 203.359 us, total = 203.359 us
[state-dump] 	AgentManagerService.grpc_server.RegisterAgent - 1 total (0 active), CPU time: mean = 194.419 us, total = 194.419 us
[state-dump] 	Subscriber.HandlePublishedMessage_WORKER_OBJECT_EVICTION - 1 total (0 active), CPU time: mean = 66.553 us, total = 66.553 us
[state-dump] 	JobInfoGcsService.grpc_client.AddJob - 1 total (0 active), CPU time: mean = 23.962 us, total = 23.962 us
[state-dump] 	NodeManagerService.grpc_server.PinObjectIDs - 1 total (0 active), CPU time: mean = 169.418 us, total = 169.418 us
[state-dump] DebugString() time ms: 0
[state-dump] 
[state-dump] 
[2026-01-30 14:08:31,362 I 3413275 3413375] (raylet) store.cc:551: ========== Plasma store: =================
Current usage: 0 / 200 GB
- num bytes created total: 7953630
0 pending objects of total size 0MB
- objects spillable: 0
- bytes spillable: 0
- objects unsealed: 0
- bytes unsealed: 0
- objects in use: 0
- bytes in use: 0
- objects evictable: 0
- bytes evictable: 0

- objects created by worker: 0
- bytes created by worker: 0
- objects restored: 0
- bytes restored: 0
- objects received: 0
- bytes received: 0
- objects errored: 0
- bytes errored: 0

[2026-01-30 14:08:31,384 I 3413275 3413275] (raylet) node_manager.cc:540: [state-dump] Event stats:
[state-dump] 
[state-dump] 
[state-dump] Global stats: 23248 total (28 active)
[state-dump] Queueing time: mean = 31.536 ms, max = 41.724 s, min = -0.000 s, total = 733.145 s
[state-dump] Execution time:  mean = 22.539 us, total = 523.989 ms
[state-dump] Event stats:
[state-dump] 	NodeManagerService.grpc_server.ReportWorkerBacklog - 5486 total (0 active), CPU time: mean = 26.216 us, total = 143.822 ms
[state-dump] 	UNKNOWN - 3961 total (3 active), CPU time: mean = 1.637 us, total = 6.485 ms
[state-dump] 	ObjectManager.UpdateAvailableMemory - 3599 total (0 active), CPU time: mean = 557.575 ns, total = 2.007 ms
[state-dump] 	NodeManagerService.grpc_server.RequestResourceReport - 3571 total (0 active), CPU time: mean = 34.819 us, total = 124.338 ms
[state-dump] 	NodeManagerService.grpc_server.UpdateResourceUsage - 3570 total (0 active), CPU time: mean = 33.599 us, total = 119.947 ms
[state-dump] 	RayletWorkerPool.deadline_timer.kill_idle_workers - 1800 total (1 active), CPU time: mean = 4.545 us, total = 8.181 ms
[state-dump] 	NodeManagerService.grpc_server.GetResourceLoad - 360 total (0 active), CPU time: mean = 32.890 us, total = 11.840 ms
[state-dump] 	NodeManager.deadline_timer.flush_free_objects - 360 total (1 active), CPU time: mean = 2.418 us, total = 870.575 us
[state-dump] 	ClientConnection.async_read.ReadBufferAsync - 328 total (18 active), CPU time: mean = 77.030 us, total = 25.266 ms
[state-dump] 	NodeManager.deadline_timer.debug_state_dump - 36 total (1 active), CPU time: mean = 363.073 us, total = 13.071 ms
[state-dump] 	NodeManager.deadline_timer.record_metrics - 24 total (1 active), CPU time: mean = 184.999 us, total = 4.440 ms
[state-dump] 	ObjectManager.ObjectDeleted - 19 total (0 active), CPU time: mean = 11.208 us, total = 212.953 us
[state-dump] 	ObjectManager.ObjectAdded - 19 total (0 active), CPU time: mean = 22.134 us, total = 420.540 us
[state-dump] 	NodeManagerService.grpc_server.GetSystemConfig - 18 total (0 active), CPU time: mean = 34.279 us, total = 617.027 us
[state-dump] 	ClientConnection.async_write.DoAsyncWrites - 18 total (0 active), CPU time: mean = 435.056 ns, total = 7.831 us
[state-dump] 	NodeManagerService.grpc_server.RequestWorkerLease - 17 total (0 active), CPU time: mean = 1.227 ms, total = 20.867 ms
[state-dump] 	CoreWorkerService.grpc_client.DirectActorCallArgWaitComplete - 16 total (0 active), CPU time: mean = 8.380 us, total = 134.072 us
[state-dump] 	CoreWorkerService.grpc_client.PubsubCommandBatch - 8 total (0 active), CPU time: mean = 58.221 us, total = 465.766 us
[state-dump] 	PeriodicalRunner.RunFnPeriodically - 8 total (0 active), CPU time: mean = 273.916 us, total = 2.191 ms
[state-dump] 	CoreWorkerService.grpc_client.PubsubLongPolling - 7 total (1 active), CPU time: mean = 145.450 us, total = 1.018 ms
[state-dump] 	NodeManager.deadline_timer.print_event_loop_stats - 6 total (1 active, 1 running), CPU time: mean = 442.124 us, total = 2.653 ms
[state-dump] 	InternalPubSubGcsService.grpc_client.GcsSubscriberPoll - 2 total (1 active), CPU time: mean = 29.965 us, total = 59.929 us
[state-dump] 	Subscriber.HandlePublishedMessage_WORKER_OBJECT_LOCATIONS_CHANNEL - 2 total (0 active), CPU time: mean = 24.247 us, total = 48.493 us
[state-dump] 	InternalPubSubGcsService.grpc_client.GcsSubscriberCommandBatch - 2 total (0 active), CPU time: mean = 59.350 us, total = 118.700 us
[state-dump] 	CoreWorkerService.grpc_client.UpdateObjectLocationBatch - 2 total (0 active), CPU time: mean = 18.242 us, total = 36.484 us
[state-dump] 	NodeInfoGcsService.grpc_client.GetAllNodeInfo - 1 total (0 active), CPU time: mean = 28.066 us, total = 28.066 us
[state-dump] 	NodeInfoGcsService.grpc_client.GetInternalConfig - 1 total (0 active), CPU time: mean = 33.796 ms, total = 33.796 ms
[state-dump] 	Subscriber.HandlePublishedMessage_GCS_JOB_CHANNEL - 1 total (0 active), CPU time: mean = 47.159 us, total = 47.159 us
[state-dump] 	JobInfoGcsService.grpc_client.GetAllJobInfo - 1 total (0 active), CPU time: mean = 343.023 us, total = 343.023 us
[state-dump] 	NodeInfoGcsService.grpc_client.RegisterNode - 1 total (0 active), CPU time: mean = 203.359 us, total = 203.359 us
[state-dump] 	AgentManagerService.grpc_server.RegisterAgent - 1 total (0 active), CPU time: mean = 194.419 us, total = 194.419 us
[state-dump] 	Subscriber.HandlePublishedMessage_WORKER_OBJECT_EVICTION - 1 total (0 active), CPU time: mean = 66.553 us, total = 66.553 us
[state-dump] 	JobInfoGcsService.grpc_client.AddJob - 1 total (0 active), CPU time: mean = 23.962 us, total = 23.962 us
[state-dump] 	NodeManagerService.grpc_server.PinObjectIDs - 1 total (0 active), CPU time: mean = 169.418 us, total = 169.418 us
[state-dump] 
[state-dump] NodeManager:
[state-dump] Node ID: 435ff685d8e66afce15860cd5b4687480235848d386ffa5d5547bd3d
[state-dump] Node name: 10.137.21.59
[state-dump] InitialConfigResources: {memory: 8135216732160000, GPU: 20000, node:10.137.21.59: 10000, CPU: 170000, object_store_memory: 2000000000000000, accelerator_type:H100: 10000}
[state-dump] ClusterTaskManager:
[state-dump] ========== Node: 435ff685d8e66afce15860cd5b4687480235848d386ffa5d5547bd3d =================
[state-dump] Infeasible queue length: 1
[state-dump] Schedule queue length: 0
[state-dump] Dispatch queue length: 0
[state-dump] num_waiting_for_resource: 0
[state-dump] num_waiting_for_plasma_memory: 0
[state-dump] num_waiting_for_remote_node_resources: 0
[state-dump] num_worker_not_started_by_job_config_not_exist: 0
[state-dump] num_worker_not_started_by_registration_timeout: 0
[state-dump] num_tasks_waiting_for_workers: 0
[state-dump] num_cancelled_tasks: 0
[state-dump] cluster_resource_scheduler state: 
[state-dump] Local id: -8058881002343059789 Local resources: {node:10.137.21.59: [10000]/[10000], CPU: [10000]/[170000], object_store_memory: [2000000000000000]/[2000000000000000], memory: [8135216732160000]/[8135216732160000], GPU: [10000, 10000]/[10000, 10000], accelerator_type:H100: [10000]/[10000]}node id: -8058881002343059789{node:10.137.21.59: 10000/10000, CPU: 10000/170000, object_store_memory: 2000000000000000/2000000000000000, memory: 8135216732160000/8135216732160000, GPU: 20000/20000, accelerator_type:H100: 10000/10000}{ "placment group locations": [], "node to bundles": []}
[state-dump] Waiting tasks size: 0
[state-dump] Number of executing tasks: 0
[state-dump] Number of pinned task arguments: 0
[state-dump] Number of total spilled tasks: 0
[state-dump] Number of spilled waiting tasks: 0
[state-dump] Number of spilled unschedulable tasks: 0
[state-dump] Resource usage {
[state-dump]     - (language=PYTHON actor_or_task=RolloutWorker.__init__ pid=3414093): {CPU: 1.000000}
[state-dump]     - (language=PYTHON actor_or_task=RolloutWorker.__init__ pid=3414092): {CPU: 1.000000}
[state-dump]     - (language=PYTHON actor_or_task=RolloutWorker.__init__ pid=3414084): {CPU: 1.000000}
[state-dump]     - (language=PYTHON actor_or_task=RolloutWorker.__init__ pid=3414091): {CPU: 1.000000}
[state-dump]     - (language=PYTHON actor_or_task=RolloutWorker.__init__ pid=3414089): {CPU: 1.000000}
[state-dump]     - (language=PYTHON actor_or_task=RolloutWorker.__init__ pid=3414085): {CPU: 1.000000}
[state-dump]     - (language=PYTHON actor_or_task=RolloutWorker.__init__ pid=3414094): {CPU: 1.000000}
[state-dump]     - (language=PYTHON actor_or_task=RolloutWorker.__init__ pid=3414083): {CPU: 1.000000}
[state-dump]     - (language=PYTHON actor_or_task=RolloutWorker.__init__ pid=3414088): {CPU: 1.000000}
[state-dump]     - (language=PYTHON actor_or_task=RolloutWorker.__init__ pid=3414080): {CPU: 1.000000}
[state-dump]     - (language=PYTHON actor_or_task=RolloutWorker.__init__ pid=3414095): {CPU: 1.000000}
[state-dump]     - (language=PYTHON actor_or_task=RolloutWorker.__init__ pid=3414081): {CPU: 1.000000}
[state-dump]     - (language=PYTHON actor_or_task=RolloutWorker.__init__ pid=3414082): {CPU: 1.000000}
[state-dump]     - (language=PYTHON actor_or_task=RolloutWorker.__init__ pid=3414087): {CPU: 1.000000}
[state-dump]     - (language=PYTHON actor_or_task=RolloutWorker.__init__ pid=3414086): {CPU: 1.000000}
[state-dump]     - (language=PYTHON actor_or_task=RolloutWorker.__init__ pid=3414090): {CPU: 1.000000}
[state-dump] }
[state-dump] Running tasks by scheduling class:
[state-dump] ==================================================
[state-dump] 
[state-dump] ClusterResources:
[state-dump] LocalObjectManager:
[state-dump] - num pinned objects: 0
[state-dump] - pinned objects size: 0
[state-dump] - num objects pending restore: 0
[state-dump] - num objects pending spill: 0
[state-dump] - num bytes pending spill: 0
[state-dump] - num bytes currently spilled: 0
[state-dump] - cumulative spill requests: 0
[state-dump] - cumulative restore requests: 0
[state-dump] - spilled objects pending delete: 0
[state-dump] 
[state-dump] ObjectManager:
[state-dump] - num local objects: 0
[state-dump] - num unfulfilled push requests: 0
[state-dump] - num object pull requests: 0
[state-dump] - num chunks received total: 0
[state-dump] - num chunks received failed (all): 0
[state-dump] - num chunks received failed / cancelled: 0
[state-dump] - num chunks received failed / plasma error: 0
[state-dump] Event stats:
[state-dump] Global stats: 1 total (0 active)
[state-dump] Queueing time: mean = 25.771 us, max = 25.771 us, min = 25.771 us, total = 25.771 us
[state-dump] Execution time:  mean = 5.425 us, total = 5.425 us
[state-dump] Event stats:
[state-dump] 	ObjectManager.FreeObjects - 1 total (0 active), CPU time: mean = 5.425 us, total = 5.425 us
[state-dump] PushManager:
[state-dump] - num pushes in flight: 0
[state-dump] - num chunks in flight: 0
[state-dump] - num chunks remaining: 0
[state-dump] - max chunks allowed: 409
[state-dump] OwnershipBasedObjectDirectory:
[state-dump] - num listeners: 0
[state-dump] - cumulative location updates: 2
[state-dump] - num location updates per second: 0.000
[state-dump] - num location lookups per second: 0.000
[state-dump] - num locations added per second: 0.000
[state-dump] - num locations removed per second: 0.000
[state-dump] BufferPool:
[state-dump] - create buffer state map size: 0
[state-dump] PullManager:
[state-dump] - num bytes available for pulled objects: 200000000000
[state-dump] - num bytes being pulled (all): 0
[state-dump] - num bytes being pulled / pinned: 0
[state-dump] - get request bundles: BundlePullRequestQueue{0 total, 0 active, 0 inactive, 0 unpullable}
[state-dump] - wait request bundles: BundlePullRequestQueue{0 total, 0 active, 0 inactive, 0 unpullable}
[state-dump] - task request bundles: BundlePullRequestQueue{0 total, 0 active, 0 inactive, 0 unpullable}
[state-dump] - first get request bundle: N/A
[state-dump] - first wait request bundle: N/A
[state-dump] - first task request bundle: N/A
[state-dump] - num objects queued: 0
[state-dump] - num objects actively pulled (all): 0
[state-dump] - num objects actively pulled / pinned: 0
[state-dump] - num bundles being pulled: 0
[state-dump] - num pull retries: 0
[state-dump] - max timeout seconds: 0
[state-dump] - max timeout request is already processed. No entry.
[state-dump] 
[state-dump] WorkerPool:
[state-dump] - registered jobs: 1
[state-dump] - process_failed_job_config_missing: 0
[state-dump] - process_failed_rate_limited: 0
[state-dump] - process_failed_pending_registration: 0
[state-dump] - process_failed_runtime_env_setup_failed: 0
[state-dump] - num JAVA workers: 0
[state-dump] - num JAVA drivers: 0
[state-dump] - num object spill callbacks queued: 0
[state-dump] - num object restore queued: 0
[state-dump] - num util functions queued: 0
[state-dump] - num PYTHON workers: 17
[state-dump] - num PYTHON drivers: 1
[state-dump] - num object spill callbacks queued: 0
[state-dump] - num object restore queued: 0
[state-dump] - num util functions queued: 0
[state-dump] - num idle workers: 1
[state-dump] TaskDependencyManager:
[state-dump] - task deps map size: 0
[state-dump] - get req map size: 0
[state-dump] - wait req map size: 0
[state-dump] - local objects map size: 0
[state-dump] WaitManager:
[state-dump] - num active wait requests: 0
[state-dump] Subscriber:
[state-dump] Channel WORKER_REF_REMOVED_CHANNEL
[state-dump] - cumulative subscribe requests: 0
[state-dump] - cumulative unsubscribe requests: 0
[state-dump] - active subscribed publishers: 0
[state-dump] - cumulative published messages: 0
[state-dump] - cumulative processed messages: 0
[state-dump] Channel WORKER_OBJECT_EVICTION
[state-dump] - cumulative subscribe requests: 1
[state-dump] - cumulative unsubscribe requests: 1
[state-dump] - active subscribed publishers: 0
[state-dump] - cumulative published messages: 1
[state-dump] - cumulative processed messages: 1
[state-dump] Channel WORKER_OBJECT_LOCATIONS_CHANNEL
[state-dump] - cumulative subscribe requests: 5
[state-dump] - cumulative unsubscribe requests: 5
[state-dump] - active subscribed publishers: 0
[state-dump] - cumulative published messages: 2
[state-dump] - cumulative processed messages: 2
[state-dump] num async plasma notifications: 0
[state-dump] Remote node managers: 
[state-dump] Event stats:
[state-dump] Global stats: 23248 total (28 active)
[state-dump] Queueing time: mean = 31.536 ms, max = 41.724 s, min = -0.000 s, total = 733.145 s
[state-dump] Execution time:  mean = 22.539 us, total = 523.989 ms
[state-dump] Event stats:
[state-dump] 	NodeManagerService.grpc_server.ReportWorkerBacklog - 5486 total (0 active), CPU time: mean = 26.216 us, total = 143.822 ms
[state-dump] 	UNKNOWN - 3961 total (3 active), CPU time: mean = 1.637 us, total = 6.485 ms
[state-dump] 	ObjectManager.UpdateAvailableMemory - 3599 total (0 active), CPU time: mean = 557.575 ns, total = 2.007 ms
[state-dump] 	NodeManagerService.grpc_server.RequestResourceReport - 3571 total (0 active), CPU time: mean = 34.819 us, total = 124.338 ms
[state-dump] 	NodeManagerService.grpc_server.UpdateResourceUsage - 3570 total (0 active), CPU time: mean = 33.599 us, total = 119.947 ms
[state-dump] 	RayletWorkerPool.deadline_timer.kill_idle_workers - 1800 total (1 active), CPU time: mean = 4.545 us, total = 8.181 ms
[state-dump] 	NodeManagerService.grpc_server.GetResourceLoad - 360 total (0 active), CPU time: mean = 32.890 us, total = 11.840 ms
[state-dump] 	NodeManager.deadline_timer.flush_free_objects - 360 total (1 active), CPU time: mean = 2.418 us, total = 870.575 us
[state-dump] 	ClientConnection.async_read.ReadBufferAsync - 328 total (18 active), CPU time: mean = 77.030 us, total = 25.266 ms
[state-dump] 	NodeManager.deadline_timer.debug_state_dump - 36 total (1 active), CPU time: mean = 363.073 us, total = 13.071 ms
[state-dump] 	NodeManager.deadline_timer.record_metrics - 24 total (1 active), CPU time: mean = 184.999 us, total = 4.440 ms
[state-dump] 	ObjectManager.ObjectDeleted - 19 total (0 active), CPU time: mean = 11.208 us, total = 212.953 us
[state-dump] 	ObjectManager.ObjectAdded - 19 total (0 active), CPU time: mean = 22.134 us, total = 420.540 us
[state-dump] 	NodeManagerService.grpc_server.GetSystemConfig - 18 total (0 active), CPU time: mean = 34.279 us, total = 617.027 us
[state-dump] 	ClientConnection.async_write.DoAsyncWrites - 18 total (0 active), CPU time: mean = 435.056 ns, total = 7.831 us
[state-dump] 	NodeManagerService.grpc_server.RequestWorkerLease - 17 total (0 active), CPU time: mean = 1.227 ms, total = 20.867 ms
[state-dump] 	CoreWorkerService.grpc_client.DirectActorCallArgWaitComplete - 16 total (0 active), CPU time: mean = 8.380 us, total = 134.072 us
[state-dump] 	CoreWorkerService.grpc_client.PubsubCommandBatch - 8 total (0 active), CPU time: mean = 58.221 us, total = 465.766 us
[state-dump] 	PeriodicalRunner.RunFnPeriodically - 8 total (0 active), CPU time: mean = 273.916 us, total = 2.191 ms
[state-dump] 	CoreWorkerService.grpc_client.PubsubLongPolling - 7 total (1 active), CPU time: mean = 145.450 us, total = 1.018 ms
[state-dump] 	NodeManager.deadline_timer.print_event_loop_stats - 6 total (1 active, 1 running), CPU time: mean = 442.124 us, total = 2.653 ms
[state-dump] 	InternalPubSubGcsService.grpc_client.GcsSubscriberPoll - 2 total (1 active), CPU time: mean = 29.965 us, total = 59.929 us
[state-dump] 	Subscriber.HandlePublishedMessage_WORKER_OBJECT_LOCATIONS_CHANNEL - 2 total (0 active), CPU time: mean = 24.247 us, total = 48.493 us
[state-dump] 	InternalPubSubGcsService.grpc_client.GcsSubscriberCommandBatch - 2 total (0 active), CPU time: mean = 59.350 us, total = 118.700 us
[state-dump] 	CoreWorkerService.grpc_client.UpdateObjectLocationBatch - 2 total (0 active), CPU time: mean = 18.242 us, total = 36.484 us
[state-dump] 	NodeInfoGcsService.grpc_client.GetAllNodeInfo - 1 total (0 active), CPU time: mean = 28.066 us, total = 28.066 us
[state-dump] 	NodeInfoGcsService.grpc_client.GetInternalConfig - 1 total (0 active), CPU time: mean = 33.796 ms, total = 33.796 ms
[state-dump] 	Subscriber.HandlePublishedMessage_GCS_JOB_CHANNEL - 1 total (0 active), CPU time: mean = 47.159 us, total = 47.159 us
[state-dump] 	JobInfoGcsService.grpc_client.GetAllJobInfo - 1 total (0 active), CPU time: mean = 343.023 us, total = 343.023 us
[state-dump] 	NodeInfoGcsService.grpc_client.RegisterNode - 1 total (0 active), CPU time: mean = 203.359 us, total = 203.359 us
[state-dump] 	AgentManagerService.grpc_server.RegisterAgent - 1 total (0 active), CPU time: mean = 194.419 us, total = 194.419 us
[state-dump] 	Subscriber.HandlePublishedMessage_WORKER_OBJECT_EVICTION - 1 total (0 active), CPU time: mean = 66.553 us, total = 66.553 us
[state-dump] 	JobInfoGcsService.grpc_client.AddJob - 1 total (0 active), CPU time: mean = 23.962 us, total = 23.962 us
[state-dump] 	NodeManagerService.grpc_server.PinObjectIDs - 1 total (0 active), CPU time: mean = 169.418 us, total = 169.418 us
[state-dump] DebugString() time ms: 0
[state-dump] 
[state-dump] 
[2026-01-30 14:09:31,362 I 3413275 3413375] (raylet) store.cc:551: ========== Plasma store: =================
Current usage: 0 / 200 GB
- num bytes created total: 7953630
0 pending objects of total size 0MB
- objects spillable: 0
- bytes spillable: 0
- objects unsealed: 0
- bytes unsealed: 0
- objects in use: 0
- bytes in use: 0
- objects evictable: 0
- bytes evictable: 0

- objects created by worker: 0
- bytes created by worker: 0
- objects restored: 0
- bytes restored: 0
- objects received: 0
- bytes received: 0
- objects errored: 0
- bytes errored: 0

[2026-01-30 14:09:31,385 I 3413275 3413275] (raylet) node_manager.cc:540: [state-dump] Event stats:
[state-dump] 
[state-dump] 
[state-dump] Global stats: 27212 total (28 active)
[state-dump] Queueing time: mean = 26.943 ms, max = 41.724 s, min = -0.000 s, total = 733.186 s
[state-dump] Execution time:  mean = 21.723 us, total = 591.114 ms
[state-dump] Event stats:
[state-dump] 	NodeManagerService.grpc_server.ReportWorkerBacklog - 6566 total (0 active), CPU time: mean = 25.792 us, total = 169.348 ms
[state-dump] 	UNKNOWN - 4621 total (3 active), CPU time: mean = 1.629 us, total = 7.526 ms
[state-dump] 	ObjectManager.UpdateAvailableMemory - 4199 total (0 active), CPU time: mean = 537.551 ns, total = 2.257 ms
[state-dump] 	NodeManagerService.grpc_server.RequestResourceReport - 4167 total (0 active), CPU time: mean = 33.923 us, total = 141.358 ms
[state-dump] 	NodeManagerService.grpc_server.UpdateResourceUsage - 4167 total (0 active), CPU time: mean = 32.707 us, total = 136.290 ms
[state-dump] 	RayletWorkerPool.deadline_timer.kill_idle_workers - 2100 total (1 active), CPU time: mean = 4.525 us, total = 9.503 ms
[state-dump] 	NodeManagerService.grpc_server.GetResourceLoad - 420 total (0 active), CPU time: mean = 32.170 us, total = 13.511 ms
[state-dump] 	NodeManager.deadline_timer.flush_free_objects - 420 total (1 active), CPU time: mean = 2.405 us, total = 1.010 ms
[state-dump] 	ClientConnection.async_read.ReadBufferAsync - 328 total (18 active), CPU time: mean = 77.030 us, total = 25.266 ms
[state-dump] 	NodeManager.deadline_timer.debug_state_dump - 42 total (1 active), CPU time: mean = 368.014 us, total = 15.457 ms
[state-dump] 	NodeManager.deadline_timer.record_metrics - 28 total (1 active), CPU time: mean = 186.194 us, total = 5.213 ms
[state-dump] 	ObjectManager.ObjectDeleted - 19 total (0 active), CPU time: mean = 11.208 us, total = 212.953 us
[state-dump] 	ObjectManager.ObjectAdded - 19 total (0 active), CPU time: mean = 22.134 us, total = 420.540 us
[state-dump] 	NodeManagerService.grpc_server.GetSystemConfig - 18 total (0 active), CPU time: mean = 34.279 us, total = 617.027 us
[state-dump] 	ClientConnection.async_write.DoAsyncWrites - 18 total (0 active), CPU time: mean = 435.056 ns, total = 7.831 us
[state-dump] 	NodeManagerService.grpc_server.RequestWorkerLease - 17 total (0 active), CPU time: mean = 1.227 ms, total = 20.867 ms
[state-dump] 	CoreWorkerService.grpc_client.DirectActorCallArgWaitComplete - 16 total (0 active), CPU time: mean = 8.380 us, total = 134.072 us
[state-dump] 	CoreWorkerService.grpc_client.PubsubCommandBatch - 8 total (0 active), CPU time: mean = 58.221 us, total = 465.766 us
[state-dump] 	PeriodicalRunner.RunFnPeriodically - 8 total (0 active), CPU time: mean = 273.916 us, total = 2.191 ms
[state-dump] 	CoreWorkerService.grpc_client.PubsubLongPolling - 7 total (1 active), CPU time: mean = 145.450 us, total = 1.018 ms
[state-dump] 	NodeManager.deadline_timer.print_event_loop_stats - 7 total (1 active, 1 running), CPU time: mean = 472.116 us, total = 3.305 ms
[state-dump] 	InternalPubSubGcsService.grpc_client.GcsSubscriberPoll - 2 total (1 active), CPU time: mean = 29.965 us, total = 59.929 us
[state-dump] 	Subscriber.HandlePublishedMessage_WORKER_OBJECT_LOCATIONS_CHANNEL - 2 total (0 active), CPU time: mean = 24.247 us, total = 48.493 us
[state-dump] 	InternalPubSubGcsService.grpc_client.GcsSubscriberCommandBatch - 2 total (0 active), CPU time: mean = 59.350 us, total = 118.700 us
[state-dump] 	CoreWorkerService.grpc_client.UpdateObjectLocationBatch - 2 total (0 active), CPU time: mean = 18.242 us, total = 36.484 us
[state-dump] 	NodeInfoGcsService.grpc_client.GetAllNodeInfo - 1 total (0 active), CPU time: mean = 28.066 us, total = 28.066 us
[state-dump] 	NodeInfoGcsService.grpc_client.GetInternalConfig - 1 total (0 active), CPU time: mean = 33.796 ms, total = 33.796 ms
[state-dump] 	Subscriber.HandlePublishedMessage_GCS_JOB_CHANNEL - 1 total (0 active), CPU time: mean = 47.159 us, total = 47.159 us
[state-dump] 	JobInfoGcsService.grpc_client.GetAllJobInfo - 1 total (0 active), CPU time: mean = 343.023 us, total = 343.023 us
[state-dump] 	NodeInfoGcsService.grpc_client.RegisterNode - 1 total (0 active), CPU time: mean = 203.359 us, total = 203.359 us
[state-dump] 	AgentManagerService.grpc_server.RegisterAgent - 1 total (0 active), CPU time: mean = 194.419 us, total = 194.419 us
[state-dump] 	Subscriber.HandlePublishedMessage_WORKER_OBJECT_EVICTION - 1 total (0 active), CPU time: mean = 66.553 us, total = 66.553 us
[state-dump] 	JobInfoGcsService.grpc_client.AddJob - 1 total (0 active), CPU time: mean = 23.962 us, total = 23.962 us
[state-dump] 	NodeManagerService.grpc_server.PinObjectIDs - 1 total (0 active), CPU time: mean = 169.418 us, total = 169.418 us
[state-dump] 
[state-dump] NodeManager:
[state-dump] Node ID: 435ff685d8e66afce15860cd5b4687480235848d386ffa5d5547bd3d
[state-dump] Node name: 10.137.21.59
[state-dump] InitialConfigResources: {memory: 8135216732160000, GPU: 20000, node:10.137.21.59: 10000, CPU: 170000, object_store_memory: 2000000000000000, accelerator_type:H100: 10000}
[state-dump] ClusterTaskManager:
[state-dump] ========== Node: 435ff685d8e66afce15860cd5b4687480235848d386ffa5d5547bd3d =================
[state-dump] Infeasible queue length: 1
[state-dump] Schedule queue length: 0
[state-dump] Dispatch queue length: 0
[state-dump] num_waiting_for_resource: 0
[state-dump] num_waiting_for_plasma_memory: 0
[state-dump] num_waiting_for_remote_node_resources: 0
[state-dump] num_worker_not_started_by_job_config_not_exist: 0
[state-dump] num_worker_not_started_by_registration_timeout: 0
[state-dump] num_tasks_waiting_for_workers: 0
[state-dump] num_cancelled_tasks: 0
[state-dump] cluster_resource_scheduler state: 
[state-dump] Local id: -8058881002343059789 Local resources: {node:10.137.21.59: [10000]/[10000], CPU: [10000]/[170000], object_store_memory: [2000000000000000]/[2000000000000000], memory: [8135216732160000]/[8135216732160000], GPU: [10000, 10000]/[10000, 10000], accelerator_type:H100: [10000]/[10000]}node id: -8058881002343059789{node:10.137.21.59: 10000/10000, CPU: 10000/170000, object_store_memory: 2000000000000000/2000000000000000, memory: 8135216732160000/8135216732160000, GPU: 20000/20000, accelerator_type:H100: 10000/10000}{ "placment group locations": [], "node to bundles": []}
[state-dump] Waiting tasks size: 0
[state-dump] Number of executing tasks: 0
[state-dump] Number of pinned task arguments: 0
[state-dump] Number of total spilled tasks: 0
[state-dump] Number of spilled waiting tasks: 0
[state-dump] Number of spilled unschedulable tasks: 0
[state-dump] Resource usage {
[state-dump]     - (language=PYTHON actor_or_task=RolloutWorker.__init__ pid=3414093): {CPU: 1.000000}
[state-dump]     - (language=PYTHON actor_or_task=RolloutWorker.__init__ pid=3414092): {CPU: 1.000000}
[state-dump]     - (language=PYTHON actor_or_task=RolloutWorker.__init__ pid=3414084): {CPU: 1.000000}
[state-dump]     - (language=PYTHON actor_or_task=RolloutWorker.__init__ pid=3414091): {CPU: 1.000000}
[state-dump]     - (language=PYTHON actor_or_task=RolloutWorker.__init__ pid=3414089): {CPU: 1.000000}
[state-dump]     - (language=PYTHON actor_or_task=RolloutWorker.__init__ pid=3414085): {CPU: 1.000000}
[state-dump]     - (language=PYTHON actor_or_task=RolloutWorker.__init__ pid=3414094): {CPU: 1.000000}
[state-dump]     - (language=PYTHON actor_or_task=RolloutWorker.__init__ pid=3414083): {CPU: 1.000000}
[state-dump]     - (language=PYTHON actor_or_task=RolloutWorker.__init__ pid=3414088): {CPU: 1.000000}
[state-dump]     - (language=PYTHON actor_or_task=RolloutWorker.__init__ pid=3414080): {CPU: 1.000000}
[state-dump]     - (language=PYTHON actor_or_task=RolloutWorker.__init__ pid=3414095): {CPU: 1.000000}
[state-dump]     - (language=PYTHON actor_or_task=RolloutWorker.__init__ pid=3414081): {CPU: 1.000000}
[state-dump]     - (language=PYTHON actor_or_task=RolloutWorker.__init__ pid=3414082): {CPU: 1.000000}
[state-dump]     - (language=PYTHON actor_or_task=RolloutWorker.__init__ pid=3414087): {CPU: 1.000000}
[state-dump]     - (language=PYTHON actor_or_task=RolloutWorker.__init__ pid=3414086): {CPU: 1.000000}
[state-dump]     - (language=PYTHON actor_or_task=RolloutWorker.__init__ pid=3414090): {CPU: 1.000000}
[state-dump] }
[state-dump] Running tasks by scheduling class:
[state-dump] ==================================================
[state-dump] 
[state-dump] ClusterResources:
[state-dump] LocalObjectManager:
[state-dump] - num pinned objects: 0
[state-dump] - pinned objects size: 0
[state-dump] - num objects pending restore: 0
[state-dump] - num objects pending spill: 0
[state-dump] - num bytes pending spill: 0
[state-dump] - num bytes currently spilled: 0
[state-dump] - cumulative spill requests: 0
[state-dump] - cumulative restore requests: 0
[state-dump] - spilled objects pending delete: 0
[state-dump] 
[state-dump] ObjectManager:
[state-dump] - num local objects: 0
[state-dump] - num unfulfilled push requests: 0
[state-dump] - num object pull requests: 0
[state-dump] - num chunks received total: 0
[state-dump] - num chunks received failed (all): 0
[state-dump] - num chunks received failed / cancelled: 0
[state-dump] - num chunks received failed / plasma error: 0
[state-dump] Event stats:
[state-dump] Global stats: 1 total (0 active)
[state-dump] Queueing time: mean = 25.771 us, max = 25.771 us, min = 25.771 us, total = 25.771 us
[state-dump] Execution time:  mean = 5.425 us, total = 5.425 us
[state-dump] Event stats:
[state-dump] 	ObjectManager.FreeObjects - 1 total (0 active), CPU time: mean = 5.425 us, total = 5.425 us
[state-dump] PushManager:
[state-dump] - num pushes in flight: 0
[state-dump] - num chunks in flight: 0
[state-dump] - num chunks remaining: 0
[state-dump] - max chunks allowed: 409
[state-dump] OwnershipBasedObjectDirectory:
[state-dump] - num listeners: 0
[state-dump] - cumulative location updates: 2
[state-dump] - num location updates per second: 0.000
[state-dump] - num location lookups per second: 0.000
[state-dump] - num locations added per second: 0.000
[state-dump] - num locations removed per second: 0.000
[state-dump] BufferPool:
[state-dump] - create buffer state map size: 0
[state-dump] PullManager:
[state-dump] - num bytes available for pulled objects: 200000000000
[state-dump] - num bytes being pulled (all): 0
[state-dump] - num bytes being pulled / pinned: 0
[state-dump] - get request bundles: BundlePullRequestQueue{0 total, 0 active, 0 inactive, 0 unpullable}
[state-dump] - wait request bundles: BundlePullRequestQueue{0 total, 0 active, 0 inactive, 0 unpullable}
[state-dump] - task request bundles: BundlePullRequestQueue{0 total, 0 active, 0 inactive, 0 unpullable}
[state-dump] - first get request bundle: N/A
[state-dump] - first wait request bundle: N/A
[state-dump] - first task request bundle: N/A
[state-dump] - num objects queued: 0
[state-dump] - num objects actively pulled (all): 0
[state-dump] - num objects actively pulled / pinned: 0
[state-dump] - num bundles being pulled: 0
[state-dump] - num pull retries: 0
[state-dump] - max timeout seconds: 0
[state-dump] - max timeout request is already processed. No entry.
[state-dump] 
[state-dump] WorkerPool:
[state-dump] - registered jobs: 1
[state-dump] - process_failed_job_config_missing: 0
[state-dump] - process_failed_rate_limited: 0
[state-dump] - process_failed_pending_registration: 0
[state-dump] - process_failed_runtime_env_setup_failed: 0
[state-dump] - num JAVA workers: 0
[state-dump] - num JAVA drivers: 0
[state-dump] - num object spill callbacks queued: 0
[state-dump] - num object restore queued: 0
[state-dump] - num util functions queued: 0
[state-dump] - num PYTHON workers: 17
[state-dump] - num PYTHON drivers: 1
[state-dump] - num object spill callbacks queued: 0
[state-dump] - num object restore queued: 0
[state-dump] - num util functions queued: 0
[state-dump] - num idle workers: 1
[state-dump] TaskDependencyManager:
[state-dump] - task deps map size: 0
[state-dump] - get req map size: 0
[state-dump] - wait req map size: 0
[state-dump] - local objects map size: 0
[state-dump] WaitManager:
[state-dump] - num active wait requests: 0
[state-dump] Subscriber:
[state-dump] Channel WORKER_REF_REMOVED_CHANNEL
[state-dump] - cumulative subscribe requests: 0
[state-dump] - cumulative unsubscribe requests: 0
[state-dump] - active subscribed publishers: 0
[state-dump] - cumulative published messages: 0
[state-dump] - cumulative processed messages: 0
[state-dump] Channel WORKER_OBJECT_EVICTION
[state-dump] - cumulative subscribe requests: 1
[state-dump] - cumulative unsubscribe requests: 1
[state-dump] - active subscribed publishers: 0
[state-dump] - cumulative published messages: 1
[state-dump] - cumulative processed messages: 1
[state-dump] Channel WORKER_OBJECT_LOCATIONS_CHANNEL
[state-dump] - cumulative subscribe requests: 5
[state-dump] - cumulative unsubscribe requests: 5
[state-dump] - active subscribed publishers: 0
[state-dump] - cumulative published messages: 2
[state-dump] - cumulative processed messages: 2
[state-dump] num async plasma notifications: 0
[state-dump] Remote node managers: 
[state-dump] Event stats:
[state-dump] Global stats: 27212 total (28 active)
[state-dump] Queueing time: mean = 26.943 ms, max = 41.724 s, min = -0.000 s, total = 733.186 s
[state-dump] Execution time:  mean = 21.723 us, total = 591.114 ms
[state-dump] Event stats:
[state-dump] 	NodeManagerService.grpc_server.ReportWorkerBacklog - 6566 total (0 active), CPU time: mean = 25.792 us, total = 169.348 ms
[state-dump] 	UNKNOWN - 4621 total (3 active), CPU time: mean = 1.629 us, total = 7.526 ms
[state-dump] 	ObjectManager.UpdateAvailableMemory - 4199 total (0 active), CPU time: mean = 537.551 ns, total = 2.257 ms
[state-dump] 	NodeManagerService.grpc_server.RequestResourceReport - 4167 total (0 active), CPU time: mean = 33.923 us, total = 141.358 ms
[state-dump] 	NodeManagerService.grpc_server.UpdateResourceUsage - 4167 total (0 active), CPU time: mean = 32.707 us, total = 136.290 ms
[state-dump] 	RayletWorkerPool.deadline_timer.kill_idle_workers - 2100 total (1 active), CPU time: mean = 4.525 us, total = 9.503 ms
[state-dump] 	NodeManagerService.grpc_server.GetResourceLoad - 420 total (0 active), CPU time: mean = 32.170 us, total = 13.511 ms
[state-dump] 	NodeManager.deadline_timer.flush_free_objects - 420 total (1 active), CPU time: mean = 2.405 us, total = 1.010 ms
[state-dump] 	ClientConnection.async_read.ReadBufferAsync - 328 total (18 active), CPU time: mean = 77.030 us, total = 25.266 ms
[state-dump] 	NodeManager.deadline_timer.debug_state_dump - 42 total (1 active), CPU time: mean = 368.014 us, total = 15.457 ms
[state-dump] 	NodeManager.deadline_timer.record_metrics - 28 total (1 active), CPU time: mean = 186.194 us, total = 5.213 ms
[state-dump] 	ObjectManager.ObjectDeleted - 19 total (0 active), CPU time: mean = 11.208 us, total = 212.953 us
[state-dump] 	ObjectManager.ObjectAdded - 19 total (0 active), CPU time: mean = 22.134 us, total = 420.540 us
[state-dump] 	NodeManagerService.grpc_server.GetSystemConfig - 18 total (0 active), CPU time: mean = 34.279 us, total = 617.027 us
[state-dump] 	ClientConnection.async_write.DoAsyncWrites - 18 total (0 active), CPU time: mean = 435.056 ns, total = 7.831 us
[state-dump] 	NodeManagerService.grpc_server.RequestWorkerLease - 17 total (0 active), CPU time: mean = 1.227 ms, total = 20.867 ms
[state-dump] 	CoreWorkerService.grpc_client.DirectActorCallArgWaitComplete - 16 total (0 active), CPU time: mean = 8.380 us, total = 134.072 us
[state-dump] 	CoreWorkerService.grpc_client.PubsubCommandBatch - 8 total (0 active), CPU time: mean = 58.221 us, total = 465.766 us
[state-dump] 	PeriodicalRunner.RunFnPeriodically - 8 total (0 active), CPU time: mean = 273.916 us, total = 2.191 ms
[state-dump] 	CoreWorkerService.grpc_client.PubsubLongPolling - 7 total (1 active), CPU time: mean = 145.450 us, total = 1.018 ms
[state-dump] 	NodeManager.deadline_timer.print_event_loop_stats - 7 total (1 active, 1 running), CPU time: mean = 472.116 us, total = 3.305 ms
[state-dump] 	InternalPubSubGcsService.grpc_client.GcsSubscriberPoll - 2 total (1 active), CPU time: mean = 29.965 us, total = 59.929 us
[state-dump] 	Subscriber.HandlePublishedMessage_WORKER_OBJECT_LOCATIONS_CHANNEL - 2 total (0 active), CPU time: mean = 24.247 us, total = 48.493 us
[state-dump] 	InternalPubSubGcsService.grpc_client.GcsSubscriberCommandBatch - 2 total (0 active), CPU time: mean = 59.350 us, total = 118.700 us
[state-dump] 	CoreWorkerService.grpc_client.UpdateObjectLocationBatch - 2 total (0 active), CPU time: mean = 18.242 us, total = 36.484 us
[state-dump] 	NodeInfoGcsService.grpc_client.GetAllNodeInfo - 1 total (0 active), CPU time: mean = 28.066 us, total = 28.066 us
[state-dump] 	NodeInfoGcsService.grpc_client.GetInternalConfig - 1 total (0 active), CPU time: mean = 33.796 ms, total = 33.796 ms
[state-dump] 	Subscriber.HandlePublishedMessage_GCS_JOB_CHANNEL - 1 total (0 active), CPU time: mean = 47.159 us, total = 47.159 us
[state-dump] 	JobInfoGcsService.grpc_client.GetAllJobInfo - 1 total (0 active), CPU time: mean = 343.023 us, total = 343.023 us
[state-dump] 	NodeInfoGcsService.grpc_client.RegisterNode - 1 total (0 active), CPU time: mean = 203.359 us, total = 203.359 us
[state-dump] 	AgentManagerService.grpc_server.RegisterAgent - 1 total (0 active), CPU time: mean = 194.419 us, total = 194.419 us
[state-dump] 	Subscriber.HandlePublishedMessage_WORKER_OBJECT_EVICTION - 1 total (0 active), CPU time: mean = 66.553 us, total = 66.553 us
[state-dump] 	JobInfoGcsService.grpc_client.AddJob - 1 total (0 active), CPU time: mean = 23.962 us, total = 23.962 us
[state-dump] 	NodeManagerService.grpc_server.PinObjectIDs - 1 total (0 active), CPU time: mean = 169.418 us, total = 169.418 us
[state-dump] DebugString() time ms: 1
[state-dump] 
[state-dump] 
[2026-01-30 14:10:31,362 I 3413275 3413375] (raylet) store.cc:551: ========== Plasma store: =================
Current usage: 0 / 200 GB
- num bytes created total: 7953630
0 pending objects of total size 0MB
- objects spillable: 0
- bytes spillable: 0
- objects unsealed: 0
- bytes unsealed: 0
- objects in use: 0
- bytes in use: 0
- objects evictable: 0
- bytes evictable: 0

- objects created by worker: 0
- bytes created by worker: 0
- objects restored: 0
- bytes restored: 0
- objects received: 0
- bytes received: 0
- objects errored: 0
- bytes errored: 0

[2026-01-30 14:10:31,385 I 3413275 3413275] (raylet) node_manager.cc:540: [state-dump] Event stats:
[state-dump] 
[state-dump] 
[state-dump] Global stats: 31173 total (28 active)
[state-dump] Queueing time: mean = 23.521 ms, max = 41.724 s, min = -0.000 s, total = 733.229 s
[state-dump] Execution time:  mean = 21.333 us, total = 665.011 ms
[state-dump] Event stats:
[state-dump] 	NodeManagerService.grpc_server.ReportWorkerBacklog - 7646 total (0 active), CPU time: mean = 25.810 us, total = 197.344 ms
[state-dump] 	UNKNOWN - 5281 total (3 active), CPU time: mean = 1.639 us, total = 8.658 ms
[state-dump] 	ObjectManager.UpdateAvailableMemory - 4799 total (0 active), CPU time: mean = 524.000 ns, total = 2.515 ms
[state-dump] 	NodeManagerService.grpc_server.RequestResourceReport - 4762 total (0 active), CPU time: mean = 33.701 us, total = 160.483 ms
[state-dump] 	NodeManagerService.grpc_server.UpdateResourceUsage - 4762 total (0 active), CPU time: mean = 32.464 us, total = 154.595 ms
[state-dump] 	RayletWorkerPool.deadline_timer.kill_idle_workers - 2400 total (1 active), CPU time: mean = 4.553 us, total = 10.928 ms
[state-dump] 	NodeManagerService.grpc_server.GetResourceLoad - 480 total (0 active), CPU time: mean = 31.935 us, total = 15.329 ms
[state-dump] 	NodeManager.deadline_timer.flush_free_objects - 480 total (1 active), CPU time: mean = 2.453 us, total = 1.177 ms
[state-dump] 	ClientConnection.async_read.ReadBufferAsync - 328 total (18 active), CPU time: mean = 77.030 us, total = 25.266 ms
[state-dump] 	NodeManager.deadline_timer.debug_state_dump - 48 total (1 active), CPU time: mean = 370.587 us, total = 17.788 ms
[state-dump] 	NodeManager.deadline_timer.record_metrics - 32 total (1 active), CPU time: mean = 187.308 us, total = 5.994 ms
[state-dump] 	ObjectManager.ObjectDeleted - 19 total (0 active), CPU time: mean = 11.208 us, total = 212.953 us
[state-dump] 	ObjectManager.ObjectAdded - 19 total (0 active), CPU time: mean = 22.134 us, total = 420.540 us
[state-dump] 	ClientConnection.async_write.DoAsyncWrites - 18 total (0 active), CPU time: mean = 435.056 ns, total = 7.831 us
[state-dump] 	NodeManagerService.grpc_server.GetSystemConfig - 18 total (0 active), CPU time: mean = 34.279 us, total = 617.027 us
[state-dump] 	NodeManagerService.grpc_server.RequestWorkerLease - 17 total (0 active), CPU time: mean = 1.227 ms, total = 20.867 ms
[state-dump] 	CoreWorkerService.grpc_client.DirectActorCallArgWaitComplete - 16 total (0 active), CPU time: mean = 8.380 us, total = 134.072 us
[state-dump] 	NodeManager.deadline_timer.print_event_loop_stats - 8 total (1 active, 1 running), CPU time: mean = 483.023 us, total = 3.864 ms
[state-dump] 	CoreWorkerService.grpc_client.PubsubCommandBatch - 8 total (0 active), CPU time: mean = 58.221 us, total = 465.766 us
[state-dump] 	PeriodicalRunner.RunFnPeriodically - 8 total (0 active), CPU time: mean = 273.916 us, total = 2.191 ms
[state-dump] 	CoreWorkerService.grpc_client.PubsubLongPolling - 7 total (1 active), CPU time: mean = 145.450 us, total = 1.018 ms
[state-dump] 	InternalPubSubGcsService.grpc_client.GcsSubscriberPoll - 2 total (1 active), CPU time: mean = 29.965 us, total = 59.929 us
[state-dump] 	InternalPubSubGcsService.grpc_client.GcsSubscriberCommandBatch - 2 total (0 active), CPU time: mean = 59.350 us, total = 118.700 us
[state-dump] 	Subscriber.HandlePublishedMessage_WORKER_OBJECT_LOCATIONS_CHANNEL - 2 total (0 active), CPU time: mean = 24.247 us, total = 48.493 us
[state-dump] 	CoreWorkerService.grpc_client.UpdateObjectLocationBatch - 2 total (0 active), CPU time: mean = 18.242 us, total = 36.484 us
[state-dump] 	NodeInfoGcsService.grpc_client.GetAllNodeInfo - 1 total (0 active), CPU time: mean = 28.066 us, total = 28.066 us
[state-dump] 	Subscriber.HandlePublishedMessage_GCS_JOB_CHANNEL - 1 total (0 active), CPU time: mean = 47.159 us, total = 47.159 us
[state-dump] 	NodeInfoGcsService.grpc_client.GetInternalConfig - 1 total (0 active), CPU time: mean = 33.796 ms, total = 33.796 ms
[state-dump] 	JobInfoGcsService.grpc_client.GetAllJobInfo - 1 total (0 active), CPU time: mean = 343.023 us, total = 343.023 us
[state-dump] 	NodeInfoGcsService.grpc_client.RegisterNode - 1 total (0 active), CPU time: mean = 203.359 us, total = 203.359 us
[state-dump] 	AgentManagerService.grpc_server.RegisterAgent - 1 total (0 active), CPU time: mean = 194.419 us, total = 194.419 us
[state-dump] 	Subscriber.HandlePublishedMessage_WORKER_OBJECT_EVICTION - 1 total (0 active), CPU time: mean = 66.553 us, total = 66.553 us
[state-dump] 	JobInfoGcsService.grpc_client.AddJob - 1 total (0 active), CPU time: mean = 23.962 us, total = 23.962 us
[state-dump] 	NodeManagerService.grpc_server.PinObjectIDs - 1 total (0 active), CPU time: mean = 169.418 us, total = 169.418 us
[state-dump] 
[state-dump] NodeManager:
[state-dump] Node ID: 435ff685d8e66afce15860cd5b4687480235848d386ffa5d5547bd3d
[state-dump] Node name: 10.137.21.59
[state-dump] InitialConfigResources: {memory: 8135216732160000, GPU: 20000, node:10.137.21.59: 10000, CPU: 170000, object_store_memory: 2000000000000000, accelerator_type:H100: 10000}
[state-dump] ClusterTaskManager:
[state-dump] ========== Node: 435ff685d8e66afce15860cd5b4687480235848d386ffa5d5547bd3d =================
[state-dump] Infeasible queue length: 1
[state-dump] Schedule queue length: 0
[state-dump] Dispatch queue length: 0
[state-dump] num_waiting_for_resource: 0
[state-dump] num_waiting_for_plasma_memory: 0
[state-dump] num_waiting_for_remote_node_resources: 0
[state-dump] num_worker_not_started_by_job_config_not_exist: 0
[state-dump] num_worker_not_started_by_registration_timeout: 0
[state-dump] num_tasks_waiting_for_workers: 0
[state-dump] num_cancelled_tasks: 0
[state-dump] cluster_resource_scheduler state: 
[state-dump] Local id: -8058881002343059789 Local resources: {node:10.137.21.59: [10000]/[10000], CPU: [10000]/[170000], object_store_memory: [2000000000000000]/[2000000000000000], memory: [8135216732160000]/[8135216732160000], GPU: [10000, 10000]/[10000, 10000], accelerator_type:H100: [10000]/[10000]}node id: -8058881002343059789{node:10.137.21.59: 10000/10000, CPU: 10000/170000, object_store_memory: 2000000000000000/2000000000000000, memory: 8135216732160000/8135216732160000, GPU: 20000/20000, accelerator_type:H100: 10000/10000}{ "placment group locations": [], "node to bundles": []}
[state-dump] Waiting tasks size: 0
[state-dump] Number of executing tasks: 0
[state-dump] Number of pinned task arguments: 0
[state-dump] Number of total spilled tasks: 0
[state-dump] Number of spilled waiting tasks: 0
[state-dump] Number of spilled unschedulable tasks: 0
[state-dump] Resource usage {
[state-dump]     - (language=PYTHON actor_or_task=RolloutWorker.__init__ pid=3414093): {CPU: 1.000000}
[state-dump]     - (language=PYTHON actor_or_task=RolloutWorker.__init__ pid=3414092): {CPU: 1.000000}
[state-dump]     - (language=PYTHON actor_or_task=RolloutWorker.__init__ pid=3414084): {CPU: 1.000000}
[state-dump]     - (language=PYTHON actor_or_task=RolloutWorker.__init__ pid=3414091): {CPU: 1.000000}
[state-dump]     - (language=PYTHON actor_or_task=RolloutWorker.__init__ pid=3414089): {CPU: 1.000000}
[state-dump]     - (language=PYTHON actor_or_task=RolloutWorker.__init__ pid=3414085): {CPU: 1.000000}
[state-dump]     - (language=PYTHON actor_or_task=RolloutWorker.__init__ pid=3414094): {CPU: 1.000000}
[state-dump]     - (language=PYTHON actor_or_task=RolloutWorker.__init__ pid=3414083): {CPU: 1.000000}
[state-dump]     - (language=PYTHON actor_or_task=RolloutWorker.__init__ pid=3414088): {CPU: 1.000000}
[state-dump]     - (language=PYTHON actor_or_task=RolloutWorker.__init__ pid=3414080): {CPU: 1.000000}
[state-dump]     - (language=PYTHON actor_or_task=RolloutWorker.__init__ pid=3414095): {CPU: 1.000000}
[state-dump]     - (language=PYTHON actor_or_task=RolloutWorker.__init__ pid=3414081): {CPU: 1.000000}
[state-dump]     - (language=PYTHON actor_or_task=RolloutWorker.__init__ pid=3414082): {CPU: 1.000000}
[state-dump]     - (language=PYTHON actor_or_task=RolloutWorker.__init__ pid=3414087): {CPU: 1.000000}
[state-dump]     - (language=PYTHON actor_or_task=RolloutWorker.__init__ pid=3414086): {CPU: 1.000000}
[state-dump]     - (language=PYTHON actor_or_task=RolloutWorker.__init__ pid=3414090): {CPU: 1.000000}
[state-dump] }
[state-dump] Running tasks by scheduling class:
[state-dump] ==================================================
[state-dump] 
[state-dump] ClusterResources:
[state-dump] LocalObjectManager:
[state-dump] - num pinned objects: 0
[state-dump] - pinned objects size: 0
[state-dump] - num objects pending restore: 0
[state-dump] - num objects pending spill: 0
[state-dump] - num bytes pending spill: 0
[state-dump] - num bytes currently spilled: 0
[state-dump] - cumulative spill requests: 0
[state-dump] - cumulative restore requests: 0
[state-dump] - spilled objects pending delete: 0
[state-dump] 
[state-dump] ObjectManager:
[state-dump] - num local objects: 0
[state-dump] - num unfulfilled push requests: 0
[state-dump] - num object pull requests: 0
[state-dump] - num chunks received total: 0
[state-dump] - num chunks received failed (all): 0
[state-dump] - num chunks received failed / cancelled: 0
[state-dump] - num chunks received failed / plasma error: 0
[state-dump] Event stats:
[state-dump] Global stats: 1 total (0 active)
[state-dump] Queueing time: mean = 25.771 us, max = 25.771 us, min = 25.771 us, total = 25.771 us
[state-dump] Execution time:  mean = 5.425 us, total = 5.425 us
[state-dump] Event stats:
[state-dump] 	ObjectManager.FreeObjects - 1 total (0 active), CPU time: mean = 5.425 us, total = 5.425 us
[state-dump] PushManager:
[state-dump] - num pushes in flight: 0
[state-dump] - num chunks in flight: 0
[state-dump] - num chunks remaining: 0
[state-dump] - max chunks allowed: 409
[state-dump] OwnershipBasedObjectDirectory:
[state-dump] - num listeners: 0
[state-dump] - cumulative location updates: 2
[state-dump] - num location updates per second: 0.000
[state-dump] - num location lookups per second: 0.000
[state-dump] - num locations added per second: 0.000
[state-dump] - num locations removed per second: 0.000
[state-dump] BufferPool:
[state-dump] - create buffer state map size: 0
[state-dump] PullManager:
[state-dump] - num bytes available for pulled objects: 200000000000
[state-dump] - num bytes being pulled (all): 0
[state-dump] - num bytes being pulled / pinned: 0
[state-dump] - get request bundles: BundlePullRequestQueue{0 total, 0 active, 0 inactive, 0 unpullable}
[state-dump] - wait request bundles: BundlePullRequestQueue{0 total, 0 active, 0 inactive, 0 unpullable}
[state-dump] - task request bundles: BundlePullRequestQueue{0 total, 0 active, 0 inactive, 0 unpullable}
[state-dump] - first get request bundle: N/A
[state-dump] - first wait request bundle: N/A
[state-dump] - first task request bundle: N/A
[state-dump] - num objects queued: 0
[state-dump] - num objects actively pulled (all): 0
[state-dump] - num objects actively pulled / pinned: 0
[state-dump] - num bundles being pulled: 0
[state-dump] - num pull retries: 0
[state-dump] - max timeout seconds: 0
[state-dump] - max timeout request is already processed. No entry.
[state-dump] 
[state-dump] WorkerPool:
[state-dump] - registered jobs: 1
[state-dump] - process_failed_job_config_missing: 0
[state-dump] - process_failed_rate_limited: 0
[state-dump] - process_failed_pending_registration: 0
[state-dump] - process_failed_runtime_env_setup_failed: 0
[state-dump] - num JAVA workers: 0
[state-dump] - num JAVA drivers: 0
[state-dump] - num object spill callbacks queued: 0
[state-dump] - num object restore queued: 0
[state-dump] - num util functions queued: 0
[state-dump] - num PYTHON workers: 17
[state-dump] - num PYTHON drivers: 1
[state-dump] - num object spill callbacks queued: 0
[state-dump] - num object restore queued: 0
[state-dump] - num util functions queued: 0
[state-dump] - num idle workers: 1
[state-dump] TaskDependencyManager:
[state-dump] - task deps map size: 0
[state-dump] - get req map size: 0
[state-dump] - wait req map size: 0
[state-dump] - local objects map size: 0
[state-dump] WaitManager:
[state-dump] - num active wait requests: 0
[state-dump] Subscriber:
[state-dump] Channel WORKER_REF_REMOVED_CHANNEL
[state-dump] - cumulative subscribe requests: 0
[state-dump] - cumulative unsubscribe requests: 0
[state-dump] - active subscribed publishers: 0
[state-dump] - cumulative published messages: 0
[state-dump] - cumulative processed messages: 0
[state-dump] Channel WORKER_OBJECT_EVICTION
[state-dump] - cumulative subscribe requests: 1
[state-dump] - cumulative unsubscribe requests: 1
[state-dump] - active subscribed publishers: 0
[state-dump] - cumulative published messages: 1
[state-dump] - cumulative processed messages: 1
[state-dump] Channel WORKER_OBJECT_LOCATIONS_CHANNEL
[state-dump] - cumulative subscribe requests: 5
[state-dump] - cumulative unsubscribe requests: 5
[state-dump] - active subscribed publishers: 0
[state-dump] - cumulative published messages: 2
[state-dump] - cumulative processed messages: 2
[state-dump] num async plasma notifications: 0
[state-dump] Remote node managers: 
[state-dump] Event stats:
[state-dump] Global stats: 31173 total (28 active)
[state-dump] Queueing time: mean = 23.521 ms, max = 41.724 s, min = -0.000 s, total = 733.229 s
[state-dump] Execution time:  mean = 21.333 us, total = 665.011 ms
[state-dump] Event stats:
[state-dump] 	NodeManagerService.grpc_server.ReportWorkerBacklog - 7646 total (0 active), CPU time: mean = 25.810 us, total = 197.344 ms
[state-dump] 	UNKNOWN - 5281 total (3 active), CPU time: mean = 1.639 us, total = 8.658 ms
[state-dump] 	ObjectManager.UpdateAvailableMemory - 4799 total (0 active), CPU time: mean = 524.000 ns, total = 2.515 ms
[state-dump] 	NodeManagerService.grpc_server.RequestResourceReport - 4762 total (0 active), CPU time: mean = 33.701 us, total = 160.483 ms
[state-dump] 	NodeManagerService.grpc_server.UpdateResourceUsage - 4762 total (0 active), CPU time: mean = 32.464 us, total = 154.595 ms
[state-dump] 	RayletWorkerPool.deadline_timer.kill_idle_workers - 2400 total (1 active), CPU time: mean = 4.553 us, total = 10.928 ms
[state-dump] 	NodeManagerService.grpc_server.GetResourceLoad - 480 total (0 active), CPU time: mean = 31.935 us, total = 15.329 ms
[state-dump] 	NodeManager.deadline_timer.flush_free_objects - 480 total (1 active), CPU time: mean = 2.453 us, total = 1.177 ms
[state-dump] 	ClientConnection.async_read.ReadBufferAsync - 328 total (18 active), CPU time: mean = 77.030 us, total = 25.266 ms
[state-dump] 	NodeManager.deadline_timer.debug_state_dump - 48 total (1 active), CPU time: mean = 370.587 us, total = 17.788 ms
[state-dump] 	NodeManager.deadline_timer.record_metrics - 32 total (1 active), CPU time: mean = 187.308 us, total = 5.994 ms
[state-dump] 	ObjectManager.ObjectDeleted - 19 total (0 active), CPU time: mean = 11.208 us, total = 212.953 us
[state-dump] 	ObjectManager.ObjectAdded - 19 total (0 active), CPU time: mean = 22.134 us, total = 420.540 us
[state-dump] 	ClientConnection.async_write.DoAsyncWrites - 18 total (0 active), CPU time: mean = 435.056 ns, total = 7.831 us
[state-dump] 	NodeManagerService.grpc_server.GetSystemConfig - 18 total (0 active), CPU time: mean = 34.279 us, total = 617.027 us
[state-dump] 	NodeManagerService.grpc_server.RequestWorkerLease - 17 total (0 active), CPU time: mean = 1.227 ms, total = 20.867 ms
[state-dump] 	CoreWorkerService.grpc_client.DirectActorCallArgWaitComplete - 16 total (0 active), CPU time: mean = 8.380 us, total = 134.072 us
[state-dump] 	NodeManager.deadline_timer.print_event_loop_stats - 8 total (1 active, 1 running), CPU time: mean = 483.023 us, total = 3.864 ms
[state-dump] 	CoreWorkerService.grpc_client.PubsubCommandBatch - 8 total (0 active), CPU time: mean = 58.221 us, total = 465.766 us
[state-dump] 	PeriodicalRunner.RunFnPeriodically - 8 total (0 active), CPU time: mean = 273.916 us, total = 2.191 ms
[state-dump] 	CoreWorkerService.grpc_client.PubsubLongPolling - 7 total (1 active), CPU time: mean = 145.450 us, total = 1.018 ms
[state-dump] 	InternalPubSubGcsService.grpc_client.GcsSubscriberPoll - 2 total (1 active), CPU time: mean = 29.965 us, total = 59.929 us
[state-dump] 	InternalPubSubGcsService.grpc_client.GcsSubscriberCommandBatch - 2 total (0 active), CPU time: mean = 59.350 us, total = 118.700 us
[state-dump] 	Subscriber.HandlePublishedMessage_WORKER_OBJECT_LOCATIONS_CHANNEL - 2 total (0 active), CPU time: mean = 24.247 us, total = 48.493 us
[state-dump] 	CoreWorkerService.grpc_client.UpdateObjectLocationBatch - 2 total (0 active), CPU time: mean = 18.242 us, total = 36.484 us
[state-dump] 	NodeInfoGcsService.grpc_client.GetAllNodeInfo - 1 total (0 active), CPU time: mean = 28.066 us, total = 28.066 us
[state-dump] 	Subscriber.HandlePublishedMessage_GCS_JOB_CHANNEL - 1 total (0 active), CPU time: mean = 47.159 us, total = 47.159 us
[state-dump] 	NodeInfoGcsService.grpc_client.GetInternalConfig - 1 total (0 active), CPU time: mean = 33.796 ms, total = 33.796 ms
[state-dump] 	JobInfoGcsService.grpc_client.GetAllJobInfo - 1 total (0 active), CPU time: mean = 343.023 us, total = 343.023 us
[state-dump] 	NodeInfoGcsService.grpc_client.RegisterNode - 1 total (0 active), CPU time: mean = 203.359 us, total = 203.359 us
[state-dump] 	AgentManagerService.grpc_server.RegisterAgent - 1 total (0 active), CPU time: mean = 194.419 us, total = 194.419 us
[state-dump] 	Subscriber.HandlePublishedMessage_WORKER_OBJECT_EVICTION - 1 total (0 active), CPU time: mean = 66.553 us, total = 66.553 us
[state-dump] 	JobInfoGcsService.grpc_client.AddJob - 1 total (0 active), CPU time: mean = 23.962 us, total = 23.962 us
[state-dump] 	NodeManagerService.grpc_server.PinObjectIDs - 1 total (0 active), CPU time: mean = 169.418 us, total = 169.418 us
[state-dump] DebugString() time ms: 0
[state-dump] 
[state-dump] 
[2026-01-30 14:11:31,362 I 3413275 3413375] (raylet) store.cc:551: ========== Plasma store: =================
Current usage: 0 / 200 GB
- num bytes created total: 7953630
0 pending objects of total size 0MB
- objects spillable: 0
- bytes spillable: 0
- objects unsealed: 0
- bytes unsealed: 0
- objects in use: 0
- bytes in use: 0
- objects evictable: 0
- bytes evictable: 0

- objects created by worker: 0
- bytes created by worker: 0
- objects restored: 0
- bytes restored: 0
- objects received: 0
- bytes received: 0
- objects errored: 0
- bytes errored: 0

[2026-01-30 14:11:31,386 I 3413275 3413275] (raylet) node_manager.cc:540: [state-dump] Event stats:
[state-dump] 
[state-dump] 
[state-dump] Global stats: 35134 total (28 active)
[state-dump] Queueing time: mean = 20.871 ms, max = 41.724 s, min = -0.000 s, total = 733.270 s
[state-dump] Execution time:  mean = 20.919 us, total = 734.967 ms
[state-dump] Event stats:
[state-dump] 	NodeManagerService.grpc_server.ReportWorkerBacklog - 8726 total (0 active), CPU time: mean = 25.612 us, total = 223.489 ms
[state-dump] 	UNKNOWN - 5941 total (3 active), CPU time: mean = 1.644 us, total = 9.770 ms
[state-dump] 	ObjectManager.UpdateAvailableMemory - 5399 total (0 active), CPU time: mean = 517.347 ns, total = 2.793 ms
[state-dump] 	NodeManagerService.grpc_server.RequestResourceReport - 5357 total (0 active), CPU time: mean = 33.348 us, total = 178.648 ms
[state-dump] 	NodeManagerService.grpc_server.UpdateResourceUsage - 5357 total (0 active), CPU time: mean = 32.080 us, total = 171.853 ms
[state-dump] 	RayletWorkerPool.deadline_timer.kill_idle_workers - 2700 total (1 active), CPU time: mean = 4.566 us, total = 12.328 ms
[state-dump] 	NodeManagerService.grpc_server.GetResourceLoad - 540 total (0 active), CPU time: mean = 31.733 us, total = 17.136 ms
[state-dump] 	NodeManager.deadline_timer.flush_free_objects - 540 total (1 active), CPU time: mean = 2.441 us, total = 1.318 ms
[state-dump] 	ClientConnection.async_read.ReadBufferAsync - 328 total (18 active), CPU time: mean = 77.030 us, total = 25.266 ms
[state-dump] 	NodeManager.deadline_timer.debug_state_dump - 54 total (1 active), CPU time: mean = 369.939 us, total = 19.977 ms
[state-dump] 	NodeManager.deadline_timer.record_metrics - 36 total (1 active), CPU time: mean = 191.841 us, total = 6.906 ms
[state-dump] 	ObjectManager.ObjectDeleted - 19 total (0 active), CPU time: mean = 11.208 us, total = 212.953 us
[state-dump] 	ObjectManager.ObjectAdded - 19 total (0 active), CPU time: mean = 22.134 us, total = 420.540 us
[state-dump] 	ClientConnection.async_write.DoAsyncWrites - 18 total (0 active), CPU time: mean = 435.056 ns, total = 7.831 us
[state-dump] 	NodeManagerService.grpc_server.GetSystemConfig - 18 total (0 active), CPU time: mean = 34.279 us, total = 617.027 us
[state-dump] 	NodeManagerService.grpc_server.RequestWorkerLease - 17 total (0 active), CPU time: mean = 1.227 ms, total = 20.867 ms
[state-dump] 	CoreWorkerService.grpc_client.DirectActorCallArgWaitComplete - 16 total (0 active), CPU time: mean = 8.380 us, total = 134.072 us
[state-dump] 	NodeManager.deadline_timer.print_event_loop_stats - 9 total (1 active, 1 running), CPU time: mean = 490.416 us, total = 4.414 ms
[state-dump] 	CoreWorkerService.grpc_client.PubsubCommandBatch - 8 total (0 active), CPU time: mean = 58.221 us, total = 465.766 us
[state-dump] 	PeriodicalRunner.RunFnPeriodically - 8 total (0 active), CPU time: mean = 273.916 us, total = 2.191 ms
[state-dump] 	CoreWorkerService.grpc_client.PubsubLongPolling - 7 total (1 active), CPU time: mean = 145.450 us, total = 1.018 ms
[state-dump] 	InternalPubSubGcsService.grpc_client.GcsSubscriberPoll - 2 total (1 active), CPU time: mean = 29.965 us, total = 59.929 us
[state-dump] 	InternalPubSubGcsService.grpc_client.GcsSubscriberCommandBatch - 2 total (0 active), CPU time: mean = 59.350 us, total = 118.700 us
[state-dump] 	Subscriber.HandlePublishedMessage_WORKER_OBJECT_LOCATIONS_CHANNEL - 2 total (0 active), CPU time: mean = 24.247 us, total = 48.493 us
[state-dump] 	CoreWorkerService.grpc_client.UpdateObjectLocationBatch - 2 total (0 active), CPU time: mean = 18.242 us, total = 36.484 us
[state-dump] 	NodeInfoGcsService.grpc_client.GetAllNodeInfo - 1 total (0 active), CPU time: mean = 28.066 us, total = 28.066 us
[state-dump] 	Subscriber.HandlePublishedMessage_GCS_JOB_CHANNEL - 1 total (0 active), CPU time: mean = 47.159 us, total = 47.159 us
[state-dump] 	NodeInfoGcsService.grpc_client.GetInternalConfig - 1 total (0 active), CPU time: mean = 33.796 ms, total = 33.796 ms
[state-dump] 	JobInfoGcsService.grpc_client.GetAllJobInfo - 1 total (0 active), CPU time: mean = 343.023 us, total = 343.023 us
[state-dump] 	NodeInfoGcsService.grpc_client.RegisterNode - 1 total (0 active), CPU time: mean = 203.359 us, total = 203.359 us
[state-dump] 	AgentManagerService.grpc_server.RegisterAgent - 1 total (0 active), CPU time: mean = 194.419 us, total = 194.419 us
[state-dump] 	Subscriber.HandlePublishedMessage_WORKER_OBJECT_EVICTION - 1 total (0 active), CPU time: mean = 66.553 us, total = 66.553 us
[state-dump] 	JobInfoGcsService.grpc_client.AddJob - 1 total (0 active), CPU time: mean = 23.962 us, total = 23.962 us
[state-dump] 	NodeManagerService.grpc_server.PinObjectIDs - 1 total (0 active), CPU time: mean = 169.418 us, total = 169.418 us
[state-dump] 
[state-dump] NodeManager:
[state-dump] Node ID: 435ff685d8e66afce15860cd5b4687480235848d386ffa5d5547bd3d
[state-dump] Node name: 10.137.21.59
[state-dump] InitialConfigResources: {memory: 8135216732160000, GPU: 20000, node:10.137.21.59: 10000, CPU: 170000, object_store_memory: 2000000000000000, accelerator_type:H100: 10000}
[state-dump] ClusterTaskManager:
[state-dump] ========== Node: 435ff685d8e66afce15860cd5b4687480235848d386ffa5d5547bd3d =================
[state-dump] Infeasible queue length: 1
[state-dump] Schedule queue length: 0
[state-dump] Dispatch queue length: 0
[state-dump] num_waiting_for_resource: 0
[state-dump] num_waiting_for_plasma_memory: 0
[state-dump] num_waiting_for_remote_node_resources: 0
[state-dump] num_worker_not_started_by_job_config_not_exist: 0
[state-dump] num_worker_not_started_by_registration_timeout: 0
[state-dump] num_tasks_waiting_for_workers: 0
[state-dump] num_cancelled_tasks: 0
[state-dump] cluster_resource_scheduler state: 
[state-dump] Local id: -8058881002343059789 Local resources: {node:10.137.21.59: [10000]/[10000], CPU: [10000]/[170000], object_store_memory: [2000000000000000]/[2000000000000000], memory: [8135216732160000]/[8135216732160000], GPU: [10000, 10000]/[10000, 10000], accelerator_type:H100: [10000]/[10000]}node id: -8058881002343059789{node:10.137.21.59: 10000/10000, CPU: 10000/170000, object_store_memory: 2000000000000000/2000000000000000, memory: 8135216732160000/8135216732160000, GPU: 20000/20000, accelerator_type:H100: 10000/10000}{ "placment group locations": [], "node to bundles": []}
[state-dump] Waiting tasks size: 0
[state-dump] Number of executing tasks: 0
[state-dump] Number of pinned task arguments: 0
[state-dump] Number of total spilled tasks: 0
[state-dump] Number of spilled waiting tasks: 0
[state-dump] Number of spilled unschedulable tasks: 0
[state-dump] Resource usage {
[state-dump]     - (language=PYTHON actor_or_task=RolloutWorker.__init__ pid=3414093): {CPU: 1.000000}
[state-dump]     - (language=PYTHON actor_or_task=RolloutWorker.__init__ pid=3414092): {CPU: 1.000000}
[state-dump]     - (language=PYTHON actor_or_task=RolloutWorker.__init__ pid=3414084): {CPU: 1.000000}
[state-dump]     - (language=PYTHON actor_or_task=RolloutWorker.__init__ pid=3414091): {CPU: 1.000000}
[state-dump]     - (language=PYTHON actor_or_task=RolloutWorker.__init__ pid=3414089): {CPU: 1.000000}
[state-dump]     - (language=PYTHON actor_or_task=RolloutWorker.__init__ pid=3414085): {CPU: 1.000000}
[state-dump]     - (language=PYTHON actor_or_task=RolloutWorker.__init__ pid=3414094): {CPU: 1.000000}
[state-dump]     - (language=PYTHON actor_or_task=RolloutWorker.__init__ pid=3414083): {CPU: 1.000000}
[state-dump]     - (language=PYTHON actor_or_task=RolloutWorker.__init__ pid=3414088): {CPU: 1.000000}
[state-dump]     - (language=PYTHON actor_or_task=RolloutWorker.__init__ pid=3414080): {CPU: 1.000000}
[state-dump]     - (language=PYTHON actor_or_task=RolloutWorker.__init__ pid=3414095): {CPU: 1.000000}
[state-dump]     - (language=PYTHON actor_or_task=RolloutWorker.__init__ pid=3414081): {CPU: 1.000000}
[state-dump]     - (language=PYTHON actor_or_task=RolloutWorker.__init__ pid=3414082): {CPU: 1.000000}
[state-dump]     - (language=PYTHON actor_or_task=RolloutWorker.__init__ pid=3414087): {CPU: 1.000000}
[state-dump]     - (language=PYTHON actor_or_task=RolloutWorker.__init__ pid=3414086): {CPU: 1.000000}
[state-dump]     - (language=PYTHON actor_or_task=RolloutWorker.__init__ pid=3414090): {CPU: 1.000000}
[state-dump] }
[state-dump] Running tasks by scheduling class:
[state-dump] ==================================================
[state-dump] 
[state-dump] ClusterResources:
[state-dump] LocalObjectManager:
[state-dump] - num pinned objects: 0
[state-dump] - pinned objects size: 0
[state-dump] - num objects pending restore: 0
[state-dump] - num objects pending spill: 0
[state-dump] - num bytes pending spill: 0
[state-dump] - num bytes currently spilled: 0
[state-dump] - cumulative spill requests: 0
[state-dump] - cumulative restore requests: 0
[state-dump] - spilled objects pending delete: 0
[state-dump] 
[state-dump] ObjectManager:
[state-dump] - num local objects: 0
[state-dump] - num unfulfilled push requests: 0
[state-dump] - num object pull requests: 0
[state-dump] - num chunks received total: 0
[state-dump] - num chunks received failed (all): 0
[state-dump] - num chunks received failed / cancelled: 0
[state-dump] - num chunks received failed / plasma error: 0
[state-dump] Event stats:
[state-dump] Global stats: 1 total (0 active)
[state-dump] Queueing time: mean = 25.771 us, max = 25.771 us, min = 25.771 us, total = 25.771 us
[state-dump] Execution time:  mean = 5.425 us, total = 5.425 us
[state-dump] Event stats:
[state-dump] 	ObjectManager.FreeObjects - 1 total (0 active), CPU time: mean = 5.425 us, total = 5.425 us
[state-dump] PushManager:
[state-dump] - num pushes in flight: 0
[state-dump] - num chunks in flight: 0
[state-dump] - num chunks remaining: 0
[state-dump] - max chunks allowed: 409
[state-dump] OwnershipBasedObjectDirectory:
[state-dump] - num listeners: 0
[state-dump] - cumulative location updates: 2
[state-dump] - num location updates per second: 0.000
[state-dump] - num location lookups per second: 0.000
[state-dump] - num locations added per second: 0.000
[state-dump] - num locations removed per second: 0.000
[state-dump] BufferPool:
[state-dump] - create buffer state map size: 0
[state-dump] PullManager:
[state-dump] - num bytes available for pulled objects: 200000000000
[state-dump] - num bytes being pulled (all): 0
[state-dump] - num bytes being pulled / pinned: 0
[state-dump] - get request bundles: BundlePullRequestQueue{0 total, 0 active, 0 inactive, 0 unpullable}
[state-dump] - wait request bundles: BundlePullRequestQueue{0 total, 0 active, 0 inactive, 0 unpullable}
[state-dump] - task request bundles: BundlePullRequestQueue{0 total, 0 active, 0 inactive, 0 unpullable}
[state-dump] - first get request bundle: N/A
[state-dump] - first wait request bundle: N/A
[state-dump] - first task request bundle: N/A
[state-dump] - num objects queued: 0
[state-dump] - num objects actively pulled (all): 0
[state-dump] - num objects actively pulled / pinned: 0
[state-dump] - num bundles being pulled: 0
[state-dump] - num pull retries: 0
[state-dump] - max timeout seconds: 0
[state-dump] - max timeout request is already processed. No entry.
[state-dump] 
[state-dump] WorkerPool:
[state-dump] - registered jobs: 1
[state-dump] - process_failed_job_config_missing: 0
[state-dump] - process_failed_rate_limited: 0
[state-dump] - process_failed_pending_registration: 0
[state-dump] - process_failed_runtime_env_setup_failed: 0
[state-dump] - num JAVA workers: 0
[state-dump] - num JAVA drivers: 0
[state-dump] - num object spill callbacks queued: 0
[state-dump] - num object restore queued: 0
[state-dump] - num util functions queued: 0
[state-dump] - num PYTHON workers: 17
[state-dump] - num PYTHON drivers: 1
[state-dump] - num object spill callbacks queued: 0
[state-dump] - num object restore queued: 0
[state-dump] - num util functions queued: 0
[state-dump] - num idle workers: 1
[state-dump] TaskDependencyManager:
[state-dump] - task deps map size: 0
[state-dump] - get req map size: 0
[state-dump] - wait req map size: 0
[state-dump] - local objects map size: 0
[state-dump] WaitManager:
[state-dump] - num active wait requests: 0
[state-dump] Subscriber:
[state-dump] Channel WORKER_REF_REMOVED_CHANNEL
[state-dump] - cumulative subscribe requests: 0
[state-dump] - cumulative unsubscribe requests: 0
[state-dump] - active subscribed publishers: 0
[state-dump] - cumulative published messages: 0
[state-dump] - cumulative processed messages: 0
[state-dump] Channel WORKER_OBJECT_EVICTION
[state-dump] - cumulative subscribe requests: 1
[state-dump] - cumulative unsubscribe requests: 1
[state-dump] - active subscribed publishers: 0
[state-dump] - cumulative published messages: 1
[state-dump] - cumulative processed messages: 1
[state-dump] Channel WORKER_OBJECT_LOCATIONS_CHANNEL
[state-dump] - cumulative subscribe requests: 5
[state-dump] - cumulative unsubscribe requests: 5
[state-dump] - active subscribed publishers: 0
[state-dump] - cumulative published messages: 2
[state-dump] - cumulative processed messages: 2
[state-dump] num async plasma notifications: 0
[state-dump] Remote node managers: 
[state-dump] Event stats:
[state-dump] Global stats: 35134 total (28 active)
[state-dump] Queueing time: mean = 20.871 ms, max = 41.724 s, min = -0.000 s, total = 733.270 s
[state-dump] Execution time:  mean = 20.919 us, total = 734.967 ms
[state-dump] Event stats:
[state-dump] 	NodeManagerService.grpc_server.ReportWorkerBacklog - 8726 total (0 active), CPU time: mean = 25.612 us, total = 223.489 ms
[state-dump] 	UNKNOWN - 5941 total (3 active), CPU time: mean = 1.644 us, total = 9.770 ms
[state-dump] 	ObjectManager.UpdateAvailableMemory - 5399 total (0 active), CPU time: mean = 517.347 ns, total = 2.793 ms
[state-dump] 	NodeManagerService.grpc_server.RequestResourceReport - 5357 total (0 active), CPU time: mean = 33.348 us, total = 178.648 ms
[state-dump] 	NodeManagerService.grpc_server.UpdateResourceUsage - 5357 total (0 active), CPU time: mean = 32.080 us, total = 171.853 ms
[state-dump] 	RayletWorkerPool.deadline_timer.kill_idle_workers - 2700 total (1 active), CPU time: mean = 4.566 us, total = 12.328 ms
[state-dump] 	NodeManagerService.grpc_server.GetResourceLoad - 540 total (0 active), CPU time: mean = 31.733 us, total = 17.136 ms
[state-dump] 	NodeManager.deadline_timer.flush_free_objects - 540 total (1 active), CPU time: mean = 2.441 us, total = 1.318 ms
[state-dump] 	ClientConnection.async_read.ReadBufferAsync - 328 total (18 active), CPU time: mean = 77.030 us, total = 25.266 ms
[state-dump] 	NodeManager.deadline_timer.debug_state_dump - 54 total (1 active), CPU time: mean = 369.939 us, total = 19.977 ms
[state-dump] 	NodeManager.deadline_timer.record_metrics - 36 total (1 active), CPU time: mean = 191.841 us, total = 6.906 ms
[state-dump] 	ObjectManager.ObjectDeleted - 19 total (0 active), CPU time: mean = 11.208 us, total = 212.953 us
[state-dump] 	ObjectManager.ObjectAdded - 19 total (0 active), CPU time: mean = 22.134 us, total = 420.540 us
[state-dump] 	ClientConnection.async_write.DoAsyncWrites - 18 total (0 active), CPU time: mean = 435.056 ns, total = 7.831 us
[state-dump] 	NodeManagerService.grpc_server.GetSystemConfig - 18 total (0 active), CPU time: mean = 34.279 us, total = 617.027 us
[state-dump] 	NodeManagerService.grpc_server.RequestWorkerLease - 17 total (0 active), CPU time: mean = 1.227 ms, total = 20.867 ms
[state-dump] 	CoreWorkerService.grpc_client.DirectActorCallArgWaitComplete - 16 total (0 active), CPU time: mean = 8.380 us, total = 134.072 us
[state-dump] 	NodeManager.deadline_timer.print_event_loop_stats - 9 total (1 active, 1 running), CPU time: mean = 490.416 us, total = 4.414 ms
[state-dump] 	CoreWorkerService.grpc_client.PubsubCommandBatch - 8 total (0 active), CPU time: mean = 58.221 us, total = 465.766 us
[state-dump] 	PeriodicalRunner.RunFnPeriodically - 8 total (0 active), CPU time: mean = 273.916 us, total = 2.191 ms
[state-dump] 	CoreWorkerService.grpc_client.PubsubLongPolling - 7 total (1 active), CPU time: mean = 145.450 us, total = 1.018 ms
[state-dump] 	InternalPubSubGcsService.grpc_client.GcsSubscriberPoll - 2 total (1 active), CPU time: mean = 29.965 us, total = 59.929 us
[state-dump] 	InternalPubSubGcsService.grpc_client.GcsSubscriberCommandBatch - 2 total (0 active), CPU time: mean = 59.350 us, total = 118.700 us
[state-dump] 	Subscriber.HandlePublishedMessage_WORKER_OBJECT_LOCATIONS_CHANNEL - 2 total (0 active), CPU time: mean = 24.247 us, total = 48.493 us
[state-dump] 	CoreWorkerService.grpc_client.UpdateObjectLocationBatch - 2 total (0 active), CPU time: mean = 18.242 us, total = 36.484 us
[state-dump] 	NodeInfoGcsService.grpc_client.GetAllNodeInfo - 1 total (0 active), CPU time: mean = 28.066 us, total = 28.066 us
[state-dump] 	Subscriber.HandlePublishedMessage_GCS_JOB_CHANNEL - 1 total (0 active), CPU time: mean = 47.159 us, total = 47.159 us
[state-dump] 	NodeInfoGcsService.grpc_client.GetInternalConfig - 1 total (0 active), CPU time: mean = 33.796 ms, total = 33.796 ms
[state-dump] 	JobInfoGcsService.grpc_client.GetAllJobInfo - 1 total (0 active), CPU time: mean = 343.023 us, total = 343.023 us
[state-dump] 	NodeInfoGcsService.grpc_client.RegisterNode - 1 total (0 active), CPU time: mean = 203.359 us, total = 203.359 us
[state-dump] 	AgentManagerService.grpc_server.RegisterAgent - 1 total (0 active), CPU time: mean = 194.419 us, total = 194.419 us
[state-dump] 	Subscriber.HandlePublishedMessage_WORKER_OBJECT_EVICTION - 1 total (0 active), CPU time: mean = 66.553 us, total = 66.553 us
[state-dump] 	JobInfoGcsService.grpc_client.AddJob - 1 total (0 active), CPU time: mean = 23.962 us, total = 23.962 us
[state-dump] 	NodeManagerService.grpc_server.PinObjectIDs - 1 total (0 active), CPU time: mean = 169.418 us, total = 169.418 us
[state-dump] DebugString() time ms: 0
[state-dump] 
[state-dump] 
[2026-01-30 14:12:31,362 I 3413275 3413375] (raylet) store.cc:551: ========== Plasma store: =================
Current usage: 0 / 200 GB
- num bytes created total: 7953630
0 pending objects of total size 0MB
- objects spillable: 0
- bytes spillable: 0
- objects unsealed: 0
- bytes unsealed: 0
- objects in use: 0
- bytes in use: 0
- objects evictable: 0
- bytes evictable: 0

- objects created by worker: 0
- bytes created by worker: 0
- objects restored: 0
- bytes restored: 0
- objects received: 0
- bytes received: 0
- objects errored: 0
- bytes errored: 0

[2026-01-30 14:12:31,387 I 3413275 3413275] (raylet) node_manager.cc:540: [state-dump] Event stats:
[state-dump] 
[state-dump] 
[state-dump] Global stats: 39098 total (28 active)
[state-dump] Queueing time: mean = 18.756 ms, max = 41.724 s, min = -0.000 s, total = 733.311 s
[state-dump] Execution time:  mean = 20.574 us, total = 804.391 ms
[state-dump] Event stats:
[state-dump] 	NodeManagerService.grpc_server.ReportWorkerBacklog - 9806 total (0 active), CPU time: mean = 25.460 us, total = 249.656 ms
[state-dump] 	UNKNOWN - 6601 total (3 active), CPU time: mean = 1.672 us, total = 11.037 ms
[state-dump] 	ObjectManager.UpdateAvailableMemory - 5999 total (0 active), CPU time: mean = 507.811 ns, total = 3.046 ms
[state-dump] 	NodeManagerService.grpc_server.RequestResourceReport - 5953 total (0 active), CPU time: mean = 33.013 us, total = 196.526 ms
[state-dump] 	NodeManagerService.grpc_server.UpdateResourceUsage - 5953 total (0 active), CPU time: mean = 31.708 us, total = 188.760 ms
[state-dump] 	RayletWorkerPool.deadline_timer.kill_idle_workers - 3000 total (1 active), CPU time: mean = 4.602 us, total = 13.805 ms
[state-dump] 	NodeManagerService.grpc_server.GetResourceLoad - 600 total (0 active), CPU time: mean = 31.251 us, total = 18.751 ms
[state-dump] 	NodeManager.deadline_timer.flush_free_objects - 600 total (1 active), CPU time: mean = 2.440 us, total = 1.464 ms
[state-dump] 	ClientConnection.async_read.ReadBufferAsync - 328 total (18 active), CPU time: mean = 77.030 us, total = 25.266 ms
[state-dump] 	NodeManager.deadline_timer.debug_state_dump - 60 total (1 active), CPU time: mean = 371.584 us, total = 22.295 ms
[state-dump] 	NodeManager.deadline_timer.record_metrics - 40 total (1 active), CPU time: mean = 189.635 us, total = 7.585 ms
[state-dump] 	ObjectManager.ObjectDeleted - 19 total (0 active), CPU time: mean = 11.208 us, total = 212.953 us
[state-dump] 	ObjectManager.ObjectAdded - 19 total (0 active), CPU time: mean = 22.134 us, total = 420.540 us
[state-dump] 	ClientConnection.async_write.DoAsyncWrites - 18 total (0 active), CPU time: mean = 435.056 ns, total = 7.831 us
[state-dump] 	NodeManagerService.grpc_server.GetSystemConfig - 18 total (0 active), CPU time: mean = 34.279 us, total = 617.027 us
[state-dump] 	NodeManagerService.grpc_server.RequestWorkerLease - 17 total (0 active), CPU time: mean = 1.227 ms, total = 20.867 ms
[state-dump] 	CoreWorkerService.grpc_client.DirectActorCallArgWaitComplete - 16 total (0 active), CPU time: mean = 8.380 us, total = 134.072 us
[state-dump] 	NodeManager.deadline_timer.print_event_loop_stats - 10 total (1 active, 1 running), CPU time: mean = 506.399 us, total = 5.064 ms
[state-dump] 	CoreWorkerService.grpc_client.PubsubCommandBatch - 8 total (0 active), CPU time: mean = 58.221 us, total = 465.766 us
[state-dump] 	PeriodicalRunner.RunFnPeriodically - 8 total (0 active), CPU time: mean = 273.916 us, total = 2.191 ms
[state-dump] 	CoreWorkerService.grpc_client.PubsubLongPolling - 7 total (1 active), CPU time: mean = 145.450 us, total = 1.018 ms
[state-dump] 	InternalPubSubGcsService.grpc_client.GcsSubscriberPoll - 3 total (1 active), CPU time: mean = 41.759 us, total = 125.278 us
[state-dump] 	InternalPubSubGcsService.grpc_client.GcsSubscriberCommandBatch - 2 total (0 active), CPU time: mean = 59.350 us, total = 118.700 us
[state-dump] 	Subscriber.HandlePublishedMessage_WORKER_OBJECT_LOCATIONS_CHANNEL - 2 total (0 active), CPU time: mean = 24.247 us, total = 48.493 us
[state-dump] 	CoreWorkerService.grpc_client.UpdateObjectLocationBatch - 2 total (0 active), CPU time: mean = 18.242 us, total = 36.484 us
[state-dump] 	NodeInfoGcsService.grpc_client.GetAllNodeInfo - 1 total (0 active), CPU time: mean = 28.066 us, total = 28.066 us
[state-dump] 	Subscriber.HandlePublishedMessage_GCS_JOB_CHANNEL - 1 total (0 active), CPU time: mean = 47.159 us, total = 47.159 us
[state-dump] 	NodeInfoGcsService.grpc_client.GetInternalConfig - 1 total (0 active), CPU time: mean = 33.796 ms, total = 33.796 ms
[state-dump] 	JobInfoGcsService.grpc_client.GetAllJobInfo - 1 total (0 active), CPU time: mean = 343.023 us, total = 343.023 us
[state-dump] 	NodeInfoGcsService.grpc_client.RegisterNode - 1 total (0 active), CPU time: mean = 203.359 us, total = 203.359 us
[state-dump] 	AgentManagerService.grpc_server.RegisterAgent - 1 total (0 active), CPU time: mean = 194.419 us, total = 194.419 us
[state-dump] 	Subscriber.HandlePublishedMessage_WORKER_OBJECT_EVICTION - 1 total (0 active), CPU time: mean = 66.553 us, total = 66.553 us
[state-dump] 	JobInfoGcsService.grpc_client.AddJob - 1 total (0 active), CPU time: mean = 23.962 us, total = 23.962 us
[state-dump] 	NodeManagerService.grpc_server.PinObjectIDs - 1 total (0 active), CPU time: mean = 169.418 us, total = 169.418 us
[state-dump] 
[state-dump] NodeManager:
[state-dump] Node ID: 435ff685d8e66afce15860cd5b4687480235848d386ffa5d5547bd3d
[state-dump] Node name: 10.137.21.59
[state-dump] InitialConfigResources: {memory: 8135216732160000, GPU: 20000, node:10.137.21.59: 10000, CPU: 170000, object_store_memory: 2000000000000000, accelerator_type:H100: 10000}
[state-dump] ClusterTaskManager:
[state-dump] ========== Node: 435ff685d8e66afce15860cd5b4687480235848d386ffa5d5547bd3d =================
[state-dump] Infeasible queue length: 1
[state-dump] Schedule queue length: 0
[state-dump] Dispatch queue length: 0
[state-dump] num_waiting_for_resource: 0
[state-dump] num_waiting_for_plasma_memory: 0
[state-dump] num_waiting_for_remote_node_resources: 0
[state-dump] num_worker_not_started_by_job_config_not_exist: 0
[state-dump] num_worker_not_started_by_registration_timeout: 0
[state-dump] num_tasks_waiting_for_workers: 0
[state-dump] num_cancelled_tasks: 0
[state-dump] cluster_resource_scheduler state: 
[state-dump] Local id: -8058881002343059789 Local resources: {node:10.137.21.59: [10000]/[10000], CPU: [10000]/[170000], object_store_memory: [2000000000000000]/[2000000000000000], memory: [8135216732160000]/[8135216732160000], GPU: [10000, 10000]/[10000, 10000], accelerator_type:H100: [10000]/[10000]}node id: -8058881002343059789{node:10.137.21.59: 10000/10000, CPU: 10000/170000, object_store_memory: 2000000000000000/2000000000000000, memory: 8135216732160000/8135216732160000, GPU: 20000/20000, accelerator_type:H100: 10000/10000}{ "placment group locations": [], "node to bundles": []}
[state-dump] Waiting tasks size: 0
[state-dump] Number of executing tasks: 0
[state-dump] Number of pinned task arguments: 0
[state-dump] Number of total spilled tasks: 0
[state-dump] Number of spilled waiting tasks: 0
[state-dump] Number of spilled unschedulable tasks: 0
[state-dump] Resource usage {
[state-dump]     - (language=PYTHON actor_or_task=RolloutWorker.__init__ pid=3414093): {CPU: 1.000000}
[state-dump]     - (language=PYTHON actor_or_task=RolloutWorker.__init__ pid=3414092): {CPU: 1.000000}
[state-dump]     - (language=PYTHON actor_or_task=RolloutWorker.__init__ pid=3414084): {CPU: 1.000000}
[state-dump]     - (language=PYTHON actor_or_task=RolloutWorker.__init__ pid=3414091): {CPU: 1.000000}
[state-dump]     - (language=PYTHON actor_or_task=RolloutWorker.__init__ pid=3414089): {CPU: 1.000000}
[state-dump]     - (language=PYTHON actor_or_task=RolloutWorker.__init__ pid=3414085): {CPU: 1.000000}
[state-dump]     - (language=PYTHON actor_or_task=RolloutWorker.__init__ pid=3414094): {CPU: 1.000000}
[state-dump]     - (language=PYTHON actor_or_task=RolloutWorker.__init__ pid=3414083): {CPU: 1.000000}
[state-dump]     - (language=PYTHON actor_or_task=RolloutWorker.__init__ pid=3414088): {CPU: 1.000000}
[state-dump]     - (language=PYTHON actor_or_task=RolloutWorker.__init__ pid=3414080): {CPU: 1.000000}
[state-dump]     - (language=PYTHON actor_or_task=RolloutWorker.__init__ pid=3414095): {CPU: 1.000000}
[state-dump]     - (language=PYTHON actor_or_task=RolloutWorker.__init__ pid=3414081): {CPU: 1.000000}
[state-dump]     - (language=PYTHON actor_or_task=RolloutWorker.__init__ pid=3414082): {CPU: 1.000000}
[state-dump]     - (language=PYTHON actor_or_task=RolloutWorker.__init__ pid=3414087): {CPU: 1.000000}
[state-dump]     - (language=PYTHON actor_or_task=RolloutWorker.__init__ pid=3414086): {CPU: 1.000000}
[state-dump]     - (language=PYTHON actor_or_task=RolloutWorker.__init__ pid=3414090): {CPU: 1.000000}
[state-dump] }
[state-dump] Running tasks by scheduling class:
[state-dump] ==================================================
[state-dump] 
[state-dump] ClusterResources:
[state-dump] LocalObjectManager:
[state-dump] - num pinned objects: 0
[state-dump] - pinned objects size: 0
[state-dump] - num objects pending restore: 0
[state-dump] - num objects pending spill: 0
[state-dump] - num bytes pending spill: 0
[state-dump] - num bytes currently spilled: 0
[state-dump] - cumulative spill requests: 0
[state-dump] - cumulative restore requests: 0
[state-dump] - spilled objects pending delete: 0
[state-dump] 
[state-dump] ObjectManager:
[state-dump] - num local objects: 0
[state-dump] - num unfulfilled push requests: 0
[state-dump] - num object pull requests: 0
[state-dump] - num chunks received total: 0
[state-dump] - num chunks received failed (all): 0
[state-dump] - num chunks received failed / cancelled: 0
[state-dump] - num chunks received failed / plasma error: 0
[state-dump] Event stats:
[state-dump] Global stats: 1 total (0 active)
[state-dump] Queueing time: mean = 25.771 us, max = 25.771 us, min = 25.771 us, total = 25.771 us
[state-dump] Execution time:  mean = 5.425 us, total = 5.425 us
[state-dump] Event stats:
[state-dump] 	ObjectManager.FreeObjects - 1 total (0 active), CPU time: mean = 5.425 us, total = 5.425 us
[state-dump] PushManager:
[state-dump] - num pushes in flight: 0
[state-dump] - num chunks in flight: 0
[state-dump] - num chunks remaining: 0
[state-dump] - max chunks allowed: 409
[state-dump] OwnershipBasedObjectDirectory:
[state-dump] - num listeners: 0
[state-dump] - cumulative location updates: 2
[state-dump] - num location updates per second: 0.000
[state-dump] - num location lookups per second: 0.000
[state-dump] - num locations added per second: 0.000
[state-dump] - num locations removed per second: 0.000
[state-dump] BufferPool:
[state-dump] - create buffer state map size: 0
[state-dump] PullManager:
[state-dump] - num bytes available for pulled objects: 200000000000
[state-dump] - num bytes being pulled (all): 0
[state-dump] - num bytes being pulled / pinned: 0
[state-dump] - get request bundles: BundlePullRequestQueue{0 total, 0 active, 0 inactive, 0 unpullable}
[state-dump] - wait request bundles: BundlePullRequestQueue{0 total, 0 active, 0 inactive, 0 unpullable}
[state-dump] - task request bundles: BundlePullRequestQueue{0 total, 0 active, 0 inactive, 0 unpullable}
[state-dump] - first get request bundle: N/A
[state-dump] - first wait request bundle: N/A
[state-dump] - first task request bundle: N/A
[state-dump] - num objects queued: 0
[state-dump] - num objects actively pulled (all): 0
[state-dump] - num objects actively pulled / pinned: 0
[state-dump] - num bundles being pulled: 0
[state-dump] - num pull retries: 0
[state-dump] - max timeout seconds: 0
[state-dump] - max timeout request is already processed. No entry.
[state-dump] 
[state-dump] WorkerPool:
[state-dump] - registered jobs: 1
[state-dump] - process_failed_job_config_missing: 0
[state-dump] - process_failed_rate_limited: 0
[state-dump] - process_failed_pending_registration: 0
[state-dump] - process_failed_runtime_env_setup_failed: 0
[state-dump] - num JAVA workers: 0
[state-dump] - num JAVA drivers: 0
[state-dump] - num object spill callbacks queued: 0
[state-dump] - num object restore queued: 0
[state-dump] - num util functions queued: 0
[state-dump] - num PYTHON workers: 17
[state-dump] - num PYTHON drivers: 1
[state-dump] - num object spill callbacks queued: 0
[state-dump] - num object restore queued: 0
[state-dump] - num util functions queued: 0
[state-dump] - num idle workers: 1
[state-dump] TaskDependencyManager:
[state-dump] - task deps map size: 0
[state-dump] - get req map size: 0
[state-dump] - wait req map size: 0
[state-dump] - local objects map size: 0
[state-dump] WaitManager:
[state-dump] - num active wait requests: 0
[state-dump] Subscriber:
[state-dump] Channel WORKER_REF_REMOVED_CHANNEL
[state-dump] - cumulative subscribe requests: 0
[state-dump] - cumulative unsubscribe requests: 0
[state-dump] - active subscribed publishers: 0
[state-dump] - cumulative published messages: 0
[state-dump] - cumulative processed messages: 0
[state-dump] Channel WORKER_OBJECT_EVICTION
[state-dump] - cumulative subscribe requests: 1
[state-dump] - cumulative unsubscribe requests: 1
[state-dump] - active subscribed publishers: 0
[state-dump] - cumulative published messages: 1
[state-dump] - cumulative processed messages: 1
[state-dump] Channel WORKER_OBJECT_LOCATIONS_CHANNEL
[state-dump] - cumulative subscribe requests: 5
[state-dump] - cumulative unsubscribe requests: 5
[state-dump] - active subscribed publishers: 0
[state-dump] - cumulative published messages: 2
[state-dump] - cumulative processed messages: 2
[state-dump] num async plasma notifications: 0
[state-dump] Remote node managers: 
[state-dump] Event stats:
[state-dump] Global stats: 39098 total (28 active)
[state-dump] Queueing time: mean = 18.756 ms, max = 41.724 s, min = -0.000 s, total = 733.311 s
[state-dump] Execution time:  mean = 20.574 us, total = 804.391 ms
[state-dump] Event stats:
[state-dump] 	NodeManagerService.grpc_server.ReportWorkerBacklog - 9806 total (0 active), CPU time: mean = 25.460 us, total = 249.656 ms
[state-dump] 	UNKNOWN - 6601 total (3 active), CPU time: mean = 1.672 us, total = 11.037 ms
[state-dump] 	ObjectManager.UpdateAvailableMemory - 5999 total (0 active), CPU time: mean = 507.811 ns, total = 3.046 ms
[state-dump] 	NodeManagerService.grpc_server.RequestResourceReport - 5953 total (0 active), CPU time: mean = 33.013 us, total = 196.526 ms
[state-dump] 	NodeManagerService.grpc_server.UpdateResourceUsage - 5953 total (0 active), CPU time: mean = 31.708 us, total = 188.760 ms
[state-dump] 	RayletWorkerPool.deadline_timer.kill_idle_workers - 3000 total (1 active), CPU time: mean = 4.602 us, total = 13.805 ms
[state-dump] 	NodeManagerService.grpc_server.GetResourceLoad - 600 total (0 active), CPU time: mean = 31.251 us, total = 18.751 ms
[state-dump] 	NodeManager.deadline_timer.flush_free_objects - 600 total (1 active), CPU time: mean = 2.440 us, total = 1.464 ms
[state-dump] 	ClientConnection.async_read.ReadBufferAsync - 328 total (18 active), CPU time: mean = 77.030 us, total = 25.266 ms
[state-dump] 	NodeManager.deadline_timer.debug_state_dump - 60 total (1 active), CPU time: mean = 371.584 us, total = 22.295 ms
[state-dump] 	NodeManager.deadline_timer.record_metrics - 40 total (1 active), CPU time: mean = 189.635 us, total = 7.585 ms
[state-dump] 	ObjectManager.ObjectDeleted - 19 total (0 active), CPU time: mean = 11.208 us, total = 212.953 us
[state-dump] 	ObjectManager.ObjectAdded - 19 total (0 active), CPU time: mean = 22.134 us, total = 420.540 us
[state-dump] 	ClientConnection.async_write.DoAsyncWrites - 18 total (0 active), CPU time: mean = 435.056 ns, total = 7.831 us
[state-dump] 	NodeManagerService.grpc_server.GetSystemConfig - 18 total (0 active), CPU time: mean = 34.279 us, total = 617.027 us
[state-dump] 	NodeManagerService.grpc_server.RequestWorkerLease - 17 total (0 active), CPU time: mean = 1.227 ms, total = 20.867 ms
[state-dump] 	CoreWorkerService.grpc_client.DirectActorCallArgWaitComplete - 16 total (0 active), CPU time: mean = 8.380 us, total = 134.072 us
[state-dump] 	NodeManager.deadline_timer.print_event_loop_stats - 10 total (1 active, 1 running), CPU time: mean = 506.399 us, total = 5.064 ms
[state-dump] 	CoreWorkerService.grpc_client.PubsubCommandBatch - 8 total (0 active), CPU time: mean = 58.221 us, total = 465.766 us
[state-dump] 	PeriodicalRunner.RunFnPeriodically - 8 total (0 active), CPU time: mean = 273.916 us, total = 2.191 ms
[state-dump] 	CoreWorkerService.grpc_client.PubsubLongPolling - 7 total (1 active), CPU time: mean = 145.450 us, total = 1.018 ms
[state-dump] 	InternalPubSubGcsService.grpc_client.GcsSubscriberPoll - 3 total (1 active), CPU time: mean = 41.759 us, total = 125.278 us
[state-dump] 	InternalPubSubGcsService.grpc_client.GcsSubscriberCommandBatch - 2 total (0 active), CPU time: mean = 59.350 us, total = 118.700 us
[state-dump] 	Subscriber.HandlePublishedMessage_WORKER_OBJECT_LOCATIONS_CHANNEL - 2 total (0 active), CPU time: mean = 24.247 us, total = 48.493 us
[state-dump] 	CoreWorkerService.grpc_client.UpdateObjectLocationBatch - 2 total (0 active), CPU time: mean = 18.242 us, total = 36.484 us
[state-dump] 	NodeInfoGcsService.grpc_client.GetAllNodeInfo - 1 total (0 active), CPU time: mean = 28.066 us, total = 28.066 us
[state-dump] 	Subscriber.HandlePublishedMessage_GCS_JOB_CHANNEL - 1 total (0 active), CPU time: mean = 47.159 us, total = 47.159 us
[state-dump] 	NodeInfoGcsService.grpc_client.GetInternalConfig - 1 total (0 active), CPU time: mean = 33.796 ms, total = 33.796 ms
[state-dump] 	JobInfoGcsService.grpc_client.GetAllJobInfo - 1 total (0 active), CPU time: mean = 343.023 us, total = 343.023 us
[state-dump] 	NodeInfoGcsService.grpc_client.RegisterNode - 1 total (0 active), CPU time: mean = 203.359 us, total = 203.359 us
[state-dump] 	AgentManagerService.grpc_server.RegisterAgent - 1 total (0 active), CPU time: mean = 194.419 us, total = 194.419 us
[state-dump] 	Subscriber.HandlePublishedMessage_WORKER_OBJECT_EVICTION - 1 total (0 active), CPU time: mean = 66.553 us, total = 66.553 us
[state-dump] 	JobInfoGcsService.grpc_client.AddJob - 1 total (0 active), CPU time: mean = 23.962 us, total = 23.962 us
[state-dump] 	NodeManagerService.grpc_server.PinObjectIDs - 1 total (0 active), CPU time: mean = 169.418 us, total = 169.418 us
[state-dump] DebugString() time ms: 0
[state-dump] 
[state-dump] 
[2026-01-30 14:12:31,428 I 3413275 3413275] (raylet) node_manager.cc:667: Sending Python GC request to 18 local workers to clean up Python cyclic references.
[2026-01-30 14:13:31,362 I 3413275 3413375] (raylet) store.cc:551: ========== Plasma store: =================
Current usage: 0 / 200 GB
- num bytes created total: 7953630
0 pending objects of total size 0MB
- objects spillable: 0
- bytes spillable: 0
- objects unsealed: 0
- bytes unsealed: 0
- objects in use: 0
- bytes in use: 0
- objects evictable: 0
- bytes evictable: 0

- objects created by worker: 0
- bytes created by worker: 0
- objects restored: 0
- bytes restored: 0
- objects received: 0
- bytes received: 0
- objects errored: 0
- bytes errored: 0

[2026-01-30 14:13:31,387 I 3413275 3413275] (raylet) node_manager.cc:540: [state-dump] Event stats:
[state-dump] 
[state-dump] 
[state-dump] Global stats: 43074 total (27 active)
[state-dump] Queueing time: mean = 17.025 ms, max = 41.724 s, min = -0.000 s, total = 733.356 s
[state-dump] Execution time:  mean = 20.394 us, total = 878.471 ms
[state-dump] Event stats:
[state-dump] 	NodeManagerService.grpc_server.ReportWorkerBacklog - 10886 total (0 active), CPU time: mean = 25.365 us, total = 276.121 ms
[state-dump] 	UNKNOWN - 7261 total (3 active), CPU time: mean = 1.702 us, total = 12.360 ms
[state-dump] 	ObjectManager.UpdateAvailableMemory - 6599 total (0 active), CPU time: mean = 505.111 ns, total = 3.333 ms
[state-dump] 	NodeManagerService.grpc_server.RequestResourceReport - 6547 total (0 active), CPU time: mean = 33.079 us, total = 216.567 ms
[state-dump] 	NodeManagerService.grpc_server.UpdateResourceUsage - 6546 total (0 active), CPU time: mean = 31.697 us, total = 207.491 ms
[state-dump] 	RayletWorkerPool.deadline_timer.kill_idle_workers - 3300 total (1 active), CPU time: mean = 4.633 us, total = 15.289 ms
[state-dump] 	NodeManagerService.grpc_server.GetResourceLoad - 660 total (0 active), CPU time: mean = 31.154 us, total = 20.561 ms
[state-dump] 	NodeManager.deadline_timer.flush_free_objects - 660 total (1 active), CPU time: mean = 2.446 us, total = 1.614 ms
[state-dump] 	ClientConnection.async_read.ReadBufferAsync - 328 total (18 active), CPU time: mean = 77.030 us, total = 25.266 ms
[state-dump] 	NodeManager.deadline_timer.debug_state_dump - 66 total (1 active), CPU time: mean = 371.738 us, total = 24.535 ms
[state-dump] 	NodeManager.deadline_timer.record_metrics - 44 total (1 active), CPU time: mean = 190.366 us, total = 8.376 ms
[state-dump] 	ObjectManager.ObjectDeleted - 19 total (0 active), CPU time: mean = 11.208 us, total = 212.953 us
[state-dump] 	ObjectManager.ObjectAdded - 19 total (0 active), CPU time: mean = 22.134 us, total = 420.540 us
[state-dump] 	ClientConnection.async_write.DoAsyncWrites - 18 total (0 active), CPU time: mean = 435.056 ns, total = 7.831 us
[state-dump] 	NodeManagerService.grpc_server.GetSystemConfig - 18 total (0 active), CPU time: mean = 34.279 us, total = 617.027 us
[state-dump] 	CoreWorkerService.grpc_client.LocalGC - 18 total (0 active), CPU time: mean = 10.679 us, total = 192.222 us
[state-dump] 	NodeManagerService.grpc_server.RequestWorkerLease - 17 total (0 active), CPU time: mean = 1.227 ms, total = 20.867 ms
[state-dump] 	CoreWorkerService.grpc_client.DirectActorCallArgWaitComplete - 16 total (0 active), CPU time: mean = 8.380 us, total = 134.072 us
[state-dump] 	NodeManager.deadline_timer.print_event_loop_stats - 11 total (1 active, 1 running), CPU time: mean = 510.224 us, total = 5.612 ms
[state-dump] 	CoreWorkerService.grpc_client.PubsubCommandBatch - 8 total (0 active), CPU time: mean = 58.221 us, total = 465.766 us
[state-dump] 	PeriodicalRunner.RunFnPeriodically - 8 total (0 active), CPU time: mean = 273.916 us, total = 2.191 ms
[state-dump] 	CoreWorkerService.grpc_client.PubsubLongPolling - 7 total (0 active), CPU time: mean = 147.979 us, total = 1.036 ms
[state-dump] 	InternalPubSubGcsService.grpc_client.GcsSubscriberPoll - 3 total (1 active), CPU time: mean = 41.759 us, total = 125.278 us
[state-dump] 	InternalPubSubGcsService.grpc_client.GcsSubscriberCommandBatch - 2 total (0 active), CPU time: mean = 59.350 us, total = 118.700 us
[state-dump] 	Subscriber.HandlePublishedMessage_WORKER_OBJECT_LOCATIONS_CHANNEL - 2 total (0 active), CPU time: mean = 24.247 us, total = 48.493 us
[state-dump] 	CoreWorkerService.grpc_client.UpdateObjectLocationBatch - 2 total (0 active), CPU time: mean = 18.242 us, total = 36.484 us
[state-dump] 	NodeInfoGcsService.grpc_client.GetAllNodeInfo - 1 total (0 active), CPU time: mean = 28.066 us, total = 28.066 us
[state-dump] 	Subscriber.HandlePublishedMessage_GCS_JOB_CHANNEL - 1 total (0 active), CPU time: mean = 47.159 us, total = 47.159 us
[state-dump] 	NodeInfoGcsService.grpc_client.GetInternalConfig - 1 total (0 active), CPU time: mean = 33.796 ms, total = 33.796 ms
[state-dump] 	JobInfoGcsService.grpc_client.GetAllJobInfo - 1 total (0 active), CPU time: mean = 343.023 us, total = 343.023 us
[state-dump] 	NodeInfoGcsService.grpc_client.RegisterNode - 1 total (0 active), CPU time: mean = 203.359 us, total = 203.359 us
[state-dump] 	AgentManagerService.grpc_server.RegisterAgent - 1 total (0 active), CPU time: mean = 194.419 us, total = 194.419 us
[state-dump] 	Subscriber.HandlePublishedMessage_WORKER_OBJECT_EVICTION - 1 total (0 active), CPU time: mean = 66.553 us, total = 66.553 us
[state-dump] 	JobInfoGcsService.grpc_client.AddJob - 1 total (0 active), CPU time: mean = 23.962 us, total = 23.962 us
[state-dump] 	NodeManagerService.grpc_server.PinObjectIDs - 1 total (0 active), CPU time: mean = 169.418 us, total = 169.418 us
[state-dump] 
[state-dump] NodeManager:
[state-dump] Node ID: 435ff685d8e66afce15860cd5b4687480235848d386ffa5d5547bd3d
[state-dump] Node name: 10.137.21.59
[state-dump] InitialConfigResources: {memory: 8135216732160000, GPU: 20000, node:10.137.21.59: 10000, CPU: 170000, object_store_memory: 2000000000000000, accelerator_type:H100: 10000}
[state-dump] ClusterTaskManager:
[state-dump] ========== Node: 435ff685d8e66afce15860cd5b4687480235848d386ffa5d5547bd3d =================
[state-dump] Infeasible queue length: 1
[state-dump] Schedule queue length: 0
[state-dump] Dispatch queue length: 0
[state-dump] num_waiting_for_resource: 0
[state-dump] num_waiting_for_plasma_memory: 0
[state-dump] num_waiting_for_remote_node_resources: 0
[state-dump] num_worker_not_started_by_job_config_not_exist: 0
[state-dump] num_worker_not_started_by_registration_timeout: 0
[state-dump] num_tasks_waiting_for_workers: 0
[state-dump] num_cancelled_tasks: 0
[state-dump] cluster_resource_scheduler state: 
[state-dump] Local id: -8058881002343059789 Local resources: {node:10.137.21.59: [10000]/[10000], CPU: [10000]/[170000], object_store_memory: [2000000000000000]/[2000000000000000], memory: [8135216732160000]/[8135216732160000], GPU: [10000, 10000]/[10000, 10000], accelerator_type:H100: [10000]/[10000]}node id: -8058881002343059789{node:10.137.21.59: 10000/10000, CPU: 10000/170000, object_store_memory: 2000000000000000/2000000000000000, memory: 8135216732160000/8135216732160000, GPU: 20000/20000, accelerator_type:H100: 10000/10000}{ "placment group locations": [], "node to bundles": []}
[state-dump] Waiting tasks size: 0
[state-dump] Number of executing tasks: 0
[state-dump] Number of pinned task arguments: 0
[state-dump] Number of total spilled tasks: 0
[state-dump] Number of spilled waiting tasks: 0
[state-dump] Number of spilled unschedulable tasks: 0
[state-dump] Resource usage {
[state-dump]     - (language=PYTHON actor_or_task=RolloutWorker.__init__ pid=3414093): {CPU: 1.000000}
[state-dump]     - (language=PYTHON actor_or_task=RolloutWorker.__init__ pid=3414092): {CPU: 1.000000}
[state-dump]     - (language=PYTHON actor_or_task=RolloutWorker.__init__ pid=3414084): {CPU: 1.000000}
[state-dump]     - (language=PYTHON actor_or_task=RolloutWorker.__init__ pid=3414091): {CPU: 1.000000}
[state-dump]     - (language=PYTHON actor_or_task=RolloutWorker.__init__ pid=3414089): {CPU: 1.000000}
[state-dump]     - (language=PYTHON actor_or_task=RolloutWorker.__init__ pid=3414085): {CPU: 1.000000}
[state-dump]     - (language=PYTHON actor_or_task=RolloutWorker.__init__ pid=3414094): {CPU: 1.000000}
[state-dump]     - (language=PYTHON actor_or_task=RolloutWorker.__init__ pid=3414083): {CPU: 1.000000}
[state-dump]     - (language=PYTHON actor_or_task=RolloutWorker.__init__ pid=3414088): {CPU: 1.000000}
[state-dump]     - (language=PYTHON actor_or_task=RolloutWorker.__init__ pid=3414080): {CPU: 1.000000}
[state-dump]     - (language=PYTHON actor_or_task=RolloutWorker.__init__ pid=3414095): {CPU: 1.000000}
[state-dump]     - (language=PYTHON actor_or_task=RolloutWorker.__init__ pid=3414081): {CPU: 1.000000}
[state-dump]     - (language=PYTHON actor_or_task=RolloutWorker.__init__ pid=3414082): {CPU: 1.000000}
[state-dump]     - (language=PYTHON actor_or_task=RolloutWorker.__init__ pid=3414087): {CPU: 1.000000}
[state-dump]     - (language=PYTHON actor_or_task=RolloutWorker.__init__ pid=3414086): {CPU: 1.000000}
[state-dump]     - (language=PYTHON actor_or_task=RolloutWorker.__init__ pid=3414090): {CPU: 1.000000}
[state-dump] }
[state-dump] Running tasks by scheduling class:
[state-dump] ==================================================
[state-dump] 
[state-dump] ClusterResources:
[state-dump] LocalObjectManager:
[state-dump] - num pinned objects: 0
[state-dump] - pinned objects size: 0
[state-dump] - num objects pending restore: 0
[state-dump] - num objects pending spill: 0
[state-dump] - num bytes pending spill: 0
[state-dump] - num bytes currently spilled: 0
[state-dump] - cumulative spill requests: 0
[state-dump] - cumulative restore requests: 0
[state-dump] - spilled objects pending delete: 0
[state-dump] 
[state-dump] ObjectManager:
[state-dump] - num local objects: 0
[state-dump] - num unfulfilled push requests: 0
[state-dump] - num object pull requests: 0
[state-dump] - num chunks received total: 0
[state-dump] - num chunks received failed (all): 0
[state-dump] - num chunks received failed / cancelled: 0
[state-dump] - num chunks received failed / plasma error: 0
[state-dump] Event stats:
[state-dump] Global stats: 1 total (0 active)
[state-dump] Queueing time: mean = 25.771 us, max = 25.771 us, min = 25.771 us, total = 25.771 us
[state-dump] Execution time:  mean = 5.425 us, total = 5.425 us
[state-dump] Event stats:
[state-dump] 	ObjectManager.FreeObjects - 1 total (0 active), CPU time: mean = 5.425 us, total = 5.425 us
[state-dump] PushManager:
[state-dump] - num pushes in flight: 0
[state-dump] - num chunks in flight: 0
[state-dump] - num chunks remaining: 0
[state-dump] - max chunks allowed: 409
[state-dump] OwnershipBasedObjectDirectory:
[state-dump] - num listeners: 0
[state-dump] - cumulative location updates: 2
[state-dump] - num location updates per second: 0.000
[state-dump] - num location lookups per second: 0.000
[state-dump] - num locations added per second: 0.000
[state-dump] - num locations removed per second: 0.000
[state-dump] BufferPool:
[state-dump] - create buffer state map size: 0
[state-dump] PullManager:
[state-dump] - num bytes available for pulled objects: 200000000000
[state-dump] - num bytes being pulled (all): 0
[state-dump] - num bytes being pulled / pinned: 0
[state-dump] - get request bundles: BundlePullRequestQueue{0 total, 0 active, 0 inactive, 0 unpullable}
[state-dump] - wait request bundles: BundlePullRequestQueue{0 total, 0 active, 0 inactive, 0 unpullable}
[state-dump] - task request bundles: BundlePullRequestQueue{0 total, 0 active, 0 inactive, 0 unpullable}
[state-dump] - first get request bundle: N/A
[state-dump] - first wait request bundle: N/A
[state-dump] - first task request bundle: N/A
[state-dump] - num objects queued: 0
[state-dump] - num objects actively pulled (all): 0
[state-dump] - num objects actively pulled / pinned: 0
[state-dump] - num bundles being pulled: 0
[state-dump] - num pull retries: 0
[state-dump] - max timeout seconds: 0
[state-dump] - max timeout request is already processed. No entry.
[state-dump] 
[state-dump] WorkerPool:
[state-dump] - registered jobs: 1
[state-dump] - process_failed_job_config_missing: 0
[state-dump] - process_failed_rate_limited: 0
[state-dump] - process_failed_pending_registration: 0
[state-dump] - process_failed_runtime_env_setup_failed: 0
[state-dump] - num JAVA workers: 0
[state-dump] - num JAVA drivers: 0
[state-dump] - num object spill callbacks queued: 0
[state-dump] - num object restore queued: 0
[state-dump] - num util functions queued: 0
[state-dump] - num PYTHON workers: 17
[state-dump] - num PYTHON drivers: 1
[state-dump] - num object spill callbacks queued: 0
[state-dump] - num object restore queued: 0
[state-dump] - num util functions queued: 0
[state-dump] - num idle workers: 1
[state-dump] TaskDependencyManager:
[state-dump] - task deps map size: 0
[state-dump] - get req map size: 0
[state-dump] - wait req map size: 0
[state-dump] - local objects map size: 0
[state-dump] WaitManager:
[state-dump] - num active wait requests: 0
[state-dump] Subscriber:
[state-dump] Channel WORKER_REF_REMOVED_CHANNEL
[state-dump] - cumulative subscribe requests: 0
[state-dump] - cumulative unsubscribe requests: 0
[state-dump] - active subscribed publishers: 0
[state-dump] - cumulative published messages: 0
[state-dump] - cumulative processed messages: 0
[state-dump] Channel WORKER_OBJECT_EVICTION
[state-dump] - cumulative subscribe requests: 1
[state-dump] - cumulative unsubscribe requests: 1
[state-dump] - active subscribed publishers: 0
[state-dump] - cumulative published messages: 1
[state-dump] - cumulative processed messages: 1
[state-dump] Channel WORKER_OBJECT_LOCATIONS_CHANNEL
[state-dump] - cumulative subscribe requests: 5
[state-dump] - cumulative unsubscribe requests: 5
[state-dump] - active subscribed publishers: 0
[state-dump] - cumulative published messages: 2
[state-dump] - cumulative processed messages: 2
[state-dump] num async plasma notifications: 0
[state-dump] Remote node managers: 
[state-dump] Event stats:
[state-dump] Global stats: 43074 total (27 active)
[state-dump] Queueing time: mean = 17.025 ms, max = 41.724 s, min = -0.000 s, total = 733.356 s
[state-dump] Execution time:  mean = 20.394 us, total = 878.471 ms
[state-dump] Event stats:
[state-dump] 	NodeManagerService.grpc_server.ReportWorkerBacklog - 10886 total (0 active), CPU time: mean = 25.365 us, total = 276.121 ms
[state-dump] 	UNKNOWN - 7261 total (3 active), CPU time: mean = 1.702 us, total = 12.360 ms
[state-dump] 	ObjectManager.UpdateAvailableMemory - 6599 total (0 active), CPU time: mean = 505.111 ns, total = 3.333 ms
[state-dump] 	NodeManagerService.grpc_server.RequestResourceReport - 6547 total (0 active), CPU time: mean = 33.079 us, total = 216.567 ms
[state-dump] 	NodeManagerService.grpc_server.UpdateResourceUsage - 6546 total (0 active), CPU time: mean = 31.697 us, total = 207.491 ms
[state-dump] 	RayletWorkerPool.deadline_timer.kill_idle_workers - 3300 total (1 active), CPU time: mean = 4.633 us, total = 15.289 ms
[state-dump] 	NodeManagerService.grpc_server.GetResourceLoad - 660 total (0 active), CPU time: mean = 31.154 us, total = 20.561 ms
[state-dump] 	NodeManager.deadline_timer.flush_free_objects - 660 total (1 active), CPU time: mean = 2.446 us, total = 1.614 ms
[state-dump] 	ClientConnection.async_read.ReadBufferAsync - 328 total (18 active), CPU time: mean = 77.030 us, total = 25.266 ms
[state-dump] 	NodeManager.deadline_timer.debug_state_dump - 66 total (1 active), CPU time: mean = 371.738 us, total = 24.535 ms
[state-dump] 	NodeManager.deadline_timer.record_metrics - 44 total (1 active), CPU time: mean = 190.366 us, total = 8.376 ms
[state-dump] 	ObjectManager.ObjectDeleted - 19 total (0 active), CPU time: mean = 11.208 us, total = 212.953 us
[state-dump] 	ObjectManager.ObjectAdded - 19 total (0 active), CPU time: mean = 22.134 us, total = 420.540 us
[state-dump] 	ClientConnection.async_write.DoAsyncWrites - 18 total (0 active), CPU time: mean = 435.056 ns, total = 7.831 us
[state-dump] 	NodeManagerService.grpc_server.GetSystemConfig - 18 total (0 active), CPU time: mean = 34.279 us, total = 617.027 us
[state-dump] 	CoreWorkerService.grpc_client.LocalGC - 18 total (0 active), CPU time: mean = 10.679 us, total = 192.222 us
[state-dump] 	NodeManagerService.grpc_server.RequestWorkerLease - 17 total (0 active), CPU time: mean = 1.227 ms, total = 20.867 ms
[state-dump] 	CoreWorkerService.grpc_client.DirectActorCallArgWaitComplete - 16 total (0 active), CPU time: mean = 8.380 us, total = 134.072 us
[state-dump] 	NodeManager.deadline_timer.print_event_loop_stats - 11 total (1 active, 1 running), CPU time: mean = 510.224 us, total = 5.612 ms
[state-dump] 	CoreWorkerService.grpc_client.PubsubCommandBatch - 8 total (0 active), CPU time: mean = 58.221 us, total = 465.766 us
[state-dump] 	PeriodicalRunner.RunFnPeriodically - 8 total (0 active), CPU time: mean = 273.916 us, total = 2.191 ms
[state-dump] 	CoreWorkerService.grpc_client.PubsubLongPolling - 7 total (0 active), CPU time: mean = 147.979 us, total = 1.036 ms
[state-dump] 	InternalPubSubGcsService.grpc_client.GcsSubscriberPoll - 3 total (1 active), CPU time: mean = 41.759 us, total = 125.278 us
[state-dump] 	InternalPubSubGcsService.grpc_client.GcsSubscriberCommandBatch - 2 total (0 active), CPU time: mean = 59.350 us, total = 118.700 us
[state-dump] 	Subscriber.HandlePublishedMessage_WORKER_OBJECT_LOCATIONS_CHANNEL - 2 total (0 active), CPU time: mean = 24.247 us, total = 48.493 us
[state-dump] 	CoreWorkerService.grpc_client.UpdateObjectLocationBatch - 2 total (0 active), CPU time: mean = 18.242 us, total = 36.484 us
[state-dump] 	NodeInfoGcsService.grpc_client.GetAllNodeInfo - 1 total (0 active), CPU time: mean = 28.066 us, total = 28.066 us
[state-dump] 	Subscriber.HandlePublishedMessage_GCS_JOB_CHANNEL - 1 total (0 active), CPU time: mean = 47.159 us, total = 47.159 us
[state-dump] 	NodeInfoGcsService.grpc_client.GetInternalConfig - 1 total (0 active), CPU time: mean = 33.796 ms, total = 33.796 ms
[state-dump] 	JobInfoGcsService.grpc_client.GetAllJobInfo - 1 total (0 active), CPU time: mean = 343.023 us, total = 343.023 us
[state-dump] 	NodeInfoGcsService.grpc_client.RegisterNode - 1 total (0 active), CPU time: mean = 203.359 us, total = 203.359 us
[state-dump] 	AgentManagerService.grpc_server.RegisterAgent - 1 total (0 active), CPU time: mean = 194.419 us, total = 194.419 us
[state-dump] 	Subscriber.HandlePublishedMessage_WORKER_OBJECT_EVICTION - 1 total (0 active), CPU time: mean = 66.553 us, total = 66.553 us
[state-dump] 	JobInfoGcsService.grpc_client.AddJob - 1 total (0 active), CPU time: mean = 23.962 us, total = 23.962 us
[state-dump] 	NodeManagerService.grpc_server.PinObjectIDs - 1 total (0 active), CPU time: mean = 169.418 us, total = 169.418 us
[state-dump] DebugString() time ms: 0
[state-dump] 
[state-dump] 
[2026-01-30 14:14:31,362 I 3413275 3413375] (raylet) store.cc:551: ========== Plasma store: =================
Current usage: 0 / 200 GB
- num bytes created total: 7953630
0 pending objects of total size 0MB
- objects spillable: 0
- bytes spillable: 0
- objects unsealed: 0
- bytes unsealed: 0
- objects in use: 0
- bytes in use: 0
- objects evictable: 0
- bytes evictable: 0

- objects created by worker: 0
- bytes created by worker: 0
- objects restored: 0
- bytes restored: 0
- objects received: 0
- bytes received: 0
- objects errored: 0
- bytes errored: 0

[2026-01-30 14:14:31,388 I 3413275 3413275] (raylet) node_manager.cc:540: [state-dump] Event stats:
[state-dump] 
[state-dump] 
[state-dump] Global stats: 47032 total (27 active)
[state-dump] Queueing time: mean = 15.594 ms, max = 41.724 s, min = -0.000 s, total = 733.396 s
[state-dump] Execution time:  mean = 20.241 us, total = 951.986 ms
[state-dump] Event stats:
[state-dump] 	NodeManagerService.grpc_server.ReportWorkerBacklog - 11966 total (0 active), CPU time: mean = 25.286 us, total = 302.572 ms
[state-dump] 	UNKNOWN - 7921 total (3 active), CPU time: mean = 1.732 us, total = 13.716 ms
[state-dump] 	ObjectManager.UpdateAvailableMemory - 7199 total (0 active), CPU time: mean = 501.584 ns, total = 3.611 ms
[state-dump] 	NodeManagerService.grpc_server.RequestResourceReport - 7140 total (0 active), CPU time: mean = 33.012 us, total = 235.708 ms
[state-dump] 	NodeManagerService.grpc_server.UpdateResourceUsage - 7140 total (0 active), CPU time: mean = 31.723 us, total = 226.499 ms
[state-dump] 	RayletWorkerPool.deadline_timer.kill_idle_workers - 3600 total (1 active), CPU time: mean = 4.628 us, total = 16.661 ms
[state-dump] 	NodeManagerService.grpc_server.GetResourceLoad - 720 total (0 active), CPU time: mean = 31.185 us, total = 22.453 ms
[state-dump] 	NodeManager.deadline_timer.flush_free_objects - 720 total (1 active), CPU time: mean = 2.477 us, total = 1.783 ms
[state-dump] 	ClientConnection.async_read.ReadBufferAsync - 328 total (18 active), CPU time: mean = 77.030 us, total = 25.266 ms
[state-dump] 	NodeManager.deadline_timer.debug_state_dump - 72 total (1 active), CPU time: mean = 373.559 us, total = 26.896 ms
[state-dump] 	NodeManager.deadline_timer.record_metrics - 48 total (1 active), CPU time: mean = 194.088 us, total = 9.316 ms
[state-dump] 	ObjectManager.ObjectDeleted - 19 total (0 active), CPU time: mean = 11.208 us, total = 212.953 us
[state-dump] 	ObjectManager.ObjectAdded - 19 total (0 active), CPU time: mean = 22.134 us, total = 420.540 us
[state-dump] 	ClientConnection.async_write.DoAsyncWrites - 18 total (0 active), CPU time: mean = 435.056 ns, total = 7.831 us
[state-dump] 	NodeManagerService.grpc_server.GetSystemConfig - 18 total (0 active), CPU time: mean = 34.279 us, total = 617.027 us
[state-dump] 	CoreWorkerService.grpc_client.LocalGC - 18 total (0 active), CPU time: mean = 10.679 us, total = 192.222 us
[state-dump] 	NodeManagerService.grpc_server.RequestWorkerLease - 17 total (0 active), CPU time: mean = 1.227 ms, total = 20.867 ms
[state-dump] 	CoreWorkerService.grpc_client.DirectActorCallArgWaitComplete - 16 total (0 active), CPU time: mean = 8.380 us, total = 134.072 us
[state-dump] 	NodeManager.deadline_timer.print_event_loop_stats - 12 total (1 active, 1 running), CPU time: mean = 513.245 us, total = 6.159 ms
[state-dump] 	CoreWorkerService.grpc_client.PubsubCommandBatch - 8 total (0 active), CPU time: mean = 58.221 us, total = 465.766 us
[state-dump] 	PeriodicalRunner.RunFnPeriodically - 8 total (0 active), CPU time: mean = 273.916 us, total = 2.191 ms
[state-dump] 	CoreWorkerService.grpc_client.PubsubLongPolling - 7 total (0 active), CPU time: mean = 147.979 us, total = 1.036 ms
[state-dump] 	InternalPubSubGcsService.grpc_client.GcsSubscriberPoll - 3 total (1 active), CPU time: mean = 41.759 us, total = 125.278 us
[state-dump] 	InternalPubSubGcsService.grpc_client.GcsSubscriberCommandBatch - 2 total (0 active), CPU time: mean = 59.350 us, total = 118.700 us
[state-dump] 	Subscriber.HandlePublishedMessage_WORKER_OBJECT_LOCATIONS_CHANNEL - 2 total (0 active), CPU time: mean = 24.247 us, total = 48.493 us
[state-dump] 	CoreWorkerService.grpc_client.UpdateObjectLocationBatch - 2 total (0 active), CPU time: mean = 18.242 us, total = 36.484 us
[state-dump] 	NodeInfoGcsService.grpc_client.GetAllNodeInfo - 1 total (0 active), CPU time: mean = 28.066 us, total = 28.066 us
[state-dump] 	Subscriber.HandlePublishedMessage_GCS_JOB_CHANNEL - 1 total (0 active), CPU time: mean = 47.159 us, total = 47.159 us
[state-dump] 	NodeInfoGcsService.grpc_client.GetInternalConfig - 1 total (0 active), CPU time: mean = 33.796 ms, total = 33.796 ms
[state-dump] 	JobInfoGcsService.grpc_client.GetAllJobInfo - 1 total (0 active), CPU time: mean = 343.023 us, total = 343.023 us
[state-dump] 	NodeInfoGcsService.grpc_client.RegisterNode - 1 total (0 active), CPU time: mean = 203.359 us, total = 203.359 us
[state-dump] 	AgentManagerService.grpc_server.RegisterAgent - 1 total (0 active), CPU time: mean = 194.419 us, total = 194.419 us
[state-dump] 	Subscriber.HandlePublishedMessage_WORKER_OBJECT_EVICTION - 1 total (0 active), CPU time: mean = 66.553 us, total = 66.553 us
[state-dump] 	JobInfoGcsService.grpc_client.AddJob - 1 total (0 active), CPU time: mean = 23.962 us, total = 23.962 us
[state-dump] 	NodeManagerService.grpc_server.PinObjectIDs - 1 total (0 active), CPU time: mean = 169.418 us, total = 169.418 us
[state-dump] 
[state-dump] NodeManager:
[state-dump] Node ID: 435ff685d8e66afce15860cd5b4687480235848d386ffa5d5547bd3d
[state-dump] Node name: 10.137.21.59
[state-dump] InitialConfigResources: {memory: 8135216732160000, GPU: 20000, node:10.137.21.59: 10000, CPU: 170000, object_store_memory: 2000000000000000, accelerator_type:H100: 10000}
[state-dump] ClusterTaskManager:
[state-dump] ========== Node: 435ff685d8e66afce15860cd5b4687480235848d386ffa5d5547bd3d =================
[state-dump] Infeasible queue length: 1
[state-dump] Schedule queue length: 0
[state-dump] Dispatch queue length: 0
[state-dump] num_waiting_for_resource: 0
[state-dump] num_waiting_for_plasma_memory: 0
[state-dump] num_waiting_for_remote_node_resources: 0
[state-dump] num_worker_not_started_by_job_config_not_exist: 0
[state-dump] num_worker_not_started_by_registration_timeout: 0
[state-dump] num_tasks_waiting_for_workers: 0
[state-dump] num_cancelled_tasks: 0
[state-dump] cluster_resource_scheduler state: 
[state-dump] Local id: -8058881002343059789 Local resources: {node:10.137.21.59: [10000]/[10000], CPU: [10000]/[170000], object_store_memory: [2000000000000000]/[2000000000000000], memory: [8135216732160000]/[8135216732160000], GPU: [10000, 10000]/[10000, 10000], accelerator_type:H100: [10000]/[10000]}node id: -8058881002343059789{node:10.137.21.59: 10000/10000, CPU: 10000/170000, object_store_memory: 2000000000000000/2000000000000000, memory: 8135216732160000/8135216732160000, GPU: 20000/20000, accelerator_type:H100: 10000/10000}{ "placment group locations": [], "node to bundles": []}
[state-dump] Waiting tasks size: 0
[state-dump] Number of executing tasks: 0
[state-dump] Number of pinned task arguments: 0
[state-dump] Number of total spilled tasks: 0
[state-dump] Number of spilled waiting tasks: 0
[state-dump] Number of spilled unschedulable tasks: 0
[state-dump] Resource usage {
[state-dump]     - (language=PYTHON actor_or_task=RolloutWorker.__init__ pid=3414093): {CPU: 1.000000}
[state-dump]     - (language=PYTHON actor_or_task=RolloutWorker.__init__ pid=3414092): {CPU: 1.000000}
[state-dump]     - (language=PYTHON actor_or_task=RolloutWorker.__init__ pid=3414084): {CPU: 1.000000}
[state-dump]     - (language=PYTHON actor_or_task=RolloutWorker.__init__ pid=3414091): {CPU: 1.000000}
[state-dump]     - (language=PYTHON actor_or_task=RolloutWorker.__init__ pid=3414089): {CPU: 1.000000}
[state-dump]     - (language=PYTHON actor_or_task=RolloutWorker.__init__ pid=3414085): {CPU: 1.000000}
[state-dump]     - (language=PYTHON actor_or_task=RolloutWorker.__init__ pid=3414094): {CPU: 1.000000}
[state-dump]     - (language=PYTHON actor_or_task=RolloutWorker.__init__ pid=3414083): {CPU: 1.000000}
[state-dump]     - (language=PYTHON actor_or_task=RolloutWorker.__init__ pid=3414088): {CPU: 1.000000}
[state-dump]     - (language=PYTHON actor_or_task=RolloutWorker.__init__ pid=3414080): {CPU: 1.000000}
[state-dump]     - (language=PYTHON actor_or_task=RolloutWorker.__init__ pid=3414095): {CPU: 1.000000}
[state-dump]     - (language=PYTHON actor_or_task=RolloutWorker.__init__ pid=3414081): {CPU: 1.000000}
[state-dump]     - (language=PYTHON actor_or_task=RolloutWorker.__init__ pid=3414082): {CPU: 1.000000}
[state-dump]     - (language=PYTHON actor_or_task=RolloutWorker.__init__ pid=3414087): {CPU: 1.000000}
[state-dump]     - (language=PYTHON actor_or_task=RolloutWorker.__init__ pid=3414086): {CPU: 1.000000}
[state-dump]     - (language=PYTHON actor_or_task=RolloutWorker.__init__ pid=3414090): {CPU: 1.000000}
[state-dump] }
[state-dump] Running tasks by scheduling class:
[state-dump] ==================================================
[state-dump] 
[state-dump] ClusterResources:
[state-dump] LocalObjectManager:
[state-dump] - num pinned objects: 0
[state-dump] - pinned objects size: 0
[state-dump] - num objects pending restore: 0
[state-dump] - num objects pending spill: 0
[state-dump] - num bytes pending spill: 0
[state-dump] - num bytes currently spilled: 0
[state-dump] - cumulative spill requests: 0
[state-dump] - cumulative restore requests: 0
[state-dump] - spilled objects pending delete: 0
[state-dump] 
[state-dump] ObjectManager:
[state-dump] - num local objects: 0
[state-dump] - num unfulfilled push requests: 0
[state-dump] - num object pull requests: 0
[state-dump] - num chunks received total: 0
[state-dump] - num chunks received failed (all): 0
[state-dump] - num chunks received failed / cancelled: 0
[state-dump] - num chunks received failed / plasma error: 0
[state-dump] Event stats:
[state-dump] Global stats: 1 total (0 active)
[state-dump] Queueing time: mean = 25.771 us, max = 25.771 us, min = 25.771 us, total = 25.771 us
[state-dump] Execution time:  mean = 5.425 us, total = 5.425 us
[state-dump] Event stats:
[state-dump] 	ObjectManager.FreeObjects - 1 total (0 active), CPU time: mean = 5.425 us, total = 5.425 us
[state-dump] PushManager:
[state-dump] - num pushes in flight: 0
[state-dump] - num chunks in flight: 0
[state-dump] - num chunks remaining: 0
[state-dump] - max chunks allowed: 409
[state-dump] OwnershipBasedObjectDirectory:
[state-dump] - num listeners: 0
[state-dump] - cumulative location updates: 2
[state-dump] - num location updates per second: 0.000
[state-dump] - num location lookups per second: 0.000
[state-dump] - num locations added per second: 0.000
[state-dump] - num locations removed per second: 0.000
[state-dump] BufferPool:
[state-dump] - create buffer state map size: 0
[state-dump] PullManager:
[state-dump] - num bytes available for pulled objects: 200000000000
[state-dump] - num bytes being pulled (all): 0
[state-dump] - num bytes being pulled / pinned: 0
[state-dump] - get request bundles: BundlePullRequestQueue{0 total, 0 active, 0 inactive, 0 unpullable}
[state-dump] - wait request bundles: BundlePullRequestQueue{0 total, 0 active, 0 inactive, 0 unpullable}
[state-dump] - task request bundles: BundlePullRequestQueue{0 total, 0 active, 0 inactive, 0 unpullable}
[state-dump] - first get request bundle: N/A
[state-dump] - first wait request bundle: N/A
[state-dump] - first task request bundle: N/A
[state-dump] - num objects queued: 0
[state-dump] - num objects actively pulled (all): 0
[state-dump] - num objects actively pulled / pinned: 0
[state-dump] - num bundles being pulled: 0
[state-dump] - num pull retries: 0
[state-dump] - max timeout seconds: 0
[state-dump] - max timeout request is already processed. No entry.
[state-dump] 
[state-dump] WorkerPool:
[state-dump] - registered jobs: 1
[state-dump] - process_failed_job_config_missing: 0
[state-dump] - process_failed_rate_limited: 0
[state-dump] - process_failed_pending_registration: 0
[state-dump] - process_failed_runtime_env_setup_failed: 0
[state-dump] - num JAVA workers: 0
[state-dump] - num JAVA drivers: 0
[state-dump] - num object spill callbacks queued: 0
[state-dump] - num object restore queued: 0
[state-dump] - num util functions queued: 0
[state-dump] - num PYTHON workers: 17
[state-dump] - num PYTHON drivers: 1
[state-dump] - num object spill callbacks queued: 0
[state-dump] - num object restore queued: 0
[state-dump] - num util functions queued: 0
[state-dump] - num idle workers: 1
[state-dump] TaskDependencyManager:
[state-dump] - task deps map size: 0
[state-dump] - get req map size: 0
[state-dump] - wait req map size: 0
[state-dump] - local objects map size: 0
[state-dump] WaitManager:
[state-dump] - num active wait requests: 0
[state-dump] Subscriber:
[state-dump] Channel WORKER_REF_REMOVED_CHANNEL
[state-dump] - cumulative subscribe requests: 0
[state-dump] - cumulative unsubscribe requests: 0
[state-dump] - active subscribed publishers: 0
[state-dump] - cumulative published messages: 0
[state-dump] - cumulative processed messages: 0
[state-dump] Channel WORKER_OBJECT_EVICTION
[state-dump] - cumulative subscribe requests: 1
[state-dump] - cumulative unsubscribe requests: 1
[state-dump] - active subscribed publishers: 0
[state-dump] - cumulative published messages: 1
[state-dump] - cumulative processed messages: 1
[state-dump] Channel WORKER_OBJECT_LOCATIONS_CHANNEL
[state-dump] - cumulative subscribe requests: 5
[state-dump] - cumulative unsubscribe requests: 5
[state-dump] - active subscribed publishers: 0
[state-dump] - cumulative published messages: 2
[state-dump] - cumulative processed messages: 2
[state-dump] num async plasma notifications: 0
[state-dump] Remote node managers: 
[state-dump] Event stats:
[state-dump] Global stats: 47032 total (27 active)
[state-dump] Queueing time: mean = 15.594 ms, max = 41.724 s, min = -0.000 s, total = 733.396 s
[state-dump] Execution time:  mean = 20.241 us, total = 951.986 ms
[state-dump] Event stats:
[state-dump] 	NodeManagerService.grpc_server.ReportWorkerBacklog - 11966 total (0 active), CPU time: mean = 25.286 us, total = 302.572 ms
[state-dump] 	UNKNOWN - 7921 total (3 active), CPU time: mean = 1.732 us, total = 13.716 ms
[state-dump] 	ObjectManager.UpdateAvailableMemory - 7199 total (0 active), CPU time: mean = 501.584 ns, total = 3.611 ms
[state-dump] 	NodeManagerService.grpc_server.RequestResourceReport - 7140 total (0 active), CPU time: mean = 33.012 us, total = 235.708 ms
[state-dump] 	NodeManagerService.grpc_server.UpdateResourceUsage - 7140 total (0 active), CPU time: mean = 31.723 us, total = 226.499 ms
[state-dump] 	RayletWorkerPool.deadline_timer.kill_idle_workers - 3600 total (1 active), CPU time: mean = 4.628 us, total = 16.661 ms
[state-dump] 	NodeManagerService.grpc_server.GetResourceLoad - 720 total (0 active), CPU time: mean = 31.185 us, total = 22.453 ms
[state-dump] 	NodeManager.deadline_timer.flush_free_objects - 720 total (1 active), CPU time: mean = 2.477 us, total = 1.783 ms
[state-dump] 	ClientConnection.async_read.ReadBufferAsync - 328 total (18 active), CPU time: mean = 77.030 us, total = 25.266 ms
[state-dump] 	NodeManager.deadline_timer.debug_state_dump - 72 total (1 active), CPU time: mean = 373.559 us, total = 26.896 ms
[state-dump] 	NodeManager.deadline_timer.record_metrics - 48 total (1 active), CPU time: mean = 194.088 us, total = 9.316 ms
[state-dump] 	ObjectManager.ObjectDeleted - 19 total (0 active), CPU time: mean = 11.208 us, total = 212.953 us
[state-dump] 	ObjectManager.ObjectAdded - 19 total (0 active), CPU time: mean = 22.134 us, total = 420.540 us
[state-dump] 	ClientConnection.async_write.DoAsyncWrites - 18 total (0 active), CPU time: mean = 435.056 ns, total = 7.831 us
[state-dump] 	NodeManagerService.grpc_server.GetSystemConfig - 18 total (0 active), CPU time: mean = 34.279 us, total = 617.027 us
[state-dump] 	CoreWorkerService.grpc_client.LocalGC - 18 total (0 active), CPU time: mean = 10.679 us, total = 192.222 us
[state-dump] 	NodeManagerService.grpc_server.RequestWorkerLease - 17 total (0 active), CPU time: mean = 1.227 ms, total = 20.867 ms
[state-dump] 	CoreWorkerService.grpc_client.DirectActorCallArgWaitComplete - 16 total (0 active), CPU time: mean = 8.380 us, total = 134.072 us
[state-dump] 	NodeManager.deadline_timer.print_event_loop_stats - 12 total (1 active, 1 running), CPU time: mean = 513.245 us, total = 6.159 ms
[state-dump] 	CoreWorkerService.grpc_client.PubsubCommandBatch - 8 total (0 active), CPU time: mean = 58.221 us, total = 465.766 us
[state-dump] 	PeriodicalRunner.RunFnPeriodically - 8 total (0 active), CPU time: mean = 273.916 us, total = 2.191 ms
[state-dump] 	CoreWorkerService.grpc_client.PubsubLongPolling - 7 total (0 active), CPU time: mean = 147.979 us, total = 1.036 ms
[state-dump] 	InternalPubSubGcsService.grpc_client.GcsSubscriberPoll - 3 total (1 active), CPU time: mean = 41.759 us, total = 125.278 us
[state-dump] 	InternalPubSubGcsService.grpc_client.GcsSubscriberCommandBatch - 2 total (0 active), CPU time: mean = 59.350 us, total = 118.700 us
[state-dump] 	Subscriber.HandlePublishedMessage_WORKER_OBJECT_LOCATIONS_CHANNEL - 2 total (0 active), CPU time: mean = 24.247 us, total = 48.493 us
[state-dump] 	CoreWorkerService.grpc_client.UpdateObjectLocationBatch - 2 total (0 active), CPU time: mean = 18.242 us, total = 36.484 us
[state-dump] 	NodeInfoGcsService.grpc_client.GetAllNodeInfo - 1 total (0 active), CPU time: mean = 28.066 us, total = 28.066 us
[state-dump] 	Subscriber.HandlePublishedMessage_GCS_JOB_CHANNEL - 1 total (0 active), CPU time: mean = 47.159 us, total = 47.159 us
[state-dump] 	NodeInfoGcsService.grpc_client.GetInternalConfig - 1 total (0 active), CPU time: mean = 33.796 ms, total = 33.796 ms
[state-dump] 	JobInfoGcsService.grpc_client.GetAllJobInfo - 1 total (0 active), CPU time: mean = 343.023 us, total = 343.023 us
[state-dump] 	NodeInfoGcsService.grpc_client.RegisterNode - 1 total (0 active), CPU time: mean = 203.359 us, total = 203.359 us
[state-dump] 	AgentManagerService.grpc_server.RegisterAgent - 1 total (0 active), CPU time: mean = 194.419 us, total = 194.419 us
[state-dump] 	Subscriber.HandlePublishedMessage_WORKER_OBJECT_EVICTION - 1 total (0 active), CPU time: mean = 66.553 us, total = 66.553 us
[state-dump] 	JobInfoGcsService.grpc_client.AddJob - 1 total (0 active), CPU time: mean = 23.962 us, total = 23.962 us
[state-dump] 	NodeManagerService.grpc_server.PinObjectIDs - 1 total (0 active), CPU time: mean = 169.418 us, total = 169.418 us
[state-dump] DebugString() time ms: 0
[state-dump] 
[state-dump] 
[2026-01-30 14:15:31,362 I 3413275 3413375] (raylet) store.cc:551: ========== Plasma store: =================
Current usage: 0 / 200 GB
- num bytes created total: 7953630
0 pending objects of total size 0MB
- objects spillable: 0
- bytes spillable: 0
- objects unsealed: 0
- bytes unsealed: 0
- objects in use: 0
- bytes in use: 0
- objects evictable: 0
- bytes evictable: 0

- objects created by worker: 0
- bytes created by worker: 0
- objects restored: 0
- bytes restored: 0
- objects received: 0
- bytes received: 0
- objects errored: 0
- bytes errored: 0

[2026-01-30 14:15:31,388 I 3413275 3413275] (raylet) node_manager.cc:540: [state-dump] Event stats:
[state-dump] 
[state-dump] 
[state-dump] Global stats: 50993 total (27 active)
[state-dump] Queueing time: mean = 14.383 ms, max = 41.724 s, min = -0.000 s, total = 733.437 s
[state-dump] Execution time:  mean = 20.056 us, total = 1.023 s
[state-dump] Event stats:
[state-dump] 	NodeManagerService.grpc_server.ReportWorkerBacklog - 13046 total (0 active), CPU time: mean = 25.167 us, total = 328.334 ms
[state-dump] 	UNKNOWN - 8581 total (3 active), CPU time: mean = 1.748 us, total = 15.003 ms
[state-dump] 	ObjectManager.UpdateAvailableMemory - 7799 total (0 active), CPU time: mean = 498.176 ns, total = 3.885 ms
[state-dump] 	NodeManagerService.grpc_server.RequestResourceReport - 7735 total (0 active), CPU time: mean = 32.924 us, total = 254.668 ms
[state-dump] 	NodeManagerService.grpc_server.UpdateResourceUsage - 7735 total (0 active), CPU time: mean = 31.549 us, total = 244.033 ms
[state-dump] 	RayletWorkerPool.deadline_timer.kill_idle_workers - 3900 total (1 active), CPU time: mean = 4.643 us, total = 18.108 ms
[state-dump] 	NodeManagerService.grpc_server.GetResourceLoad - 780 total (0 active), CPU time: mean = 30.985 us, total = 24.168 ms
[state-dump] 	NodeManager.deadline_timer.flush_free_objects - 780 total (1 active), CPU time: mean = 2.466 us, total = 1.924 ms
[state-dump] 	ClientConnection.async_read.ReadBufferAsync - 328 total (18 active), CPU time: mean = 77.030 us, total = 25.266 ms
[state-dump] 	NodeManager.deadline_timer.debug_state_dump - 78 total (1 active), CPU time: mean = 373.828 us, total = 29.159 ms
[state-dump] 	NodeManager.deadline_timer.record_metrics - 52 total (1 active), CPU time: mean = 193.506 us, total = 10.062 ms
[state-dump] 	ObjectManager.ObjectDeleted - 19 total (0 active), CPU time: mean = 11.208 us, total = 212.953 us
[state-dump] 	ObjectManager.ObjectAdded - 19 total (0 active), CPU time: mean = 22.134 us, total = 420.540 us
[state-dump] 	ClientConnection.async_write.DoAsyncWrites - 18 total (0 active), CPU time: mean = 435.056 ns, total = 7.831 us
[state-dump] 	NodeManagerService.grpc_server.GetSystemConfig - 18 total (0 active), CPU time: mean = 34.279 us, total = 617.027 us
[state-dump] 	CoreWorkerService.grpc_client.LocalGC - 18 total (0 active), CPU time: mean = 10.679 us, total = 192.222 us
[state-dump] 	NodeManagerService.grpc_server.RequestWorkerLease - 17 total (0 active), CPU time: mean = 1.227 ms, total = 20.867 ms
[state-dump] 	CoreWorkerService.grpc_client.DirectActorCallArgWaitComplete - 16 total (0 active), CPU time: mean = 8.380 us, total = 134.072 us
[state-dump] 	NodeManager.deadline_timer.print_event_loop_stats - 13 total (1 active, 1 running), CPU time: mean = 519.377 us, total = 6.752 ms
[state-dump] 	CoreWorkerService.grpc_client.PubsubCommandBatch - 8 total (0 active), CPU time: mean = 58.221 us, total = 465.766 us
[state-dump] 	PeriodicalRunner.RunFnPeriodically - 8 total (0 active), CPU time: mean = 273.916 us, total = 2.191 ms
[state-dump] 	CoreWorkerService.grpc_client.PubsubLongPolling - 7 total (0 active), CPU time: mean = 147.979 us, total = 1.036 ms
[state-dump] 	InternalPubSubGcsService.grpc_client.GcsSubscriberPoll - 3 total (1 active), CPU time: mean = 41.759 us, total = 125.278 us
[state-dump] 	InternalPubSubGcsService.grpc_client.GcsSubscriberCommandBatch - 2 total (0 active), CPU time: mean = 59.350 us, total = 118.700 us
[state-dump] 	Subscriber.HandlePublishedMessage_WORKER_OBJECT_LOCATIONS_CHANNEL - 2 total (0 active), CPU time: mean = 24.247 us, total = 48.493 us
[state-dump] 	CoreWorkerService.grpc_client.UpdateObjectLocationBatch - 2 total (0 active), CPU time: mean = 18.242 us, total = 36.484 us
[state-dump] 	NodeInfoGcsService.grpc_client.GetAllNodeInfo - 1 total (0 active), CPU time: mean = 28.066 us, total = 28.066 us
[state-dump] 	Subscriber.HandlePublishedMessage_GCS_JOB_CHANNEL - 1 total (0 active), CPU time: mean = 47.159 us, total = 47.159 us
[state-dump] 	NodeInfoGcsService.grpc_client.GetInternalConfig - 1 total (0 active), CPU time: mean = 33.796 ms, total = 33.796 ms
[state-dump] 	JobInfoGcsService.grpc_client.GetAllJobInfo - 1 total (0 active), CPU time: mean = 343.023 us, total = 343.023 us
[state-dump] 	NodeInfoGcsService.grpc_client.RegisterNode - 1 total (0 active), CPU time: mean = 203.359 us, total = 203.359 us
[state-dump] 	AgentManagerService.grpc_server.RegisterAgent - 1 total (0 active), CPU time: mean = 194.419 us, total = 194.419 us
[state-dump] 	Subscriber.HandlePublishedMessage_WORKER_OBJECT_EVICTION - 1 total (0 active), CPU time: mean = 66.553 us, total = 66.553 us
[state-dump] 	JobInfoGcsService.grpc_client.AddJob - 1 total (0 active), CPU time: mean = 23.962 us, total = 23.962 us
[state-dump] 	NodeManagerService.grpc_server.PinObjectIDs - 1 total (0 active), CPU time: mean = 169.418 us, total = 169.418 us
[state-dump] 
[state-dump] NodeManager:
[state-dump] Node ID: 435ff685d8e66afce15860cd5b4687480235848d386ffa5d5547bd3d
[state-dump] Node name: 10.137.21.59
[state-dump] InitialConfigResources: {memory: 8135216732160000, GPU: 20000, node:10.137.21.59: 10000, CPU: 170000, object_store_memory: 2000000000000000, accelerator_type:H100: 10000}
[state-dump] ClusterTaskManager:
[state-dump] ========== Node: 435ff685d8e66afce15860cd5b4687480235848d386ffa5d5547bd3d =================
[state-dump] Infeasible queue length: 1
[state-dump] Schedule queue length: 0
[state-dump] Dispatch queue length: 0
[state-dump] num_waiting_for_resource: 0
[state-dump] num_waiting_for_plasma_memory: 0
[state-dump] num_waiting_for_remote_node_resources: 0
[state-dump] num_worker_not_started_by_job_config_not_exist: 0
[state-dump] num_worker_not_started_by_registration_timeout: 0
[state-dump] num_tasks_waiting_for_workers: 0
[state-dump] num_cancelled_tasks: 0
[state-dump] cluster_resource_scheduler state: 
[state-dump] Local id: -8058881002343059789 Local resources: {node:10.137.21.59: [10000]/[10000], CPU: [10000]/[170000], object_store_memory: [2000000000000000]/[2000000000000000], memory: [8135216732160000]/[8135216732160000], GPU: [10000, 10000]/[10000, 10000], accelerator_type:H100: [10000]/[10000]}node id: -8058881002343059789{node:10.137.21.59: 10000/10000, CPU: 10000/170000, object_store_memory: 2000000000000000/2000000000000000, memory: 8135216732160000/8135216732160000, GPU: 20000/20000, accelerator_type:H100: 10000/10000}{ "placment group locations": [], "node to bundles": []}
[state-dump] Waiting tasks size: 0
[state-dump] Number of executing tasks: 0
[state-dump] Number of pinned task arguments: 0
[state-dump] Number of total spilled tasks: 0
[state-dump] Number of spilled waiting tasks: 0
[state-dump] Number of spilled unschedulable tasks: 0
[state-dump] Resource usage {
[state-dump]     - (language=PYTHON actor_or_task=RolloutWorker.__init__ pid=3414093): {CPU: 1.000000}
[state-dump]     - (language=PYTHON actor_or_task=RolloutWorker.__init__ pid=3414092): {CPU: 1.000000}
[state-dump]     - (language=PYTHON actor_or_task=RolloutWorker.__init__ pid=3414084): {CPU: 1.000000}
[state-dump]     - (language=PYTHON actor_or_task=RolloutWorker.__init__ pid=3414091): {CPU: 1.000000}
[state-dump]     - (language=PYTHON actor_or_task=RolloutWorker.__init__ pid=3414089): {CPU: 1.000000}
[state-dump]     - (language=PYTHON actor_or_task=RolloutWorker.__init__ pid=3414085): {CPU: 1.000000}
[state-dump]     - (language=PYTHON actor_or_task=RolloutWorker.__init__ pid=3414094): {CPU: 1.000000}
[state-dump]     - (language=PYTHON actor_or_task=RolloutWorker.__init__ pid=3414083): {CPU: 1.000000}
[state-dump]     - (language=PYTHON actor_or_task=RolloutWorker.__init__ pid=3414088): {CPU: 1.000000}
[state-dump]     - (language=PYTHON actor_or_task=RolloutWorker.__init__ pid=3414080): {CPU: 1.000000}
[state-dump]     - (language=PYTHON actor_or_task=RolloutWorker.__init__ pid=3414095): {CPU: 1.000000}
[state-dump]     - (language=PYTHON actor_or_task=RolloutWorker.__init__ pid=3414081): {CPU: 1.000000}
[state-dump]     - (language=PYTHON actor_or_task=RolloutWorker.__init__ pid=3414082): {CPU: 1.000000}
[state-dump]     - (language=PYTHON actor_or_task=RolloutWorker.__init__ pid=3414087): {CPU: 1.000000}
[state-dump]     - (language=PYTHON actor_or_task=RolloutWorker.__init__ pid=3414086): {CPU: 1.000000}
[state-dump]     - (language=PYTHON actor_or_task=RolloutWorker.__init__ pid=3414090): {CPU: 1.000000}
[state-dump] }
[state-dump] Running tasks by scheduling class:
[state-dump] ==================================================
[state-dump] 
[state-dump] ClusterResources:
[state-dump] LocalObjectManager:
[state-dump] - num pinned objects: 0
[state-dump] - pinned objects size: 0
[state-dump] - num objects pending restore: 0
[state-dump] - num objects pending spill: 0
[state-dump] - num bytes pending spill: 0
[state-dump] - num bytes currently spilled: 0
[state-dump] - cumulative spill requests: 0
[state-dump] - cumulative restore requests: 0
[state-dump] - spilled objects pending delete: 0
[state-dump] 
[state-dump] ObjectManager:
[state-dump] - num local objects: 0
[state-dump] - num unfulfilled push requests: 0
[state-dump] - num object pull requests: 0
[state-dump] - num chunks received total: 0
[state-dump] - num chunks received failed (all): 0
[state-dump] - num chunks received failed / cancelled: 0
[state-dump] - num chunks received failed / plasma error: 0
[state-dump] Event stats:
[state-dump] Global stats: 1 total (0 active)
[state-dump] Queueing time: mean = 25.771 us, max = 25.771 us, min = 25.771 us, total = 25.771 us
[state-dump] Execution time:  mean = 5.425 us, total = 5.425 us
[state-dump] Event stats:
[state-dump] 	ObjectManager.FreeObjects - 1 total (0 active), CPU time: mean = 5.425 us, total = 5.425 us
[state-dump] PushManager:
[state-dump] - num pushes in flight: 0
[state-dump] - num chunks in flight: 0
[state-dump] - num chunks remaining: 0
[state-dump] - max chunks allowed: 409
[state-dump] OwnershipBasedObjectDirectory:
[state-dump] - num listeners: 0
[state-dump] - cumulative location updates: 2
[state-dump] - num location updates per second: 0.000
[state-dump] - num location lookups per second: 0.000
[state-dump] - num locations added per second: 0.000
[state-dump] - num locations removed per second: 0.000
[state-dump] BufferPool:
[state-dump] - create buffer state map size: 0
[state-dump] PullManager:
[state-dump] - num bytes available for pulled objects: 200000000000
[state-dump] - num bytes being pulled (all): 0
[state-dump] - num bytes being pulled / pinned: 0
[state-dump] - get request bundles: BundlePullRequestQueue{0 total, 0 active, 0 inactive, 0 unpullable}
[state-dump] - wait request bundles: BundlePullRequestQueue{0 total, 0 active, 0 inactive, 0 unpullable}
[state-dump] - task request bundles: BundlePullRequestQueue{0 total, 0 active, 0 inactive, 0 unpullable}
[state-dump] - first get request bundle: N/A
[state-dump] - first wait request bundle: N/A
[state-dump] - first task request bundle: N/A
[state-dump] - num objects queued: 0
[state-dump] - num objects actively pulled (all): 0
[state-dump] - num objects actively pulled / pinned: 0
[state-dump] - num bundles being pulled: 0
[state-dump] - num pull retries: 0
[state-dump] - max timeout seconds: 0
[state-dump] - max timeout request is already processed. No entry.
[state-dump] 
[state-dump] WorkerPool:
[state-dump] - registered jobs: 1
[state-dump] - process_failed_job_config_missing: 0
[state-dump] - process_failed_rate_limited: 0
[state-dump] - process_failed_pending_registration: 0
[state-dump] - process_failed_runtime_env_setup_failed: 0
[state-dump] - num JAVA workers: 0
[state-dump] - num JAVA drivers: 0
[state-dump] - num object spill callbacks queued: 0
[state-dump] - num object restore queued: 0
[state-dump] - num util functions queued: 0
[state-dump] - num PYTHON workers: 17
[state-dump] - num PYTHON drivers: 1
[state-dump] - num object spill callbacks queued: 0
[state-dump] - num object restore queued: 0
[state-dump] - num util functions queued: 0
[state-dump] - num idle workers: 1
[state-dump] TaskDependencyManager:
[state-dump] - task deps map size: 0
[state-dump] - get req map size: 0
[state-dump] - wait req map size: 0
[state-dump] - local objects map size: 0
[state-dump] WaitManager:
[state-dump] - num active wait requests: 0
[state-dump] Subscriber:
[state-dump] Channel WORKER_REF_REMOVED_CHANNEL
[state-dump] - cumulative subscribe requests: 0
[state-dump] - cumulative unsubscribe requests: 0
[state-dump] - active subscribed publishers: 0
[state-dump] - cumulative published messages: 0
[state-dump] - cumulative processed messages: 0
[state-dump] Channel WORKER_OBJECT_EVICTION
[state-dump] - cumulative subscribe requests: 1
[state-dump] - cumulative unsubscribe requests: 1
[state-dump] - active subscribed publishers: 0
[state-dump] - cumulative published messages: 1
[state-dump] - cumulative processed messages: 1
[state-dump] Channel WORKER_OBJECT_LOCATIONS_CHANNEL
[state-dump] - cumulative subscribe requests: 5
[state-dump] - cumulative unsubscribe requests: 5
[state-dump] - active subscribed publishers: 0
[state-dump] - cumulative published messages: 2
[state-dump] - cumulative processed messages: 2
[state-dump] num async plasma notifications: 0
[state-dump] Remote node managers: 
[state-dump] Event stats:
[state-dump] Global stats: 50993 total (27 active)
[state-dump] Queueing time: mean = 14.383 ms, max = 41.724 s, min = -0.000 s, total = 733.437 s
[state-dump] Execution time:  mean = 20.056 us, total = 1.023 s
[state-dump] Event stats:
[state-dump] 	NodeManagerService.grpc_server.ReportWorkerBacklog - 13046 total (0 active), CPU time: mean = 25.167 us, total = 328.334 ms
[state-dump] 	UNKNOWN - 8581 total (3 active), CPU time: mean = 1.748 us, total = 15.003 ms
[state-dump] 	ObjectManager.UpdateAvailableMemory - 7799 total (0 active), CPU time: mean = 498.176 ns, total = 3.885 ms
[state-dump] 	NodeManagerService.grpc_server.RequestResourceReport - 7735 total (0 active), CPU time: mean = 32.924 us, total = 254.668 ms
[state-dump] 	NodeManagerService.grpc_server.UpdateResourceUsage - 7735 total (0 active), CPU time: mean = 31.549 us, total = 244.033 ms
[state-dump] 	RayletWorkerPool.deadline_timer.kill_idle_workers - 3900 total (1 active), CPU time: mean = 4.643 us, total = 18.108 ms
[state-dump] 	NodeManagerService.grpc_server.GetResourceLoad - 780 total (0 active), CPU time: mean = 30.985 us, total = 24.168 ms
[state-dump] 	NodeManager.deadline_timer.flush_free_objects - 780 total (1 active), CPU time: mean = 2.466 us, total = 1.924 ms
[state-dump] 	ClientConnection.async_read.ReadBufferAsync - 328 total (18 active), CPU time: mean = 77.030 us, total = 25.266 ms
[state-dump] 	NodeManager.deadline_timer.debug_state_dump - 78 total (1 active), CPU time: mean = 373.828 us, total = 29.159 ms
[state-dump] 	NodeManager.deadline_timer.record_metrics - 52 total (1 active), CPU time: mean = 193.506 us, total = 10.062 ms
[state-dump] 	ObjectManager.ObjectDeleted - 19 total (0 active), CPU time: mean = 11.208 us, total = 212.953 us
[state-dump] 	ObjectManager.ObjectAdded - 19 total (0 active), CPU time: mean = 22.134 us, total = 420.540 us
[state-dump] 	ClientConnection.async_write.DoAsyncWrites - 18 total (0 active), CPU time: mean = 435.056 ns, total = 7.831 us
[state-dump] 	NodeManagerService.grpc_server.GetSystemConfig - 18 total (0 active), CPU time: mean = 34.279 us, total = 617.027 us
[state-dump] 	CoreWorkerService.grpc_client.LocalGC - 18 total (0 active), CPU time: mean = 10.679 us, total = 192.222 us
[state-dump] 	NodeManagerService.grpc_server.RequestWorkerLease - 17 total (0 active), CPU time: mean = 1.227 ms, total = 20.867 ms
[state-dump] 	CoreWorkerService.grpc_client.DirectActorCallArgWaitComplete - 16 total (0 active), CPU time: mean = 8.380 us, total = 134.072 us
[state-dump] 	NodeManager.deadline_timer.print_event_loop_stats - 13 total (1 active, 1 running), CPU time: mean = 519.377 us, total = 6.752 ms
[state-dump] 	CoreWorkerService.grpc_client.PubsubCommandBatch - 8 total (0 active), CPU time: mean = 58.221 us, total = 465.766 us
[state-dump] 	PeriodicalRunner.RunFnPeriodically - 8 total (0 active), CPU time: mean = 273.916 us, total = 2.191 ms
[state-dump] 	CoreWorkerService.grpc_client.PubsubLongPolling - 7 total (0 active), CPU time: mean = 147.979 us, total = 1.036 ms
[state-dump] 	InternalPubSubGcsService.grpc_client.GcsSubscriberPoll - 3 total (1 active), CPU time: mean = 41.759 us, total = 125.278 us
[state-dump] 	InternalPubSubGcsService.grpc_client.GcsSubscriberCommandBatch - 2 total (0 active), CPU time: mean = 59.350 us, total = 118.700 us
[state-dump] 	Subscriber.HandlePublishedMessage_WORKER_OBJECT_LOCATIONS_CHANNEL - 2 total (0 active), CPU time: mean = 24.247 us, total = 48.493 us
[state-dump] 	CoreWorkerService.grpc_client.UpdateObjectLocationBatch - 2 total (0 active), CPU time: mean = 18.242 us, total = 36.484 us
[state-dump] 	NodeInfoGcsService.grpc_client.GetAllNodeInfo - 1 total (0 active), CPU time: mean = 28.066 us, total = 28.066 us
[state-dump] 	Subscriber.HandlePublishedMessage_GCS_JOB_CHANNEL - 1 total (0 active), CPU time: mean = 47.159 us, total = 47.159 us
[state-dump] 	NodeInfoGcsService.grpc_client.GetInternalConfig - 1 total (0 active), CPU time: mean = 33.796 ms, total = 33.796 ms
[state-dump] 	JobInfoGcsService.grpc_client.GetAllJobInfo - 1 total (0 active), CPU time: mean = 343.023 us, total = 343.023 us
[state-dump] 	NodeInfoGcsService.grpc_client.RegisterNode - 1 total (0 active), CPU time: mean = 203.359 us, total = 203.359 us
[state-dump] 	AgentManagerService.grpc_server.RegisterAgent - 1 total (0 active), CPU time: mean = 194.419 us, total = 194.419 us
[state-dump] 	Subscriber.HandlePublishedMessage_WORKER_OBJECT_EVICTION - 1 total (0 active), CPU time: mean = 66.553 us, total = 66.553 us
[state-dump] 	JobInfoGcsService.grpc_client.AddJob - 1 total (0 active), CPU time: mean = 23.962 us, total = 23.962 us
[state-dump] 	NodeManagerService.grpc_server.PinObjectIDs - 1 total (0 active), CPU time: mean = 169.418 us, total = 169.418 us
[state-dump] DebugString() time ms: 0
[state-dump] 
[state-dump] 
[2026-01-30 14:16:31,362 I 3413275 3413375] (raylet) store.cc:551: ========== Plasma store: =================
Current usage: 0 / 200 GB
- num bytes created total: 7953630
0 pending objects of total size 0MB
- objects spillable: 0
- bytes spillable: 0
- objects unsealed: 0
- bytes unsealed: 0
- objects in use: 0
- bytes in use: 0
- objects evictable: 0
- bytes evictable: 0

- objects created by worker: 0
- bytes created by worker: 0
- objects restored: 0
- bytes restored: 0
- objects received: 0
- bytes received: 0
- objects errored: 0
- bytes errored: 0

[2026-01-30 14:16:31,389 I 3413275 3413275] (raylet) node_manager.cc:540: [state-dump] Event stats:
[state-dump] 
[state-dump] 
[state-dump] Global stats: 54954 total (27 active)
[state-dump] Queueing time: mean = 13.347 ms, max = 41.724 s, min = -0.000 s, total = 733.479 s
[state-dump] Execution time:  mean = 19.880 us, total = 1.092 s
[state-dump] Event stats:
[state-dump] 	NodeManagerService.grpc_server.ReportWorkerBacklog - 14126 total (0 active), CPU time: mean = 25.055 us, total = 353.933 ms
[state-dump] 	UNKNOWN - 9241 total (3 active), CPU time: mean = 1.764 us, total = 16.298 ms
[state-dump] 	ObjectManager.UpdateAvailableMemory - 8399 total (0 active), CPU time: mean = 492.822 ns, total = 4.139 ms
[state-dump] 	NodeManagerService.grpc_server.RequestResourceReport - 8330 total (0 active), CPU time: mean = 32.806 us, total = 273.278 ms
[state-dump] 	NodeManagerService.grpc_server.UpdateResourceUsage - 8330 total (0 active), CPU time: mean = 31.383 us, total = 261.422 ms
[state-dump] 	RayletWorkerPool.deadline_timer.kill_idle_workers - 4200 total (1 active), CPU time: mean = 4.633 us, total = 19.457 ms
[state-dump] 	NodeManagerService.grpc_server.GetResourceLoad - 840 total (0 active), CPU time: mean = 30.723 us, total = 25.807 ms
[state-dump] 	NodeManager.deadline_timer.flush_free_objects - 840 total (1 active), CPU time: mean = 2.533 us, total = 2.128 ms
[state-dump] 	ClientConnection.async_read.ReadBufferAsync - 328 total (18 active), CPU time: mean = 77.030 us, total = 25.266 ms
[state-dump] 	NodeManager.deadline_timer.debug_state_dump - 84 total (1 active), CPU time: mean = 372.922 us, total = 31.325 ms
[state-dump] 	NodeManager.deadline_timer.record_metrics - 56 total (1 active), CPU time: mean = 192.919 us, total = 10.803 ms
[state-dump] 	ObjectManager.ObjectDeleted - 19 total (0 active), CPU time: mean = 11.208 us, total = 212.953 us
[state-dump] 	ObjectManager.ObjectAdded - 19 total (0 active), CPU time: mean = 22.134 us, total = 420.540 us
[state-dump] 	ClientConnection.async_write.DoAsyncWrites - 18 total (0 active), CPU time: mean = 435.056 ns, total = 7.831 us
[state-dump] 	NodeManagerService.grpc_server.GetSystemConfig - 18 total (0 active), CPU time: mean = 34.279 us, total = 617.027 us
[state-dump] 	CoreWorkerService.grpc_client.LocalGC - 18 total (0 active), CPU time: mean = 10.679 us, total = 192.222 us
[state-dump] 	NodeManagerService.grpc_server.RequestWorkerLease - 17 total (0 active), CPU time: mean = 1.227 ms, total = 20.867 ms
[state-dump] 	CoreWorkerService.grpc_client.DirectActorCallArgWaitComplete - 16 total (0 active), CPU time: mean = 8.380 us, total = 134.072 us
[state-dump] 	NodeManager.deadline_timer.print_event_loop_stats - 14 total (1 active, 1 running), CPU time: mean = 518.936 us, total = 7.265 ms
[state-dump] 	CoreWorkerService.grpc_client.PubsubCommandBatch - 8 total (0 active), CPU time: mean = 58.221 us, total = 465.766 us
[state-dump] 	PeriodicalRunner.RunFnPeriodically - 8 total (0 active), CPU time: mean = 273.916 us, total = 2.191 ms
[state-dump] 	CoreWorkerService.grpc_client.PubsubLongPolling - 7 total (0 active), CPU time: mean = 147.979 us, total = 1.036 ms
[state-dump] 	InternalPubSubGcsService.grpc_client.GcsSubscriberPoll - 3 total (1 active), CPU time: mean = 41.759 us, total = 125.278 us
[state-dump] 	InternalPubSubGcsService.grpc_client.GcsSubscriberCommandBatch - 2 total (0 active), CPU time: mean = 59.350 us, total = 118.700 us
[state-dump] 	Subscriber.HandlePublishedMessage_WORKER_OBJECT_LOCATIONS_CHANNEL - 2 total (0 active), CPU time: mean = 24.247 us, total = 48.493 us
[state-dump] 	CoreWorkerService.grpc_client.UpdateObjectLocationBatch - 2 total (0 active), CPU time: mean = 18.242 us, total = 36.484 us
[state-dump] 	NodeInfoGcsService.grpc_client.GetAllNodeInfo - 1 total (0 active), CPU time: mean = 28.066 us, total = 28.066 us
[state-dump] 	Subscriber.HandlePublishedMessage_GCS_JOB_CHANNEL - 1 total (0 active), CPU time: mean = 47.159 us, total = 47.159 us
[state-dump] 	NodeInfoGcsService.grpc_client.GetInternalConfig - 1 total (0 active), CPU time: mean = 33.796 ms, total = 33.796 ms
[state-dump] 	JobInfoGcsService.grpc_client.GetAllJobInfo - 1 total (0 active), CPU time: mean = 343.023 us, total = 343.023 us
[state-dump] 	NodeInfoGcsService.grpc_client.RegisterNode - 1 total (0 active), CPU time: mean = 203.359 us, total = 203.359 us
[state-dump] 	AgentManagerService.grpc_server.RegisterAgent - 1 total (0 active), CPU time: mean = 194.419 us, total = 194.419 us
[state-dump] 	Subscriber.HandlePublishedMessage_WORKER_OBJECT_EVICTION - 1 total (0 active), CPU time: mean = 66.553 us, total = 66.553 us
[state-dump] 	JobInfoGcsService.grpc_client.AddJob - 1 total (0 active), CPU time: mean = 23.962 us, total = 23.962 us
[state-dump] 	NodeManagerService.grpc_server.PinObjectIDs - 1 total (0 active), CPU time: mean = 169.418 us, total = 169.418 us
[state-dump] 
[state-dump] NodeManager:
[state-dump] Node ID: 435ff685d8e66afce15860cd5b4687480235848d386ffa5d5547bd3d
[state-dump] Node name: 10.137.21.59
[state-dump] InitialConfigResources: {memory: 8135216732160000, GPU: 20000, node:10.137.21.59: 10000, CPU: 170000, object_store_memory: 2000000000000000, accelerator_type:H100: 10000}
[state-dump] ClusterTaskManager:
[state-dump] ========== Node: 435ff685d8e66afce15860cd5b4687480235848d386ffa5d5547bd3d =================
[state-dump] Infeasible queue length: 1
[state-dump] Schedule queue length: 0
[state-dump] Dispatch queue length: 0
[state-dump] num_waiting_for_resource: 0
[state-dump] num_waiting_for_plasma_memory: 0
[state-dump] num_waiting_for_remote_node_resources: 0
[state-dump] num_worker_not_started_by_job_config_not_exist: 0
[state-dump] num_worker_not_started_by_registration_timeout: 0
[state-dump] num_tasks_waiting_for_workers: 0
[state-dump] num_cancelled_tasks: 0
[state-dump] cluster_resource_scheduler state: 
[state-dump] Local id: -8058881002343059789 Local resources: {node:10.137.21.59: [10000]/[10000], CPU: [10000]/[170000], object_store_memory: [2000000000000000]/[2000000000000000], memory: [8135216732160000]/[8135216732160000], GPU: [10000, 10000]/[10000, 10000], accelerator_type:H100: [10000]/[10000]}node id: -8058881002343059789{node:10.137.21.59: 10000/10000, CPU: 10000/170000, object_store_memory: 2000000000000000/2000000000000000, memory: 8135216732160000/8135216732160000, GPU: 20000/20000, accelerator_type:H100: 10000/10000}{ "placment group locations": [], "node to bundles": []}
[state-dump] Waiting tasks size: 0
[state-dump] Number of executing tasks: 0
[state-dump] Number of pinned task arguments: 0
[state-dump] Number of total spilled tasks: 0
[state-dump] Number of spilled waiting tasks: 0
[state-dump] Number of spilled unschedulable tasks: 0
[state-dump] Resource usage {
[state-dump]     - (language=PYTHON actor_or_task=RolloutWorker.__init__ pid=3414093): {CPU: 1.000000}
[state-dump]     - (language=PYTHON actor_or_task=RolloutWorker.__init__ pid=3414092): {CPU: 1.000000}
[state-dump]     - (language=PYTHON actor_or_task=RolloutWorker.__init__ pid=3414084): {CPU: 1.000000}
[state-dump]     - (language=PYTHON actor_or_task=RolloutWorker.__init__ pid=3414091): {CPU: 1.000000}
[state-dump]     - (language=PYTHON actor_or_task=RolloutWorker.__init__ pid=3414089): {CPU: 1.000000}
[state-dump]     - (language=PYTHON actor_or_task=RolloutWorker.__init__ pid=3414085): {CPU: 1.000000}
[state-dump]     - (language=PYTHON actor_or_task=RolloutWorker.__init__ pid=3414094): {CPU: 1.000000}
[state-dump]     - (language=PYTHON actor_or_task=RolloutWorker.__init__ pid=3414083): {CPU: 1.000000}
[state-dump]     - (language=PYTHON actor_or_task=RolloutWorker.__init__ pid=3414088): {CPU: 1.000000}
[state-dump]     - (language=PYTHON actor_or_task=RolloutWorker.__init__ pid=3414080): {CPU: 1.000000}
[state-dump]     - (language=PYTHON actor_or_task=RolloutWorker.__init__ pid=3414095): {CPU: 1.000000}
[state-dump]     - (language=PYTHON actor_or_task=RolloutWorker.__init__ pid=3414081): {CPU: 1.000000}
[state-dump]     - (language=PYTHON actor_or_task=RolloutWorker.__init__ pid=3414082): {CPU: 1.000000}
[state-dump]     - (language=PYTHON actor_or_task=RolloutWorker.__init__ pid=3414087): {CPU: 1.000000}
[state-dump]     - (language=PYTHON actor_or_task=RolloutWorker.__init__ pid=3414086): {CPU: 1.000000}
[state-dump]     - (language=PYTHON actor_or_task=RolloutWorker.__init__ pid=3414090): {CPU: 1.000000}
[state-dump] }
[state-dump] Running tasks by scheduling class:
[state-dump] ==================================================
[state-dump] 
[state-dump] ClusterResources:
[state-dump] LocalObjectManager:
[state-dump] - num pinned objects: 0
[state-dump] - pinned objects size: 0
[state-dump] - num objects pending restore: 0
[state-dump] - num objects pending spill: 0
[state-dump] - num bytes pending spill: 0
[state-dump] - num bytes currently spilled: 0
[state-dump] - cumulative spill requests: 0
[state-dump] - cumulative restore requests: 0
[state-dump] - spilled objects pending delete: 0
[state-dump] 
[state-dump] ObjectManager:
[state-dump] - num local objects: 0
[state-dump] - num unfulfilled push requests: 0
[state-dump] - num object pull requests: 0
[state-dump] - num chunks received total: 0
[state-dump] - num chunks received failed (all): 0
[state-dump] - num chunks received failed / cancelled: 0
[state-dump] - num chunks received failed / plasma error: 0
[state-dump] Event stats:
[state-dump] Global stats: 1 total (0 active)
[state-dump] Queueing time: mean = 25.771 us, max = 25.771 us, min = 25.771 us, total = 25.771 us
[state-dump] Execution time:  mean = 5.425 us, total = 5.425 us
[state-dump] Event stats:
[state-dump] 	ObjectManager.FreeObjects - 1 total (0 active), CPU time: mean = 5.425 us, total = 5.425 us
[state-dump] PushManager:
[state-dump] - num pushes in flight: 0
[state-dump] - num chunks in flight: 0
[state-dump] - num chunks remaining: 0
[state-dump] - max chunks allowed: 409
[state-dump] OwnershipBasedObjectDirectory:
[state-dump] - num listeners: 0
[state-dump] - cumulative location updates: 2
[state-dump] - num location updates per second: 0.000
[state-dump] - num location lookups per second: 0.000
[state-dump] - num locations added per second: 0.000
[state-dump] - num locations removed per second: 0.000
[state-dump] BufferPool:
[state-dump] - create buffer state map size: 0
[state-dump] PullManager:
[state-dump] - num bytes available for pulled objects: 200000000000
[state-dump] - num bytes being pulled (all): 0
[state-dump] - num bytes being pulled / pinned: 0
[state-dump] - get request bundles: BundlePullRequestQueue{0 total, 0 active, 0 inactive, 0 unpullable}
[state-dump] - wait request bundles: BundlePullRequestQueue{0 total, 0 active, 0 inactive, 0 unpullable}
[state-dump] - task request bundles: BundlePullRequestQueue{0 total, 0 active, 0 inactive, 0 unpullable}
[state-dump] - first get request bundle: N/A
[state-dump] - first wait request bundle: N/A
[state-dump] - first task request bundle: N/A
[state-dump] - num objects queued: 0
[state-dump] - num objects actively pulled (all): 0
[state-dump] - num objects actively pulled / pinned: 0
[state-dump] - num bundles being pulled: 0
[state-dump] - num pull retries: 0
[state-dump] - max timeout seconds: 0
[state-dump] - max timeout request is already processed. No entry.
[state-dump] 
[state-dump] WorkerPool:
[state-dump] - registered jobs: 1
[state-dump] - process_failed_job_config_missing: 0
[state-dump] - process_failed_rate_limited: 0
[state-dump] - process_failed_pending_registration: 0
[state-dump] - process_failed_runtime_env_setup_failed: 0
[state-dump] - num JAVA workers: 0
[state-dump] - num JAVA drivers: 0
[state-dump] - num object spill callbacks queued: 0
[state-dump] - num object restore queued: 0
[state-dump] - num util functions queued: 0
[state-dump] - num PYTHON workers: 17
[state-dump] - num PYTHON drivers: 1
[state-dump] - num object spill callbacks queued: 0
[state-dump] - num object restore queued: 0
[state-dump] - num util functions queued: 0
[state-dump] - num idle workers: 1
[state-dump] TaskDependencyManager:
[state-dump] - task deps map size: 0
[state-dump] - get req map size: 0
[state-dump] - wait req map size: 0
[state-dump] - local objects map size: 0
[state-dump] WaitManager:
[state-dump] - num active wait requests: 0
[state-dump] Subscriber:
[state-dump] Channel WORKER_REF_REMOVED_CHANNEL
[state-dump] - cumulative subscribe requests: 0
[state-dump] - cumulative unsubscribe requests: 0
[state-dump] - active subscribed publishers: 0
[state-dump] - cumulative published messages: 0
[state-dump] - cumulative processed messages: 0
[state-dump] Channel WORKER_OBJECT_EVICTION
[state-dump] - cumulative subscribe requests: 1
[state-dump] - cumulative unsubscribe requests: 1
[state-dump] - active subscribed publishers: 0
[state-dump] - cumulative published messages: 1
[state-dump] - cumulative processed messages: 1
[state-dump] Channel WORKER_OBJECT_LOCATIONS_CHANNEL
[state-dump] - cumulative subscribe requests: 5
[state-dump] - cumulative unsubscribe requests: 5
[state-dump] - active subscribed publishers: 0
[state-dump] - cumulative published messages: 2
[state-dump] - cumulative processed messages: 2
[state-dump] num async plasma notifications: 0
[state-dump] Remote node managers: 
[state-dump] Event stats:
[state-dump] Global stats: 54954 total (27 active)
[state-dump] Queueing time: mean = 13.347 ms, max = 41.724 s, min = -0.000 s, total = 733.479 s
[state-dump] Execution time:  mean = 19.880 us, total = 1.092 s
[state-dump] Event stats:
[state-dump] 	NodeManagerService.grpc_server.ReportWorkerBacklog - 14126 total (0 active), CPU time: mean = 25.055 us, total = 353.933 ms
[state-dump] 	UNKNOWN - 9241 total (3 active), CPU time: mean = 1.764 us, total = 16.298 ms
[state-dump] 	ObjectManager.UpdateAvailableMemory - 8399 total (0 active), CPU time: mean = 492.822 ns, total = 4.139 ms
[state-dump] 	NodeManagerService.grpc_server.RequestResourceReport - 8330 total (0 active), CPU time: mean = 32.806 us, total = 273.278 ms
[state-dump] 	NodeManagerService.grpc_server.UpdateResourceUsage - 8330 total (0 active), CPU time: mean = 31.383 us, total = 261.422 ms
[state-dump] 	RayletWorkerPool.deadline_timer.kill_idle_workers - 4200 total (1 active), CPU time: mean = 4.633 us, total = 19.457 ms
[state-dump] 	NodeManagerService.grpc_server.GetResourceLoad - 840 total (0 active), CPU time: mean = 30.723 us, total = 25.807 ms
[state-dump] 	NodeManager.deadline_timer.flush_free_objects - 840 total (1 active), CPU time: mean = 2.533 us, total = 2.128 ms
[state-dump] 	ClientConnection.async_read.ReadBufferAsync - 328 total (18 active), CPU time: mean = 77.030 us, total = 25.266 ms
[state-dump] 	NodeManager.deadline_timer.debug_state_dump - 84 total (1 active), CPU time: mean = 372.922 us, total = 31.325 ms
[state-dump] 	NodeManager.deadline_timer.record_metrics - 56 total (1 active), CPU time: mean = 192.919 us, total = 10.803 ms
[state-dump] 	ObjectManager.ObjectDeleted - 19 total (0 active), CPU time: mean = 11.208 us, total = 212.953 us
[state-dump] 	ObjectManager.ObjectAdded - 19 total (0 active), CPU time: mean = 22.134 us, total = 420.540 us
[state-dump] 	ClientConnection.async_write.DoAsyncWrites - 18 total (0 active), CPU time: mean = 435.056 ns, total = 7.831 us
[state-dump] 	NodeManagerService.grpc_server.GetSystemConfig - 18 total (0 active), CPU time: mean = 34.279 us, total = 617.027 us
[state-dump] 	CoreWorkerService.grpc_client.LocalGC - 18 total (0 active), CPU time: mean = 10.679 us, total = 192.222 us
[state-dump] 	NodeManagerService.grpc_server.RequestWorkerLease - 17 total (0 active), CPU time: mean = 1.227 ms, total = 20.867 ms
[state-dump] 	CoreWorkerService.grpc_client.DirectActorCallArgWaitComplete - 16 total (0 active), CPU time: mean = 8.380 us, total = 134.072 us
[state-dump] 	NodeManager.deadline_timer.print_event_loop_stats - 14 total (1 active, 1 running), CPU time: mean = 518.936 us, total = 7.265 ms
[state-dump] 	CoreWorkerService.grpc_client.PubsubCommandBatch - 8 total (0 active), CPU time: mean = 58.221 us, total = 465.766 us
[state-dump] 	PeriodicalRunner.RunFnPeriodically - 8 total (0 active), CPU time: mean = 273.916 us, total = 2.191 ms
[state-dump] 	CoreWorkerService.grpc_client.PubsubLongPolling - 7 total (0 active), CPU time: mean = 147.979 us, total = 1.036 ms
[state-dump] 	InternalPubSubGcsService.grpc_client.GcsSubscriberPoll - 3 total (1 active), CPU time: mean = 41.759 us, total = 125.278 us
[state-dump] 	InternalPubSubGcsService.grpc_client.GcsSubscriberCommandBatch - 2 total (0 active), CPU time: mean = 59.350 us, total = 118.700 us
[state-dump] 	Subscriber.HandlePublishedMessage_WORKER_OBJECT_LOCATIONS_CHANNEL - 2 total (0 active), CPU time: mean = 24.247 us, total = 48.493 us
[state-dump] 	CoreWorkerService.grpc_client.UpdateObjectLocationBatch - 2 total (0 active), CPU time: mean = 18.242 us, total = 36.484 us
[state-dump] 	NodeInfoGcsService.grpc_client.GetAllNodeInfo - 1 total (0 active), CPU time: mean = 28.066 us, total = 28.066 us
[state-dump] 	Subscriber.HandlePublishedMessage_GCS_JOB_CHANNEL - 1 total (0 active), CPU time: mean = 47.159 us, total = 47.159 us
[state-dump] 	NodeInfoGcsService.grpc_client.GetInternalConfig - 1 total (0 active), CPU time: mean = 33.796 ms, total = 33.796 ms
[state-dump] 	JobInfoGcsService.grpc_client.GetAllJobInfo - 1 total (0 active), CPU time: mean = 343.023 us, total = 343.023 us
[state-dump] 	NodeInfoGcsService.grpc_client.RegisterNode - 1 total (0 active), CPU time: mean = 203.359 us, total = 203.359 us
[state-dump] 	AgentManagerService.grpc_server.RegisterAgent - 1 total (0 active), CPU time: mean = 194.419 us, total = 194.419 us
[state-dump] 	Subscriber.HandlePublishedMessage_WORKER_OBJECT_EVICTION - 1 total (0 active), CPU time: mean = 66.553 us, total = 66.553 us
[state-dump] 	JobInfoGcsService.grpc_client.AddJob - 1 total (0 active), CPU time: mean = 23.962 us, total = 23.962 us
[state-dump] 	NodeManagerService.grpc_server.PinObjectIDs - 1 total (0 active), CPU time: mean = 169.418 us, total = 169.418 us
[state-dump] DebugString() time ms: 1
[state-dump] 
[state-dump] 
[2026-01-30 14:17:31,362 I 3413275 3413375] (raylet) store.cc:551: ========== Plasma store: =================
Current usage: 0 / 200 GB
- num bytes created total: 7953630
0 pending objects of total size 0MB
- objects spillable: 0
- bytes spillable: 0
- objects unsealed: 0
- bytes unsealed: 0
- objects in use: 0
- bytes in use: 0
- objects evictable: 0
- bytes evictable: 0

- objects created by worker: 0
- bytes created by worker: 0
- objects restored: 0
- bytes restored: 0
- objects received: 0
- bytes received: 0
- objects errored: 0
- bytes errored: 0

[2026-01-30 14:17:31,389 I 3413275 3413275] (raylet) node_manager.cc:540: [state-dump] Event stats:
[state-dump] 
[state-dump] 
[state-dump] Global stats: 58914 total (27 active)
[state-dump] Queueing time: mean = 12.451 ms, max = 41.724 s, min = -0.000 s, total = 733.519 s
[state-dump] Execution time:  mean = 19.699 us, total = 1.161 s
[state-dump] Event stats:
[state-dump] 	NodeManagerService.grpc_server.ReportWorkerBacklog - 15206 total (0 active), CPU time: mean = 24.968 us, total = 379.665 ms
[state-dump] 	UNKNOWN - 9902 total (3 active), CPU time: mean = 1.776 us, total = 17.584 ms
[state-dump] 	ObjectManager.UpdateAvailableMemory - 8999 total (0 active), CPU time: mean = 489.379 ns, total = 4.404 ms
[state-dump] 	NodeManagerService.grpc_server.RequestResourceReport - 8924 total (0 active), CPU time: mean = 32.657 us, total = 291.429 ms
[state-dump] 	NodeManagerService.grpc_server.UpdateResourceUsage - 8924 total (0 active), CPU time: mean = 31.102 us, total = 277.557 ms
[state-dump] 	RayletWorkerPool.deadline_timer.kill_idle_workers - 4500 total (1 active), CPU time: mean = 4.588 us, total = 20.644 ms
[state-dump] 	NodeManagerService.grpc_server.GetResourceLoad - 900 total (0 active), CPU time: mean = 30.487 us, total = 27.439 ms
[state-dump] 	NodeManager.deadline_timer.flush_free_objects - 900 total (1 active), CPU time: mean = 2.497 us, total = 2.248 ms
[state-dump] 	ClientConnection.async_read.ReadBufferAsync - 328 total (18 active), CPU time: mean = 77.030 us, total = 25.266 ms
[state-dump] 	NodeManager.deadline_timer.debug_state_dump - 90 total (1 active), CPU time: mean = 371.714 us, total = 33.454 ms
[state-dump] 	NodeManager.deadline_timer.record_metrics - 60 total (1 active), CPU time: mean = 195.585 us, total = 11.735 ms
[state-dump] 	ObjectManager.ObjectDeleted - 19 total (0 active), CPU time: mean = 11.208 us, total = 212.953 us
[state-dump] 	ObjectManager.ObjectAdded - 19 total (0 active), CPU time: mean = 22.134 us, total = 420.540 us
[state-dump] 	ClientConnection.async_write.DoAsyncWrites - 18 total (0 active), CPU time: mean = 435.056 ns, total = 7.831 us
[state-dump] 	NodeManagerService.grpc_server.GetSystemConfig - 18 total (0 active), CPU time: mean = 34.279 us, total = 617.027 us
[state-dump] 	CoreWorkerService.grpc_client.LocalGC - 18 total (0 active), CPU time: mean = 10.679 us, total = 192.222 us
[state-dump] 	NodeManagerService.grpc_server.RequestWorkerLease - 17 total (0 active), CPU time: mean = 1.227 ms, total = 20.867 ms
[state-dump] 	CoreWorkerService.grpc_client.DirectActorCallArgWaitComplete - 16 total (0 active), CPU time: mean = 8.380 us, total = 134.072 us
[state-dump] 	NodeManager.deadline_timer.print_event_loop_stats - 15 total (1 active, 1 running), CPU time: mean = 520.355 us, total = 7.805 ms
[state-dump] 	CoreWorkerService.grpc_client.PubsubCommandBatch - 8 total (0 active), CPU time: mean = 58.221 us, total = 465.766 us
[state-dump] 	PeriodicalRunner.RunFnPeriodically - 8 total (0 active), CPU time: mean = 273.916 us, total = 2.191 ms
[state-dump] 	CoreWorkerService.grpc_client.PubsubLongPolling - 7 total (0 active), CPU time: mean = 147.979 us, total = 1.036 ms
[state-dump] 	InternalPubSubGcsService.grpc_client.GcsSubscriberPoll - 3 total (1 active), CPU time: mean = 41.759 us, total = 125.278 us
[state-dump] 	InternalPubSubGcsService.grpc_client.GcsSubscriberCommandBatch - 2 total (0 active), CPU time: mean = 59.350 us, total = 118.700 us
[state-dump] 	Subscriber.HandlePublishedMessage_WORKER_OBJECT_LOCATIONS_CHANNEL - 2 total (0 active), CPU time: mean = 24.247 us, total = 48.493 us
[state-dump] 	CoreWorkerService.grpc_client.UpdateObjectLocationBatch - 2 total (0 active), CPU time: mean = 18.242 us, total = 36.484 us
[state-dump] 	NodeInfoGcsService.grpc_client.GetAllNodeInfo - 1 total (0 active), CPU time: mean = 28.066 us, total = 28.066 us
[state-dump] 	Subscriber.HandlePublishedMessage_GCS_JOB_CHANNEL - 1 total (0 active), CPU time: mean = 47.159 us, total = 47.159 us
[state-dump] 	NodeInfoGcsService.grpc_client.GetInternalConfig - 1 total (0 active), CPU time: mean = 33.796 ms, total = 33.796 ms
[state-dump] 	JobInfoGcsService.grpc_client.GetAllJobInfo - 1 total (0 active), CPU time: mean = 343.023 us, total = 343.023 us
[state-dump] 	NodeInfoGcsService.grpc_client.RegisterNode - 1 total (0 active), CPU time: mean = 203.359 us, total = 203.359 us
[state-dump] 	AgentManagerService.grpc_server.RegisterAgent - 1 total (0 active), CPU time: mean = 194.419 us, total = 194.419 us
[state-dump] 	Subscriber.HandlePublishedMessage_WORKER_OBJECT_EVICTION - 1 total (0 active), CPU time: mean = 66.553 us, total = 66.553 us
[state-dump] 	JobInfoGcsService.grpc_client.AddJob - 1 total (0 active), CPU time: mean = 23.962 us, total = 23.962 us
[state-dump] 	NodeManagerService.grpc_server.PinObjectIDs - 1 total (0 active), CPU time: mean = 169.418 us, total = 169.418 us
[state-dump] 
[state-dump] NodeManager:
[state-dump] Node ID: 435ff685d8e66afce15860cd5b4687480235848d386ffa5d5547bd3d
[state-dump] Node name: 10.137.21.59
[state-dump] InitialConfigResources: {memory: 8135216732160000, GPU: 20000, node:10.137.21.59: 10000, CPU: 170000, object_store_memory: 2000000000000000, accelerator_type:H100: 10000}
[state-dump] ClusterTaskManager:
[state-dump] ========== Node: 435ff685d8e66afce15860cd5b4687480235848d386ffa5d5547bd3d =================
[state-dump] Infeasible queue length: 1
[state-dump] Schedule queue length: 0
[state-dump] Dispatch queue length: 0
[state-dump] num_waiting_for_resource: 0
[state-dump] num_waiting_for_plasma_memory: 0
[state-dump] num_waiting_for_remote_node_resources: 0
[state-dump] num_worker_not_started_by_job_config_not_exist: 0
[state-dump] num_worker_not_started_by_registration_timeout: 0
[state-dump] num_tasks_waiting_for_workers: 0
[state-dump] num_cancelled_tasks: 0
[state-dump] cluster_resource_scheduler state: 
[state-dump] Local id: -8058881002343059789 Local resources: {node:10.137.21.59: [10000]/[10000], CPU: [10000]/[170000], object_store_memory: [2000000000000000]/[2000000000000000], memory: [8135216732160000]/[8135216732160000], GPU: [10000, 10000]/[10000, 10000], accelerator_type:H100: [10000]/[10000]}node id: -8058881002343059789{node:10.137.21.59: 10000/10000, CPU: 10000/170000, object_store_memory: 2000000000000000/2000000000000000, memory: 8135216732160000/8135216732160000, GPU: 20000/20000, accelerator_type:H100: 10000/10000}{ "placment group locations": [], "node to bundles": []}
[state-dump] Waiting tasks size: 0
[state-dump] Number of executing tasks: 0
[state-dump] Number of pinned task arguments: 0
[state-dump] Number of total spilled tasks: 0
[state-dump] Number of spilled waiting tasks: 0
[state-dump] Number of spilled unschedulable tasks: 0
[state-dump] Resource usage {
[state-dump]     - (language=PYTHON actor_or_task=RolloutWorker.__init__ pid=3414093): {CPU: 1.000000}
[state-dump]     - (language=PYTHON actor_or_task=RolloutWorker.__init__ pid=3414092): {CPU: 1.000000}
[state-dump]     - (language=PYTHON actor_or_task=RolloutWorker.__init__ pid=3414084): {CPU: 1.000000}
[state-dump]     - (language=PYTHON actor_or_task=RolloutWorker.__init__ pid=3414091): {CPU: 1.000000}
[state-dump]     - (language=PYTHON actor_or_task=RolloutWorker.__init__ pid=3414089): {CPU: 1.000000}
[state-dump]     - (language=PYTHON actor_or_task=RolloutWorker.__init__ pid=3414085): {CPU: 1.000000}
[state-dump]     - (language=PYTHON actor_or_task=RolloutWorker.__init__ pid=3414094): {CPU: 1.000000}
[state-dump]     - (language=PYTHON actor_or_task=RolloutWorker.__init__ pid=3414083): {CPU: 1.000000}
[state-dump]     - (language=PYTHON actor_or_task=RolloutWorker.__init__ pid=3414088): {CPU: 1.000000}
[state-dump]     - (language=PYTHON actor_or_task=RolloutWorker.__init__ pid=3414080): {CPU: 1.000000}
[state-dump]     - (language=PYTHON actor_or_task=RolloutWorker.__init__ pid=3414095): {CPU: 1.000000}
[state-dump]     - (language=PYTHON actor_or_task=RolloutWorker.__init__ pid=3414081): {CPU: 1.000000}
[state-dump]     - (language=PYTHON actor_or_task=RolloutWorker.__init__ pid=3414082): {CPU: 1.000000}
[state-dump]     - (language=PYTHON actor_or_task=RolloutWorker.__init__ pid=3414087): {CPU: 1.000000}
[state-dump]     - (language=PYTHON actor_or_task=RolloutWorker.__init__ pid=3414086): {CPU: 1.000000}
[state-dump]     - (language=PYTHON actor_or_task=RolloutWorker.__init__ pid=3414090): {CPU: 1.000000}
[state-dump] }
[state-dump] Running tasks by scheduling class:
[state-dump] ==================================================
[state-dump] 
[state-dump] ClusterResources:
[state-dump] LocalObjectManager:
[state-dump] - num pinned objects: 0
[state-dump] - pinned objects size: 0
[state-dump] - num objects pending restore: 0
[state-dump] - num objects pending spill: 0
[state-dump] - num bytes pending spill: 0
[state-dump] - num bytes currently spilled: 0
[state-dump] - cumulative spill requests: 0
[state-dump] - cumulative restore requests: 0
[state-dump] - spilled objects pending delete: 0
[state-dump] 
[state-dump] ObjectManager:
[state-dump] - num local objects: 0
[state-dump] - num unfulfilled push requests: 0
[state-dump] - num object pull requests: 0
[state-dump] - num chunks received total: 0
[state-dump] - num chunks received failed (all): 0
[state-dump] - num chunks received failed / cancelled: 0
[state-dump] - num chunks received failed / plasma error: 0
[state-dump] Event stats:
[state-dump] Global stats: 1 total (0 active)
[state-dump] Queueing time: mean = 25.771 us, max = 25.771 us, min = 25.771 us, total = 25.771 us
[state-dump] Execution time:  mean = 5.425 us, total = 5.425 us
[state-dump] Event stats:
[state-dump] 	ObjectManager.FreeObjects - 1 total (0 active), CPU time: mean = 5.425 us, total = 5.425 us
[state-dump] PushManager:
[state-dump] - num pushes in flight: 0
[state-dump] - num chunks in flight: 0
[state-dump] - num chunks remaining: 0
[state-dump] - max chunks allowed: 409
[state-dump] OwnershipBasedObjectDirectory:
[state-dump] - num listeners: 0
[state-dump] - cumulative location updates: 2
[state-dump] - num location updates per second: 0.000
[state-dump] - num location lookups per second: 0.000
[state-dump] - num locations added per second: 0.000
[state-dump] - num locations removed per second: 0.000
[state-dump] BufferPool:
[state-dump] - create buffer state map size: 0
[state-dump] PullManager:
[state-dump] - num bytes available for pulled objects: 200000000000
[state-dump] - num bytes being pulled (all): 0
[state-dump] - num bytes being pulled / pinned: 0
[state-dump] - get request bundles: BundlePullRequestQueue{0 total, 0 active, 0 inactive, 0 unpullable}
[state-dump] - wait request bundles: BundlePullRequestQueue{0 total, 0 active, 0 inactive, 0 unpullable}
[state-dump] - task request bundles: BundlePullRequestQueue{0 total, 0 active, 0 inactive, 0 unpullable}
[state-dump] - first get request bundle: N/A
[state-dump] - first wait request bundle: N/A
[state-dump] - first task request bundle: N/A
[state-dump] - num objects queued: 0
[state-dump] - num objects actively pulled (all): 0
[state-dump] - num objects actively pulled / pinned: 0
[state-dump] - num bundles being pulled: 0
[state-dump] - num pull retries: 0
[state-dump] - max timeout seconds: 0
[state-dump] - max timeout request is already processed. No entry.
[state-dump] 
[state-dump] WorkerPool:
[state-dump] - registered jobs: 1
[state-dump] - process_failed_job_config_missing: 0
[state-dump] - process_failed_rate_limited: 0
[state-dump] - process_failed_pending_registration: 0
[state-dump] - process_failed_runtime_env_setup_failed: 0
[state-dump] - num JAVA workers: 0
[state-dump] - num JAVA drivers: 0
[state-dump] - num object spill callbacks queued: 0
[state-dump] - num object restore queued: 0
[state-dump] - num util functions queued: 0
[state-dump] - num PYTHON workers: 17
[state-dump] - num PYTHON drivers: 1
[state-dump] - num object spill callbacks queued: 0
[state-dump] - num object restore queued: 0
[state-dump] - num util functions queued: 0
[state-dump] - num idle workers: 1
[state-dump] TaskDependencyManager:
[state-dump] - task deps map size: 0
[state-dump] - get req map size: 0
[state-dump] - wait req map size: 0
[state-dump] - local objects map size: 0
[state-dump] WaitManager:
[state-dump] - num active wait requests: 0
[state-dump] Subscriber:
[state-dump] Channel WORKER_REF_REMOVED_CHANNEL
[state-dump] - cumulative subscribe requests: 0
[state-dump] - cumulative unsubscribe requests: 0
[state-dump] - active subscribed publishers: 0
[state-dump] - cumulative published messages: 0
[state-dump] - cumulative processed messages: 0
[state-dump] Channel WORKER_OBJECT_EVICTION
[state-dump] - cumulative subscribe requests: 1
[state-dump] - cumulative unsubscribe requests: 1
[state-dump] - active subscribed publishers: 0
[state-dump] - cumulative published messages: 1
[state-dump] - cumulative processed messages: 1
[state-dump] Channel WORKER_OBJECT_LOCATIONS_CHANNEL
[state-dump] - cumulative subscribe requests: 5
[state-dump] - cumulative unsubscribe requests: 5
[state-dump] - active subscribed publishers: 0
[state-dump] - cumulative published messages: 2
[state-dump] - cumulative processed messages: 2
[state-dump] num async plasma notifications: 0
[state-dump] Remote node managers: 
[state-dump] Event stats:
[state-dump] Global stats: 58914 total (27 active)
[state-dump] Queueing time: mean = 12.451 ms, max = 41.724 s, min = -0.000 s, total = 733.519 s
[state-dump] Execution time:  mean = 19.699 us, total = 1.161 s
[state-dump] Event stats:
[state-dump] 	NodeManagerService.grpc_server.ReportWorkerBacklog - 15206 total (0 active), CPU time: mean = 24.968 us, total = 379.665 ms
[state-dump] 	UNKNOWN - 9902 total (3 active), CPU time: mean = 1.776 us, total = 17.584 ms
[state-dump] 	ObjectManager.UpdateAvailableMemory - 8999 total (0 active), CPU time: mean = 489.379 ns, total = 4.404 ms
[state-dump] 	NodeManagerService.grpc_server.RequestResourceReport - 8924 total (0 active), CPU time: mean = 32.657 us, total = 291.429 ms
[state-dump] 	NodeManagerService.grpc_server.UpdateResourceUsage - 8924 total (0 active), CPU time: mean = 31.102 us, total = 277.557 ms
[state-dump] 	RayletWorkerPool.deadline_timer.kill_idle_workers - 4500 total (1 active), CPU time: mean = 4.588 us, total = 20.644 ms
[state-dump] 	NodeManagerService.grpc_server.GetResourceLoad - 900 total (0 active), CPU time: mean = 30.487 us, total = 27.439 ms
[state-dump] 	NodeManager.deadline_timer.flush_free_objects - 900 total (1 active), CPU time: mean = 2.497 us, total = 2.248 ms
[state-dump] 	ClientConnection.async_read.ReadBufferAsync - 328 total (18 active), CPU time: mean = 77.030 us, total = 25.266 ms
[state-dump] 	NodeManager.deadline_timer.debug_state_dump - 90 total (1 active), CPU time: mean = 371.714 us, total = 33.454 ms
[state-dump] 	NodeManager.deadline_timer.record_metrics - 60 total (1 active), CPU time: mean = 195.585 us, total = 11.735 ms
[state-dump] 	ObjectManager.ObjectDeleted - 19 total (0 active), CPU time: mean = 11.208 us, total = 212.953 us
[state-dump] 	ObjectManager.ObjectAdded - 19 total (0 active), CPU time: mean = 22.134 us, total = 420.540 us
[state-dump] 	ClientConnection.async_write.DoAsyncWrites - 18 total (0 active), CPU time: mean = 435.056 ns, total = 7.831 us
[state-dump] 	NodeManagerService.grpc_server.GetSystemConfig - 18 total (0 active), CPU time: mean = 34.279 us, total = 617.027 us
[state-dump] 	CoreWorkerService.grpc_client.LocalGC - 18 total (0 active), CPU time: mean = 10.679 us, total = 192.222 us
[state-dump] 	NodeManagerService.grpc_server.RequestWorkerLease - 17 total (0 active), CPU time: mean = 1.227 ms, total = 20.867 ms
[state-dump] 	CoreWorkerService.grpc_client.DirectActorCallArgWaitComplete - 16 total (0 active), CPU time: mean = 8.380 us, total = 134.072 us
[state-dump] 	NodeManager.deadline_timer.print_event_loop_stats - 15 total (1 active, 1 running), CPU time: mean = 520.355 us, total = 7.805 ms
[state-dump] 	CoreWorkerService.grpc_client.PubsubCommandBatch - 8 total (0 active), CPU time: mean = 58.221 us, total = 465.766 us
[state-dump] 	PeriodicalRunner.RunFnPeriodically - 8 total (0 active), CPU time: mean = 273.916 us, total = 2.191 ms
[state-dump] 	CoreWorkerService.grpc_client.PubsubLongPolling - 7 total (0 active), CPU time: mean = 147.979 us, total = 1.036 ms
[state-dump] 	InternalPubSubGcsService.grpc_client.GcsSubscriberPoll - 3 total (1 active), CPU time: mean = 41.759 us, total = 125.278 us
[state-dump] 	InternalPubSubGcsService.grpc_client.GcsSubscriberCommandBatch - 2 total (0 active), CPU time: mean = 59.350 us, total = 118.700 us
[state-dump] 	Subscriber.HandlePublishedMessage_WORKER_OBJECT_LOCATIONS_CHANNEL - 2 total (0 active), CPU time: mean = 24.247 us, total = 48.493 us
[state-dump] 	CoreWorkerService.grpc_client.UpdateObjectLocationBatch - 2 total (0 active), CPU time: mean = 18.242 us, total = 36.484 us
[state-dump] 	NodeInfoGcsService.grpc_client.GetAllNodeInfo - 1 total (0 active), CPU time: mean = 28.066 us, total = 28.066 us
[state-dump] 	Subscriber.HandlePublishedMessage_GCS_JOB_CHANNEL - 1 total (0 active), CPU time: mean = 47.159 us, total = 47.159 us
[state-dump] 	NodeInfoGcsService.grpc_client.GetInternalConfig - 1 total (0 active), CPU time: mean = 33.796 ms, total = 33.796 ms
[state-dump] 	JobInfoGcsService.grpc_client.GetAllJobInfo - 1 total (0 active), CPU time: mean = 343.023 us, total = 343.023 us
[state-dump] 	NodeInfoGcsService.grpc_client.RegisterNode - 1 total (0 active), CPU time: mean = 203.359 us, total = 203.359 us
[state-dump] 	AgentManagerService.grpc_server.RegisterAgent - 1 total (0 active), CPU time: mean = 194.419 us, total = 194.419 us
[state-dump] 	Subscriber.HandlePublishedMessage_WORKER_OBJECT_EVICTION - 1 total (0 active), CPU time: mean = 66.553 us, total = 66.553 us
[state-dump] 	JobInfoGcsService.grpc_client.AddJob - 1 total (0 active), CPU time: mean = 23.962 us, total = 23.962 us
[state-dump] 	NodeManagerService.grpc_server.PinObjectIDs - 1 total (0 active), CPU time: mean = 169.418 us, total = 169.418 us
[state-dump] DebugString() time ms: 0
[state-dump] 
[state-dump] 
[2026-01-30 14:18:31,363 I 3413275 3413375] (raylet) store.cc:551: ========== Plasma store: =================
Current usage: 0 / 200 GB
- num bytes created total: 7953630
0 pending objects of total size 0MB
- objects spillable: 0
- bytes spillable: 0
- objects unsealed: 0
- bytes unsealed: 0
- objects in use: 0
- bytes in use: 0
- objects evictable: 0
- bytes evictable: 0

- objects created by worker: 0
- bytes created by worker: 0
- objects restored: 0
- bytes restored: 0
- objects received: 0
- bytes received: 0
- objects errored: 0
- bytes errored: 0

[2026-01-30 14:18:31,390 I 3413275 3413275] (raylet) node_manager.cc:540: [state-dump] Event stats:
[state-dump] 
[state-dump] 
[state-dump] Global stats: 62872 total (27 active)
[state-dump] Queueing time: mean = 11.668 ms, max = 41.724 s, min = -0.000 s, total = 733.560 s
[state-dump] Execution time:  mean = 19.562 us, total = 1.230 s
[state-dump] Event stats:
[state-dump] 	NodeManagerService.grpc_server.ReportWorkerBacklog - 16286 total (0 active), CPU time: mean = 24.902 us, total = 405.548 ms
[state-dump] 	UNKNOWN - 10562 total (3 active), CPU time: mean = 1.786 us, total = 18.867 ms
[state-dump] 	ObjectManager.UpdateAvailableMemory - 9599 total (0 active), CPU time: mean = 486.570 ns, total = 4.671 ms
[state-dump] 	NodeManagerService.grpc_server.RequestResourceReport - 9518 total (0 active), CPU time: mean = 32.566 us, total = 309.966 ms
[state-dump] 	NodeManagerService.grpc_server.UpdateResourceUsage - 9517 total (0 active), CPU time: mean = 30.916 us, total = 294.229 ms
[state-dump] 	RayletWorkerPool.deadline_timer.kill_idle_workers - 4800 total (1 active), CPU time: mean = 4.582 us, total = 21.996 ms
[state-dump] 	NodeManagerService.grpc_server.GetResourceLoad - 960 total (0 active), CPU time: mean = 30.304 us, total = 29.092 ms
[state-dump] 	NodeManager.deadline_timer.flush_free_objects - 960 total (1 active), CPU time: mean = 2.510 us, total = 2.409 ms
[state-dump] 	ClientConnection.async_read.ReadBufferAsync - 328 total (18 active), CPU time: mean = 77.030 us, total = 25.266 ms
[state-dump] 	NodeManager.deadline_timer.debug_state_dump - 96 total (1 active), CPU time: mean = 372.429 us, total = 35.753 ms
[state-dump] 	NodeManager.deadline_timer.record_metrics - 64 total (1 active), CPU time: mean = 193.671 us, total = 12.395 ms
[state-dump] 	ObjectManager.ObjectDeleted - 19 total (0 active), CPU time: mean = 11.208 us, total = 212.953 us
[state-dump] 	ObjectManager.ObjectAdded - 19 total (0 active), CPU time: mean = 22.134 us, total = 420.540 us
[state-dump] 	ClientConnection.async_write.DoAsyncWrites - 18 total (0 active), CPU time: mean = 435.056 ns, total = 7.831 us
[state-dump] 	NodeManagerService.grpc_server.GetSystemConfig - 18 total (0 active), CPU time: mean = 34.279 us, total = 617.027 us
[state-dump] 	CoreWorkerService.grpc_client.LocalGC - 18 total (0 active), CPU time: mean = 10.679 us, total = 192.222 us
[state-dump] 	NodeManagerService.grpc_server.RequestWorkerLease - 17 total (0 active), CPU time: mean = 1.227 ms, total = 20.867 ms
[state-dump] 	CoreWorkerService.grpc_client.DirectActorCallArgWaitComplete - 16 total (0 active), CPU time: mean = 8.380 us, total = 134.072 us
[state-dump] 	NodeManager.deadline_timer.print_event_loop_stats - 16 total (1 active, 1 running), CPU time: mean = 522.093 us, total = 8.353 ms
[state-dump] 	CoreWorkerService.grpc_client.PubsubCommandBatch - 8 total (0 active), CPU time: mean = 58.221 us, total = 465.766 us
[state-dump] 	PeriodicalRunner.RunFnPeriodically - 8 total (0 active), CPU time: mean = 273.916 us, total = 2.191 ms
[state-dump] 	CoreWorkerService.grpc_client.PubsubLongPolling - 7 total (0 active), CPU time: mean = 147.979 us, total = 1.036 ms
[state-dump] 	InternalPubSubGcsService.grpc_client.GcsSubscriberPoll - 3 total (1 active), CPU time: mean = 41.759 us, total = 125.278 us
[state-dump] 	InternalPubSubGcsService.grpc_client.GcsSubscriberCommandBatch - 2 total (0 active), CPU time: mean = 59.350 us, total = 118.700 us
[state-dump] 	Subscriber.HandlePublishedMessage_WORKER_OBJECT_LOCATIONS_CHANNEL - 2 total (0 active), CPU time: mean = 24.247 us, total = 48.493 us
[state-dump] 	CoreWorkerService.grpc_client.UpdateObjectLocationBatch - 2 total (0 active), CPU time: mean = 18.242 us, total = 36.484 us
[state-dump] 	NodeInfoGcsService.grpc_client.GetAllNodeInfo - 1 total (0 active), CPU time: mean = 28.066 us, total = 28.066 us
[state-dump] 	Subscriber.HandlePublishedMessage_GCS_JOB_CHANNEL - 1 total (0 active), CPU time: mean = 47.159 us, total = 47.159 us
[state-dump] 	NodeInfoGcsService.grpc_client.GetInternalConfig - 1 total (0 active), CPU time: mean = 33.796 ms, total = 33.796 ms
[state-dump] 	JobInfoGcsService.grpc_client.GetAllJobInfo - 1 total (0 active), CPU time: mean = 343.023 us, total = 343.023 us
[state-dump] 	NodeInfoGcsService.grpc_client.RegisterNode - 1 total (0 active), CPU time: mean = 203.359 us, total = 203.359 us
[state-dump] 	AgentManagerService.grpc_server.RegisterAgent - 1 total (0 active), CPU time: mean = 194.419 us, total = 194.419 us
[state-dump] 	Subscriber.HandlePublishedMessage_WORKER_OBJECT_EVICTION - 1 total (0 active), CPU time: mean = 66.553 us, total = 66.553 us
[state-dump] 	JobInfoGcsService.grpc_client.AddJob - 1 total (0 active), CPU time: mean = 23.962 us, total = 23.962 us
[state-dump] 	NodeManagerService.grpc_server.PinObjectIDs - 1 total (0 active), CPU time: mean = 169.418 us, total = 169.418 us
[state-dump] 
[state-dump] NodeManager:
[state-dump] Node ID: 435ff685d8e66afce15860cd5b4687480235848d386ffa5d5547bd3d
[state-dump] Node name: 10.137.21.59
[state-dump] InitialConfigResources: {memory: 8135216732160000, GPU: 20000, node:10.137.21.59: 10000, CPU: 170000, object_store_memory: 2000000000000000, accelerator_type:H100: 10000}
[state-dump] ClusterTaskManager:
[state-dump] ========== Node: 435ff685d8e66afce15860cd5b4687480235848d386ffa5d5547bd3d =================
[state-dump] Infeasible queue length: 1
[state-dump] Schedule queue length: 0
[state-dump] Dispatch queue length: 0
[state-dump] num_waiting_for_resource: 0
[state-dump] num_waiting_for_plasma_memory: 0
[state-dump] num_waiting_for_remote_node_resources: 0
[state-dump] num_worker_not_started_by_job_config_not_exist: 0
[state-dump] num_worker_not_started_by_registration_timeout: 0
[state-dump] num_tasks_waiting_for_workers: 0
[state-dump] num_cancelled_tasks: 0
[state-dump] cluster_resource_scheduler state: 
[state-dump] Local id: -8058881002343059789 Local resources: {node:10.137.21.59: [10000]/[10000], CPU: [10000]/[170000], object_store_memory: [2000000000000000]/[2000000000000000], memory: [8135216732160000]/[8135216732160000], GPU: [10000, 10000]/[10000, 10000], accelerator_type:H100: [10000]/[10000]}node id: -8058881002343059789{node:10.137.21.59: 10000/10000, CPU: 10000/170000, object_store_memory: 2000000000000000/2000000000000000, memory: 8135216732160000/8135216732160000, GPU: 20000/20000, accelerator_type:H100: 10000/10000}{ "placment group locations": [], "node to bundles": []}
[state-dump] Waiting tasks size: 0
[state-dump] Number of executing tasks: 0
[state-dump] Number of pinned task arguments: 0
[state-dump] Number of total spilled tasks: 0
[state-dump] Number of spilled waiting tasks: 0
[state-dump] Number of spilled unschedulable tasks: 0
[state-dump] Resource usage {
[state-dump]     - (language=PYTHON actor_or_task=RolloutWorker.__init__ pid=3414093): {CPU: 1.000000}
[state-dump]     - (language=PYTHON actor_or_task=RolloutWorker.__init__ pid=3414092): {CPU: 1.000000}
[state-dump]     - (language=PYTHON actor_or_task=RolloutWorker.__init__ pid=3414084): {CPU: 1.000000}
[state-dump]     - (language=PYTHON actor_or_task=RolloutWorker.__init__ pid=3414091): {CPU: 1.000000}
[state-dump]     - (language=PYTHON actor_or_task=RolloutWorker.__init__ pid=3414089): {CPU: 1.000000}
[state-dump]     - (language=PYTHON actor_or_task=RolloutWorker.__init__ pid=3414085): {CPU: 1.000000}
[state-dump]     - (language=PYTHON actor_or_task=RolloutWorker.__init__ pid=3414094): {CPU: 1.000000}
[state-dump]     - (language=PYTHON actor_or_task=RolloutWorker.__init__ pid=3414083): {CPU: 1.000000}
[state-dump]     - (language=PYTHON actor_or_task=RolloutWorker.__init__ pid=3414088): {CPU: 1.000000}
[state-dump]     - (language=PYTHON actor_or_task=RolloutWorker.__init__ pid=3414080): {CPU: 1.000000}
[state-dump]     - (language=PYTHON actor_or_task=RolloutWorker.__init__ pid=3414095): {CPU: 1.000000}
[state-dump]     - (language=PYTHON actor_or_task=RolloutWorker.__init__ pid=3414081): {CPU: 1.000000}
[state-dump]     - (language=PYTHON actor_or_task=RolloutWorker.__init__ pid=3414082): {CPU: 1.000000}
[state-dump]     - (language=PYTHON actor_or_task=RolloutWorker.__init__ pid=3414087): {CPU: 1.000000}
[state-dump]     - (language=PYTHON actor_or_task=RolloutWorker.__init__ pid=3414086): {CPU: 1.000000}
[state-dump]     - (language=PYTHON actor_or_task=RolloutWorker.__init__ pid=3414090): {CPU: 1.000000}
[state-dump] }
[state-dump] Running tasks by scheduling class:
[state-dump] ==================================================
[state-dump] 
[state-dump] ClusterResources:
[state-dump] LocalObjectManager:
[state-dump] - num pinned objects: 0
[state-dump] - pinned objects size: 0
[state-dump] - num objects pending restore: 0
[state-dump] - num objects pending spill: 0
[state-dump] - num bytes pending spill: 0
[state-dump] - num bytes currently spilled: 0
[state-dump] - cumulative spill requests: 0
[state-dump] - cumulative restore requests: 0
[state-dump] - spilled objects pending delete: 0
[state-dump] 
[state-dump] ObjectManager:
[state-dump] - num local objects: 0
[state-dump] - num unfulfilled push requests: 0
[state-dump] - num object pull requests: 0
[state-dump] - num chunks received total: 0
[state-dump] - num chunks received failed (all): 0
[state-dump] - num chunks received failed / cancelled: 0
[state-dump] - num chunks received failed / plasma error: 0
[state-dump] Event stats:
[state-dump] Global stats: 1 total (0 active)
[state-dump] Queueing time: mean = 25.771 us, max = 25.771 us, min = 25.771 us, total = 25.771 us
[state-dump] Execution time:  mean = 5.425 us, total = 5.425 us
[state-dump] Event stats:
[state-dump] 	ObjectManager.FreeObjects - 1 total (0 active), CPU time: mean = 5.425 us, total = 5.425 us
[state-dump] PushManager:
[state-dump] - num pushes in flight: 0
[state-dump] - num chunks in flight: 0
[state-dump] - num chunks remaining: 0
[state-dump] - max chunks allowed: 409
[state-dump] OwnershipBasedObjectDirectory:
[state-dump] - num listeners: 0
[state-dump] - cumulative location updates: 2
[state-dump] - num location updates per second: 0.000
[state-dump] - num location lookups per second: 0.000
[state-dump] - num locations added per second: 0.000
[state-dump] - num locations removed per second: 0.000
[state-dump] BufferPool:
[state-dump] - create buffer state map size: 0
[state-dump] PullManager:
[state-dump] - num bytes available for pulled objects: 200000000000
[state-dump] - num bytes being pulled (all): 0
[state-dump] - num bytes being pulled / pinned: 0
[state-dump] - get request bundles: BundlePullRequestQueue{0 total, 0 active, 0 inactive, 0 unpullable}
[state-dump] - wait request bundles: BundlePullRequestQueue{0 total, 0 active, 0 inactive, 0 unpullable}
[state-dump] - task request bundles: BundlePullRequestQueue{0 total, 0 active, 0 inactive, 0 unpullable}
[state-dump] - first get request bundle: N/A
[state-dump] - first wait request bundle: N/A
[state-dump] - first task request bundle: N/A
[state-dump] - num objects queued: 0
[state-dump] - num objects actively pulled (all): 0
[state-dump] - num objects actively pulled / pinned: 0
[state-dump] - num bundles being pulled: 0
[state-dump] - num pull retries: 0
[state-dump] - max timeout seconds: 0
[state-dump] - max timeout request is already processed. No entry.
[state-dump] 
[state-dump] WorkerPool:
[state-dump] - registered jobs: 1
[state-dump] - process_failed_job_config_missing: 0
[state-dump] - process_failed_rate_limited: 0
[state-dump] - process_failed_pending_registration: 0
[state-dump] - process_failed_runtime_env_setup_failed: 0
[state-dump] - num JAVA workers: 0
[state-dump] - num JAVA drivers: 0
[state-dump] - num object spill callbacks queued: 0
[state-dump] - num object restore queued: 0
[state-dump] - num util functions queued: 0
[state-dump] - num PYTHON workers: 17
[state-dump] - num PYTHON drivers: 1
[state-dump] - num object spill callbacks queued: 0
[state-dump] - num object restore queued: 0
[state-dump] - num util functions queued: 0
[state-dump] - num idle workers: 1
[state-dump] TaskDependencyManager:
[state-dump] - task deps map size: 0
[state-dump] - get req map size: 0
[state-dump] - wait req map size: 0
[state-dump] - local objects map size: 0
[state-dump] WaitManager:
[state-dump] - num active wait requests: 0
[state-dump] Subscriber:
[state-dump] Channel WORKER_REF_REMOVED_CHANNEL
[state-dump] - cumulative subscribe requests: 0
[state-dump] - cumulative unsubscribe requests: 0
[state-dump] - active subscribed publishers: 0
[state-dump] - cumulative published messages: 0
[state-dump] - cumulative processed messages: 0
[state-dump] Channel WORKER_OBJECT_EVICTION
[state-dump] - cumulative subscribe requests: 1
[state-dump] - cumulative unsubscribe requests: 1
[state-dump] - active subscribed publishers: 0
[state-dump] - cumulative published messages: 1
[state-dump] - cumulative processed messages: 1
[state-dump] Channel WORKER_OBJECT_LOCATIONS_CHANNEL
[state-dump] - cumulative subscribe requests: 5
[state-dump] - cumulative unsubscribe requests: 5
[state-dump] - active subscribed publishers: 0
[state-dump] - cumulative published messages: 2
[state-dump] - cumulative processed messages: 2
[state-dump] num async plasma notifications: 0
[state-dump] Remote node managers: 
[state-dump] Event stats:
[state-dump] Global stats: 62872 total (27 active)
[state-dump] Queueing time: mean = 11.668 ms, max = 41.724 s, min = -0.000 s, total = 733.560 s
[state-dump] Execution time:  mean = 19.562 us, total = 1.230 s
[state-dump] Event stats:
[state-dump] 	NodeManagerService.grpc_server.ReportWorkerBacklog - 16286 total (0 active), CPU time: mean = 24.902 us, total = 405.548 ms
[state-dump] 	UNKNOWN - 10562 total (3 active), CPU time: mean = 1.786 us, total = 18.867 ms
[state-dump] 	ObjectManager.UpdateAvailableMemory - 9599 total (0 active), CPU time: mean = 486.570 ns, total = 4.671 ms
[state-dump] 	NodeManagerService.grpc_server.RequestResourceReport - 9518 total (0 active), CPU time: mean = 32.566 us, total = 309.966 ms
[state-dump] 	NodeManagerService.grpc_server.UpdateResourceUsage - 9517 total (0 active), CPU time: mean = 30.916 us, total = 294.229 ms
[state-dump] 	RayletWorkerPool.deadline_timer.kill_idle_workers - 4800 total (1 active), CPU time: mean = 4.582 us, total = 21.996 ms
[state-dump] 	NodeManagerService.grpc_server.GetResourceLoad - 960 total (0 active), CPU time: mean = 30.304 us, total = 29.092 ms
[state-dump] 	NodeManager.deadline_timer.flush_free_objects - 960 total (1 active), CPU time: mean = 2.510 us, total = 2.409 ms
[state-dump] 	ClientConnection.async_read.ReadBufferAsync - 328 total (18 active), CPU time: mean = 77.030 us, total = 25.266 ms
[state-dump] 	NodeManager.deadline_timer.debug_state_dump - 96 total (1 active), CPU time: mean = 372.429 us, total = 35.753 ms
[state-dump] 	NodeManager.deadline_timer.record_metrics - 64 total (1 active), CPU time: mean = 193.671 us, total = 12.395 ms
[state-dump] 	ObjectManager.ObjectDeleted - 19 total (0 active), CPU time: mean = 11.208 us, total = 212.953 us
[state-dump] 	ObjectManager.ObjectAdded - 19 total (0 active), CPU time: mean = 22.134 us, total = 420.540 us
[state-dump] 	ClientConnection.async_write.DoAsyncWrites - 18 total (0 active), CPU time: mean = 435.056 ns, total = 7.831 us
[state-dump] 	NodeManagerService.grpc_server.GetSystemConfig - 18 total (0 active), CPU time: mean = 34.279 us, total = 617.027 us
[state-dump] 	CoreWorkerService.grpc_client.LocalGC - 18 total (0 active), CPU time: mean = 10.679 us, total = 192.222 us
[state-dump] 	NodeManagerService.grpc_server.RequestWorkerLease - 17 total (0 active), CPU time: mean = 1.227 ms, total = 20.867 ms
[state-dump] 	CoreWorkerService.grpc_client.DirectActorCallArgWaitComplete - 16 total (0 active), CPU time: mean = 8.380 us, total = 134.072 us
[state-dump] 	NodeManager.deadline_timer.print_event_loop_stats - 16 total (1 active, 1 running), CPU time: mean = 522.093 us, total = 8.353 ms
[state-dump] 	CoreWorkerService.grpc_client.PubsubCommandBatch - 8 total (0 active), CPU time: mean = 58.221 us, total = 465.766 us
[state-dump] 	PeriodicalRunner.RunFnPeriodically - 8 total (0 active), CPU time: mean = 273.916 us, total = 2.191 ms
[state-dump] 	CoreWorkerService.grpc_client.PubsubLongPolling - 7 total (0 active), CPU time: mean = 147.979 us, total = 1.036 ms
[state-dump] 	InternalPubSubGcsService.grpc_client.GcsSubscriberPoll - 3 total (1 active), CPU time: mean = 41.759 us, total = 125.278 us
[state-dump] 	InternalPubSubGcsService.grpc_client.GcsSubscriberCommandBatch - 2 total (0 active), CPU time: mean = 59.350 us, total = 118.700 us
[state-dump] 	Subscriber.HandlePublishedMessage_WORKER_OBJECT_LOCATIONS_CHANNEL - 2 total (0 active), CPU time: mean = 24.247 us, total = 48.493 us
[state-dump] 	CoreWorkerService.grpc_client.UpdateObjectLocationBatch - 2 total (0 active), CPU time: mean = 18.242 us, total = 36.484 us
[state-dump] 	NodeInfoGcsService.grpc_client.GetAllNodeInfo - 1 total (0 active), CPU time: mean = 28.066 us, total = 28.066 us
[state-dump] 	Subscriber.HandlePublishedMessage_GCS_JOB_CHANNEL - 1 total (0 active), CPU time: mean = 47.159 us, total = 47.159 us
[state-dump] 	NodeInfoGcsService.grpc_client.GetInternalConfig - 1 total (0 active), CPU time: mean = 33.796 ms, total = 33.796 ms
[state-dump] 	JobInfoGcsService.grpc_client.GetAllJobInfo - 1 total (0 active), CPU time: mean = 343.023 us, total = 343.023 us
[state-dump] 	NodeInfoGcsService.grpc_client.RegisterNode - 1 total (0 active), CPU time: mean = 203.359 us, total = 203.359 us
[state-dump] 	AgentManagerService.grpc_server.RegisterAgent - 1 total (0 active), CPU time: mean = 194.419 us, total = 194.419 us
[state-dump] 	Subscriber.HandlePublishedMessage_WORKER_OBJECT_EVICTION - 1 total (0 active), CPU time: mean = 66.553 us, total = 66.553 us
[state-dump] 	JobInfoGcsService.grpc_client.AddJob - 1 total (0 active), CPU time: mean = 23.962 us, total = 23.962 us
[state-dump] 	NodeManagerService.grpc_server.PinObjectIDs - 1 total (0 active), CPU time: mean = 169.418 us, total = 169.418 us
[state-dump] DebugString() time ms: 1
[state-dump] 
[state-dump] 
[2026-01-30 14:19:31,363 I 3413275 3413375] (raylet) store.cc:551: ========== Plasma store: =================
Current usage: 0 / 200 GB
- num bytes created total: 7953630
0 pending objects of total size 0MB
- objects spillable: 0
- bytes spillable: 0
- objects unsealed: 0
- bytes unsealed: 0
- objects in use: 0
- bytes in use: 0
- objects evictable: 0
- bytes evictable: 0

- objects created by worker: 0
- bytes created by worker: 0
- objects restored: 0
- bytes restored: 0
- objects received: 0
- bytes received: 0
- objects errored: 0
- bytes errored: 0

[2026-01-30 14:19:31,390 I 3413275 3413275] (raylet) node_manager.cc:540: [state-dump] Event stats:
[state-dump] 
[state-dump] 
[state-dump] Global stats: 66831 total (27 active)
[state-dump] Queueing time: mean = 10.977 ms, max = 41.724 s, min = -0.000 s, total = 733.603 s
[state-dump] Execution time:  mean = 19.437 us, total = 1.299 s
[state-dump] Event stats:
[state-dump] 	NodeManagerService.grpc_server.ReportWorkerBacklog - 17366 total (0 active), CPU time: mean = 24.839 us, total = 431.363 ms
[state-dump] 	UNKNOWN - 11221 total (3 active), CPU time: mean = 1.798 us, total = 20.170 ms
[state-dump] 	ObjectManager.UpdateAvailableMemory - 10198 total (0 active), CPU time: mean = 484.941 ns, total = 4.945 ms
[state-dump] 	NodeManagerService.grpc_server.RequestResourceReport - 10113 total (0 active), CPU time: mean = 32.499 us, total = 328.661 ms
[state-dump] 	NodeManagerService.grpc_server.UpdateResourceUsage - 10112 total (0 active), CPU time: mean = 30.732 us, total = 310.763 ms
[state-dump] 	RayletWorkerPool.deadline_timer.kill_idle_workers - 5100 total (1 active), CPU time: mean = 4.583 us, total = 23.372 ms
[state-dump] 	NodeManagerService.grpc_server.GetResourceLoad - 1020 total (0 active), CPU time: mean = 30.076 us, total = 30.677 ms
[state-dump] 	NodeManager.deadline_timer.flush_free_objects - 1020 total (1 active), CPU time: mean = 2.502 us, total = 2.552 ms
[state-dump] 	ClientConnection.async_read.ReadBufferAsync - 328 total (18 active), CPU time: mean = 77.030 us, total = 25.266 ms
[state-dump] 	NodeManager.deadline_timer.debug_state_dump - 102 total (1 active), CPU time: mean = 371.389 us, total = 37.882 ms
[state-dump] 	NodeManager.deadline_timer.record_metrics - 68 total (1 active), CPU time: mean = 193.171 us, total = 13.136 ms
[state-dump] 	ObjectManager.ObjectDeleted - 19 total (0 active), CPU time: mean = 11.208 us, total = 212.953 us
[state-dump] 	ObjectManager.ObjectAdded - 19 total (0 active), CPU time: mean = 22.134 us, total = 420.540 us
[state-dump] 	ClientConnection.async_write.DoAsyncWrites - 18 total (0 active), CPU time: mean = 435.056 ns, total = 7.831 us
[state-dump] 	NodeManagerService.grpc_server.GetSystemConfig - 18 total (0 active), CPU time: mean = 34.279 us, total = 617.027 us
[state-dump] 	CoreWorkerService.grpc_client.LocalGC - 18 total (0 active), CPU time: mean = 10.679 us, total = 192.222 us
[state-dump] 	NodeManagerService.grpc_server.RequestWorkerLease - 17 total (0 active), CPU time: mean = 1.227 ms, total = 20.867 ms
[state-dump] 	NodeManager.deadline_timer.print_event_loop_stats - 17 total (1 active, 1 running), CPU time: mean = 521.921 us, total = 8.873 ms
[state-dump] 	CoreWorkerService.grpc_client.DirectActorCallArgWaitComplete - 16 total (0 active), CPU time: mean = 8.380 us, total = 134.072 us
[state-dump] 	CoreWorkerService.grpc_client.PubsubCommandBatch - 8 total (0 active), CPU time: mean = 58.221 us, total = 465.766 us
[state-dump] 	PeriodicalRunner.RunFnPeriodically - 8 total (0 active), CPU time: mean = 273.916 us, total = 2.191 ms
[state-dump] 	CoreWorkerService.grpc_client.PubsubLongPolling - 7 total (0 active), CPU time: mean = 147.979 us, total = 1.036 ms
[state-dump] 	InternalPubSubGcsService.grpc_client.GcsSubscriberPoll - 3 total (1 active), CPU time: mean = 41.759 us, total = 125.278 us
[state-dump] 	InternalPubSubGcsService.grpc_client.GcsSubscriberCommandBatch - 2 total (0 active), CPU time: mean = 59.350 us, total = 118.700 us
[state-dump] 	Subscriber.HandlePublishedMessage_WORKER_OBJECT_LOCATIONS_CHANNEL - 2 total (0 active), CPU time: mean = 24.247 us, total = 48.493 us
[state-dump] 	CoreWorkerService.grpc_client.UpdateObjectLocationBatch - 2 total (0 active), CPU time: mean = 18.242 us, total = 36.484 us
[state-dump] 	NodeInfoGcsService.grpc_client.GetAllNodeInfo - 1 total (0 active), CPU time: mean = 28.066 us, total = 28.066 us
[state-dump] 	Subscriber.HandlePublishedMessage_GCS_JOB_CHANNEL - 1 total (0 active), CPU time: mean = 47.159 us, total = 47.159 us
[state-dump] 	NodeInfoGcsService.grpc_client.GetInternalConfig - 1 total (0 active), CPU time: mean = 33.796 ms, total = 33.796 ms
[state-dump] 	JobInfoGcsService.grpc_client.GetAllJobInfo - 1 total (0 active), CPU time: mean = 343.023 us, total = 343.023 us
[state-dump] 	NodeInfoGcsService.grpc_client.RegisterNode - 1 total (0 active), CPU time: mean = 203.359 us, total = 203.359 us
[state-dump] 	AgentManagerService.grpc_server.RegisterAgent - 1 total (0 active), CPU time: mean = 194.419 us, total = 194.419 us
[state-dump] 	Subscriber.HandlePublishedMessage_WORKER_OBJECT_EVICTION - 1 total (0 active), CPU time: mean = 66.553 us, total = 66.553 us
[state-dump] 	JobInfoGcsService.grpc_client.AddJob - 1 total (0 active), CPU time: mean = 23.962 us, total = 23.962 us
[state-dump] 	NodeManagerService.grpc_server.PinObjectIDs - 1 total (0 active), CPU time: mean = 169.418 us, total = 169.418 us
[state-dump] 
[state-dump] NodeManager:
[state-dump] Node ID: 435ff685d8e66afce15860cd5b4687480235848d386ffa5d5547bd3d
[state-dump] Node name: 10.137.21.59
[state-dump] InitialConfigResources: {memory: 8135216732160000, GPU: 20000, node:10.137.21.59: 10000, CPU: 170000, object_store_memory: 2000000000000000, accelerator_type:H100: 10000}
[state-dump] ClusterTaskManager:
[state-dump] ========== Node: 435ff685d8e66afce15860cd5b4687480235848d386ffa5d5547bd3d =================
[state-dump] Infeasible queue length: 1
[state-dump] Schedule queue length: 0
[state-dump] Dispatch queue length: 0
[state-dump] num_waiting_for_resource: 0
[state-dump] num_waiting_for_plasma_memory: 0
[state-dump] num_waiting_for_remote_node_resources: 0
[state-dump] num_worker_not_started_by_job_config_not_exist: 0
[state-dump] num_worker_not_started_by_registration_timeout: 0
[state-dump] num_tasks_waiting_for_workers: 0
[state-dump] num_cancelled_tasks: 0
[state-dump] cluster_resource_scheduler state: 
[state-dump] Local id: -8058881002343059789 Local resources: {node:10.137.21.59: [10000]/[10000], CPU: [10000]/[170000], object_store_memory: [2000000000000000]/[2000000000000000], memory: [8135216732160000]/[8135216732160000], GPU: [10000, 10000]/[10000, 10000], accelerator_type:H100: [10000]/[10000]}node id: -8058881002343059789{node:10.137.21.59: 10000/10000, CPU: 10000/170000, object_store_memory: 2000000000000000/2000000000000000, memory: 8135216732160000/8135216732160000, GPU: 20000/20000, accelerator_type:H100: 10000/10000}{ "placment group locations": [], "node to bundles": []}
[state-dump] Waiting tasks size: 0
[state-dump] Number of executing tasks: 0
[state-dump] Number of pinned task arguments: 0
[state-dump] Number of total spilled tasks: 0
[state-dump] Number of spilled waiting tasks: 0
[state-dump] Number of spilled unschedulable tasks: 0
[state-dump] Resource usage {
[state-dump]     - (language=PYTHON actor_or_task=RolloutWorker.__init__ pid=3414093): {CPU: 1.000000}
[state-dump]     - (language=PYTHON actor_or_task=RolloutWorker.__init__ pid=3414092): {CPU: 1.000000}
[state-dump]     - (language=PYTHON actor_or_task=RolloutWorker.__init__ pid=3414084): {CPU: 1.000000}
[state-dump]     - (language=PYTHON actor_or_task=RolloutWorker.__init__ pid=3414091): {CPU: 1.000000}
[state-dump]     - (language=PYTHON actor_or_task=RolloutWorker.__init__ pid=3414089): {CPU: 1.000000}
[state-dump]     - (language=PYTHON actor_or_task=RolloutWorker.__init__ pid=3414085): {CPU: 1.000000}
[state-dump]     - (language=PYTHON actor_or_task=RolloutWorker.__init__ pid=3414094): {CPU: 1.000000}
[state-dump]     - (language=PYTHON actor_or_task=RolloutWorker.__init__ pid=3414083): {CPU: 1.000000}
[state-dump]     - (language=PYTHON actor_or_task=RolloutWorker.__init__ pid=3414088): {CPU: 1.000000}
[state-dump]     - (language=PYTHON actor_or_task=RolloutWorker.__init__ pid=3414080): {CPU: 1.000000}
[state-dump]     - (language=PYTHON actor_or_task=RolloutWorker.__init__ pid=3414095): {CPU: 1.000000}
[state-dump]     - (language=PYTHON actor_or_task=RolloutWorker.__init__ pid=3414081): {CPU: 1.000000}
[state-dump]     - (language=PYTHON actor_or_task=RolloutWorker.__init__ pid=3414082): {CPU: 1.000000}
[state-dump]     - (language=PYTHON actor_or_task=RolloutWorker.__init__ pid=3414087): {CPU: 1.000000}
[state-dump]     - (language=PYTHON actor_or_task=RolloutWorker.__init__ pid=3414086): {CPU: 1.000000}
[state-dump]     - (language=PYTHON actor_or_task=RolloutWorker.__init__ pid=3414090): {CPU: 1.000000}
[state-dump] }
[state-dump] Running tasks by scheduling class:
[state-dump] ==================================================
[state-dump] 
[state-dump] ClusterResources:
[state-dump] LocalObjectManager:
[state-dump] - num pinned objects: 0
[state-dump] - pinned objects size: 0
[state-dump] - num objects pending restore: 0
[state-dump] - num objects pending spill: 0
[state-dump] - num bytes pending spill: 0
[state-dump] - num bytes currently spilled: 0
[state-dump] - cumulative spill requests: 0
[state-dump] - cumulative restore requests: 0
[state-dump] - spilled objects pending delete: 0
[state-dump] 
[state-dump] ObjectManager:
[state-dump] - num local objects: 0
[state-dump] - num unfulfilled push requests: 0
[state-dump] - num object pull requests: 0
[state-dump] - num chunks received total: 0
[state-dump] - num chunks received failed (all): 0
[state-dump] - num chunks received failed / cancelled: 0
[state-dump] - num chunks received failed / plasma error: 0
[state-dump] Event stats:
[state-dump] Global stats: 1 total (0 active)
[state-dump] Queueing time: mean = 25.771 us, max = 25.771 us, min = 25.771 us, total = 25.771 us
[state-dump] Execution time:  mean = 5.425 us, total = 5.425 us
[state-dump] Event stats:
[state-dump] 	ObjectManager.FreeObjects - 1 total (0 active), CPU time: mean = 5.425 us, total = 5.425 us
[state-dump] PushManager:
[state-dump] - num pushes in flight: 0
[state-dump] - num chunks in flight: 0
[state-dump] - num chunks remaining: 0
[state-dump] - max chunks allowed: 409
[state-dump] OwnershipBasedObjectDirectory:
[state-dump] - num listeners: 0
[state-dump] - cumulative location updates: 2
[state-dump] - num location updates per second: 0.000
[state-dump] - num location lookups per second: 0.000
[state-dump] - num locations added per second: 0.000
[state-dump] - num locations removed per second: 0.000
[state-dump] BufferPool:
[state-dump] - create buffer state map size: 0
[state-dump] PullManager:
[state-dump] - num bytes available for pulled objects: 200000000000
[state-dump] - num bytes being pulled (all): 0
[state-dump] - num bytes being pulled / pinned: 0
[state-dump] - get request bundles: BundlePullRequestQueue{0 total, 0 active, 0 inactive, 0 unpullable}
[state-dump] - wait request bundles: BundlePullRequestQueue{0 total, 0 active, 0 inactive, 0 unpullable}
[state-dump] - task request bundles: BundlePullRequestQueue{0 total, 0 active, 0 inactive, 0 unpullable}
[state-dump] - first get request bundle: N/A
[state-dump] - first wait request bundle: N/A
[state-dump] - first task request bundle: N/A
[state-dump] - num objects queued: 0
[state-dump] - num objects actively pulled (all): 0
[state-dump] - num objects actively pulled / pinned: 0
[state-dump] - num bundles being pulled: 0
[state-dump] - num pull retries: 0
[state-dump] - max timeout seconds: 0
[state-dump] - max timeout request is already processed. No entry.
[state-dump] 
[state-dump] WorkerPool:
[state-dump] - registered jobs: 1
[state-dump] - process_failed_job_config_missing: 0
[state-dump] - process_failed_rate_limited: 0
[state-dump] - process_failed_pending_registration: 0
[state-dump] - process_failed_runtime_env_setup_failed: 0
[state-dump] - num JAVA workers: 0
[state-dump] - num JAVA drivers: 0
[state-dump] - num object spill callbacks queued: 0
[state-dump] - num object restore queued: 0
[state-dump] - num util functions queued: 0
[state-dump] - num PYTHON workers: 17
[state-dump] - num PYTHON drivers: 1
[state-dump] - num object spill callbacks queued: 0
[state-dump] - num object restore queued: 0
[state-dump] - num util functions queued: 0
[state-dump] - num idle workers: 1
[state-dump] TaskDependencyManager:
[state-dump] - task deps map size: 0
[state-dump] - get req map size: 0
[state-dump] - wait req map size: 0
[state-dump] - local objects map size: 0
[state-dump] WaitManager:
[state-dump] - num active wait requests: 0
[state-dump] Subscriber:
[state-dump] Channel WORKER_REF_REMOVED_CHANNEL
[state-dump] - cumulative subscribe requests: 0
[state-dump] - cumulative unsubscribe requests: 0
[state-dump] - active subscribed publishers: 0
[state-dump] - cumulative published messages: 0
[state-dump] - cumulative processed messages: 0
[state-dump] Channel WORKER_OBJECT_EVICTION
[state-dump] - cumulative subscribe requests: 1
[state-dump] - cumulative unsubscribe requests: 1
[state-dump] - active subscribed publishers: 0
[state-dump] - cumulative published messages: 1
[state-dump] - cumulative processed messages: 1
[state-dump] Channel WORKER_OBJECT_LOCATIONS_CHANNEL
[state-dump] - cumulative subscribe requests: 5
[state-dump] - cumulative unsubscribe requests: 5
[state-dump] - active subscribed publishers: 0
[state-dump] - cumulative published messages: 2
[state-dump] - cumulative processed messages: 2
[state-dump] num async plasma notifications: 0
[state-dump] Remote node managers: 
[state-dump] Event stats:
[state-dump] Global stats: 66831 total (27 active)
[state-dump] Queueing time: mean = 10.977 ms, max = 41.724 s, min = -0.000 s, total = 733.603 s
[state-dump] Execution time:  mean = 19.437 us, total = 1.299 s
[state-dump] Event stats:
[state-dump] 	NodeManagerService.grpc_server.ReportWorkerBacklog - 17366 total (0 active), CPU time: mean = 24.839 us, total = 431.363 ms
[state-dump] 	UNKNOWN - 11221 total (3 active), CPU time: mean = 1.798 us, total = 20.170 ms
[state-dump] 	ObjectManager.UpdateAvailableMemory - 10198 total (0 active), CPU time: mean = 484.941 ns, total = 4.945 ms
[state-dump] 	NodeManagerService.grpc_server.RequestResourceReport - 10113 total (0 active), CPU time: mean = 32.499 us, total = 328.661 ms
[state-dump] 	NodeManagerService.grpc_server.UpdateResourceUsage - 10112 total (0 active), CPU time: mean = 30.732 us, total = 310.763 ms
[state-dump] 	RayletWorkerPool.deadline_timer.kill_idle_workers - 5100 total (1 active), CPU time: mean = 4.583 us, total = 23.372 ms
[state-dump] 	NodeManagerService.grpc_server.GetResourceLoad - 1020 total (0 active), CPU time: mean = 30.076 us, total = 30.677 ms
[state-dump] 	NodeManager.deadline_timer.flush_free_objects - 1020 total (1 active), CPU time: mean = 2.502 us, total = 2.552 ms
[state-dump] 	ClientConnection.async_read.ReadBufferAsync - 328 total (18 active), CPU time: mean = 77.030 us, total = 25.266 ms
[state-dump] 	NodeManager.deadline_timer.debug_state_dump - 102 total (1 active), CPU time: mean = 371.389 us, total = 37.882 ms
[state-dump] 	NodeManager.deadline_timer.record_metrics - 68 total (1 active), CPU time: mean = 193.171 us, total = 13.136 ms
[state-dump] 	ObjectManager.ObjectDeleted - 19 total (0 active), CPU time: mean = 11.208 us, total = 212.953 us
[state-dump] 	ObjectManager.ObjectAdded - 19 total (0 active), CPU time: mean = 22.134 us, total = 420.540 us
[state-dump] 	ClientConnection.async_write.DoAsyncWrites - 18 total (0 active), CPU time: mean = 435.056 ns, total = 7.831 us
[state-dump] 	NodeManagerService.grpc_server.GetSystemConfig - 18 total (0 active), CPU time: mean = 34.279 us, total = 617.027 us
[state-dump] 	CoreWorkerService.grpc_client.LocalGC - 18 total (0 active), CPU time: mean = 10.679 us, total = 192.222 us
[state-dump] 	NodeManagerService.grpc_server.RequestWorkerLease - 17 total (0 active), CPU time: mean = 1.227 ms, total = 20.867 ms
[state-dump] 	NodeManager.deadline_timer.print_event_loop_stats - 17 total (1 active, 1 running), CPU time: mean = 521.921 us, total = 8.873 ms
[state-dump] 	CoreWorkerService.grpc_client.DirectActorCallArgWaitComplete - 16 total (0 active), CPU time: mean = 8.380 us, total = 134.072 us
[state-dump] 	CoreWorkerService.grpc_client.PubsubCommandBatch - 8 total (0 active), CPU time: mean = 58.221 us, total = 465.766 us
[state-dump] 	PeriodicalRunner.RunFnPeriodically - 8 total (0 active), CPU time: mean = 273.916 us, total = 2.191 ms
[state-dump] 	CoreWorkerService.grpc_client.PubsubLongPolling - 7 total (0 active), CPU time: mean = 147.979 us, total = 1.036 ms
[state-dump] 	InternalPubSubGcsService.grpc_client.GcsSubscriberPoll - 3 total (1 active), CPU time: mean = 41.759 us, total = 125.278 us
[state-dump] 	InternalPubSubGcsService.grpc_client.GcsSubscriberCommandBatch - 2 total (0 active), CPU time: mean = 59.350 us, total = 118.700 us
[state-dump] 	Subscriber.HandlePublishedMessage_WORKER_OBJECT_LOCATIONS_CHANNEL - 2 total (0 active), CPU time: mean = 24.247 us, total = 48.493 us
[state-dump] 	CoreWorkerService.grpc_client.UpdateObjectLocationBatch - 2 total (0 active), CPU time: mean = 18.242 us, total = 36.484 us
[state-dump] 	NodeInfoGcsService.grpc_client.GetAllNodeInfo - 1 total (0 active), CPU time: mean = 28.066 us, total = 28.066 us
[state-dump] 	Subscriber.HandlePublishedMessage_GCS_JOB_CHANNEL - 1 total (0 active), CPU time: mean = 47.159 us, total = 47.159 us
[state-dump] 	NodeInfoGcsService.grpc_client.GetInternalConfig - 1 total (0 active), CPU time: mean = 33.796 ms, total = 33.796 ms
[state-dump] 	JobInfoGcsService.grpc_client.GetAllJobInfo - 1 total (0 active), CPU time: mean = 343.023 us, total = 343.023 us
[state-dump] 	NodeInfoGcsService.grpc_client.RegisterNode - 1 total (0 active), CPU time: mean = 203.359 us, total = 203.359 us
[state-dump] 	AgentManagerService.grpc_server.RegisterAgent - 1 total (0 active), CPU time: mean = 194.419 us, total = 194.419 us
[state-dump] 	Subscriber.HandlePublishedMessage_WORKER_OBJECT_EVICTION - 1 total (0 active), CPU time: mean = 66.553 us, total = 66.553 us
[state-dump] 	JobInfoGcsService.grpc_client.AddJob - 1 total (0 active), CPU time: mean = 23.962 us, total = 23.962 us
[state-dump] 	NodeManagerService.grpc_server.PinObjectIDs - 1 total (0 active), CPU time: mean = 169.418 us, total = 169.418 us
[state-dump] DebugString() time ms: 0
[state-dump] 
[state-dump] 
[2026-01-30 14:20:31,363 I 3413275 3413375] (raylet) store.cc:551: ========== Plasma store: =================
Current usage: 0 / 200 GB
- num bytes created total: 7953630
0 pending objects of total size 0MB
- objects spillable: 0
- bytes spillable: 0
- objects unsealed: 0
- bytes unsealed: 0
- objects in use: 0
- bytes in use: 0
- objects evictable: 0
- bytes evictable: 0

- objects created by worker: 0
- bytes created by worker: 0
- objects restored: 0
- bytes restored: 0
- objects received: 0
- bytes received: 0
- objects errored: 0
- bytes errored: 0

[2026-01-30 14:20:31,391 I 3413275 3413275] (raylet) node_manager.cc:540: [state-dump] Event stats:
[state-dump] 
[state-dump] 
[state-dump] Global stats: 70790 total (27 active)
[state-dump] Queueing time: mean = 10.364 ms, max = 41.724 s, min = -0.000 s, total = 733.647 s
[state-dump] Execution time:  mean = 19.373 us, total = 1.371 s
[state-dump] Event stats:
[state-dump] 	NodeManagerService.grpc_server.ReportWorkerBacklog - 18446 total (0 active), CPU time: mean = 24.876 us, total = 458.864 ms
[state-dump] 	UNKNOWN - 11881 total (3 active), CPU time: mean = 1.820 us, total = 21.625 ms
[state-dump] 	ObjectManager.UpdateAvailableMemory - 10798 total (0 active), CPU time: mean = 486.348 ns, total = 5.252 ms
[state-dump] 	NodeManagerService.grpc_server.RequestResourceReport - 10707 total (0 active), CPU time: mean = 32.496 us, total = 347.937 ms
[state-dump] 	NodeManagerService.grpc_server.UpdateResourceUsage - 10706 total (0 active), CPU time: mean = 30.609 us, total = 327.702 ms
[state-dump] 	RayletWorkerPool.deadline_timer.kill_idle_workers - 5400 total (1 active), CPU time: mean = 4.581 us, total = 24.740 ms
[state-dump] 	NodeManagerService.grpc_server.GetResourceLoad - 1080 total (0 active), CPU time: mean = 29.994 us, total = 32.394 ms
[state-dump] 	NodeManager.deadline_timer.flush_free_objects - 1080 total (1 active), CPU time: mean = 2.478 us, total = 2.676 ms
[state-dump] 	ClientConnection.async_read.ReadBufferAsync - 328 total (18 active), CPU time: mean = 77.030 us, total = 25.266 ms
[state-dump] 	NodeManager.deadline_timer.debug_state_dump - 108 total (1 active), CPU time: mean = 370.569 us, total = 40.021 ms
[state-dump] 	NodeManager.deadline_timer.record_metrics - 72 total (1 active), CPU time: mean = 196.670 us, total = 14.160 ms
[state-dump] 	ObjectManager.ObjectDeleted - 19 total (0 active), CPU time: mean = 11.208 us, total = 212.953 us
[state-dump] 	ObjectManager.ObjectAdded - 19 total (0 active), CPU time: mean = 22.134 us, total = 420.540 us
[state-dump] 	ClientConnection.async_write.DoAsyncWrites - 18 total (0 active), CPU time: mean = 435.056 ns, total = 7.831 us
[state-dump] 	NodeManagerService.grpc_server.GetSystemConfig - 18 total (0 active), CPU time: mean = 34.279 us, total = 617.027 us
[state-dump] 	NodeManager.deadline_timer.print_event_loop_stats - 18 total (1 active, 1 running), CPU time: mean = 524.292 us, total = 9.437 ms
[state-dump] 	CoreWorkerService.grpc_client.LocalGC - 18 total (0 active), CPU time: mean = 10.679 us, total = 192.222 us
[state-dump] 	NodeManagerService.grpc_server.RequestWorkerLease - 17 total (0 active), CPU time: mean = 1.227 ms, total = 20.867 ms
[state-dump] 	CoreWorkerService.grpc_client.DirectActorCallArgWaitComplete - 16 total (0 active), CPU time: mean = 8.380 us, total = 134.072 us
[state-dump] 	CoreWorkerService.grpc_client.PubsubCommandBatch - 8 total (0 active), CPU time: mean = 58.221 us, total = 465.766 us
[state-dump] 	PeriodicalRunner.RunFnPeriodically - 8 total (0 active), CPU time: mean = 273.916 us, total = 2.191 ms
[state-dump] 	CoreWorkerService.grpc_client.PubsubLongPolling - 7 total (0 active), CPU time: mean = 147.979 us, total = 1.036 ms
[state-dump] 	InternalPubSubGcsService.grpc_client.GcsSubscriberPoll - 3 total (1 active), CPU time: mean = 41.759 us, total = 125.278 us
[state-dump] 	InternalPubSubGcsService.grpc_client.GcsSubscriberCommandBatch - 2 total (0 active), CPU time: mean = 59.350 us, total = 118.700 us
[state-dump] 	Subscriber.HandlePublishedMessage_WORKER_OBJECT_LOCATIONS_CHANNEL - 2 total (0 active), CPU time: mean = 24.247 us, total = 48.493 us
[state-dump] 	CoreWorkerService.grpc_client.UpdateObjectLocationBatch - 2 total (0 active), CPU time: mean = 18.242 us, total = 36.484 us
[state-dump] 	NodeInfoGcsService.grpc_client.GetAllNodeInfo - 1 total (0 active), CPU time: mean = 28.066 us, total = 28.066 us
[state-dump] 	Subscriber.HandlePublishedMessage_GCS_JOB_CHANNEL - 1 total (0 active), CPU time: mean = 47.159 us, total = 47.159 us
[state-dump] 	NodeInfoGcsService.grpc_client.GetInternalConfig - 1 total (0 active), CPU time: mean = 33.796 ms, total = 33.796 ms
[state-dump] 	JobInfoGcsService.grpc_client.GetAllJobInfo - 1 total (0 active), CPU time: mean = 343.023 us, total = 343.023 us
[state-dump] 	NodeInfoGcsService.grpc_client.RegisterNode - 1 total (0 active), CPU time: mean = 203.359 us, total = 203.359 us
[state-dump] 	AgentManagerService.grpc_server.RegisterAgent - 1 total (0 active), CPU time: mean = 194.419 us, total = 194.419 us
[state-dump] 	Subscriber.HandlePublishedMessage_WORKER_OBJECT_EVICTION - 1 total (0 active), CPU time: mean = 66.553 us, total = 66.553 us
[state-dump] 	JobInfoGcsService.grpc_client.AddJob - 1 total (0 active), CPU time: mean = 23.962 us, total = 23.962 us
[state-dump] 	NodeManagerService.grpc_server.PinObjectIDs - 1 total (0 active), CPU time: mean = 169.418 us, total = 169.418 us
[state-dump] 
[state-dump] NodeManager:
[state-dump] Node ID: 435ff685d8e66afce15860cd5b4687480235848d386ffa5d5547bd3d
[state-dump] Node name: 10.137.21.59
[state-dump] InitialConfigResources: {memory: 8135216732160000, GPU: 20000, node:10.137.21.59: 10000, CPU: 170000, object_store_memory: 2000000000000000, accelerator_type:H100: 10000}
[state-dump] ClusterTaskManager:
[state-dump] ========== Node: 435ff685d8e66afce15860cd5b4687480235848d386ffa5d5547bd3d =================
[state-dump] Infeasible queue length: 1
[state-dump] Schedule queue length: 0
[state-dump] Dispatch queue length: 0
[state-dump] num_waiting_for_resource: 0
[state-dump] num_waiting_for_plasma_memory: 0
[state-dump] num_waiting_for_remote_node_resources: 0
[state-dump] num_worker_not_started_by_job_config_not_exist: 0
[state-dump] num_worker_not_started_by_registration_timeout: 0
[state-dump] num_tasks_waiting_for_workers: 0
[state-dump] num_cancelled_tasks: 0
[state-dump] cluster_resource_scheduler state: 
[state-dump] Local id: -8058881002343059789 Local resources: {node:10.137.21.59: [10000]/[10000], CPU: [10000]/[170000], object_store_memory: [2000000000000000]/[2000000000000000], memory: [8135216732160000]/[8135216732160000], GPU: [10000, 10000]/[10000, 10000], accelerator_type:H100: [10000]/[10000]}node id: -8058881002343059789{node:10.137.21.59: 10000/10000, CPU: 10000/170000, object_store_memory: 2000000000000000/2000000000000000, memory: 8135216732160000/8135216732160000, GPU: 20000/20000, accelerator_type:H100: 10000/10000}{ "placment group locations": [], "node to bundles": []}
[state-dump] Waiting tasks size: 0
[state-dump] Number of executing tasks: 0
[state-dump] Number of pinned task arguments: 0
[state-dump] Number of total spilled tasks: 0
[state-dump] Number of spilled waiting tasks: 0
[state-dump] Number of spilled unschedulable tasks: 0
[state-dump] Resource usage {
[state-dump]     - (language=PYTHON actor_or_task=RolloutWorker.__init__ pid=3414093): {CPU: 1.000000}
[state-dump]     - (language=PYTHON actor_or_task=RolloutWorker.__init__ pid=3414092): {CPU: 1.000000}
[state-dump]     - (language=PYTHON actor_or_task=RolloutWorker.__init__ pid=3414084): {CPU: 1.000000}
[state-dump]     - (language=PYTHON actor_or_task=RolloutWorker.__init__ pid=3414091): {CPU: 1.000000}
[state-dump]     - (language=PYTHON actor_or_task=RolloutWorker.__init__ pid=3414089): {CPU: 1.000000}
[state-dump]     - (language=PYTHON actor_or_task=RolloutWorker.__init__ pid=3414085): {CPU: 1.000000}
[state-dump]     - (language=PYTHON actor_or_task=RolloutWorker.__init__ pid=3414094): {CPU: 1.000000}
[state-dump]     - (language=PYTHON actor_or_task=RolloutWorker.__init__ pid=3414083): {CPU: 1.000000}
[state-dump]     - (language=PYTHON actor_or_task=RolloutWorker.__init__ pid=3414088): {CPU: 1.000000}
[state-dump]     - (language=PYTHON actor_or_task=RolloutWorker.__init__ pid=3414080): {CPU: 1.000000}
[state-dump]     - (language=PYTHON actor_or_task=RolloutWorker.__init__ pid=3414095): {CPU: 1.000000}
[state-dump]     - (language=PYTHON actor_or_task=RolloutWorker.__init__ pid=3414081): {CPU: 1.000000}
[state-dump]     - (language=PYTHON actor_or_task=RolloutWorker.__init__ pid=3414082): {CPU: 1.000000}
[state-dump]     - (language=PYTHON actor_or_task=RolloutWorker.__init__ pid=3414087): {CPU: 1.000000}
[state-dump]     - (language=PYTHON actor_or_task=RolloutWorker.__init__ pid=3414086): {CPU: 1.000000}
[state-dump]     - (language=PYTHON actor_or_task=RolloutWorker.__init__ pid=3414090): {CPU: 1.000000}
[state-dump] }
[state-dump] Running tasks by scheduling class:
[state-dump] ==================================================
[state-dump] 
[state-dump] ClusterResources:
[state-dump] LocalObjectManager:
[state-dump] - num pinned objects: 0
[state-dump] - pinned objects size: 0
[state-dump] - num objects pending restore: 0
[state-dump] - num objects pending spill: 0
[state-dump] - num bytes pending spill: 0
[state-dump] - num bytes currently spilled: 0
[state-dump] - cumulative spill requests: 0
[state-dump] - cumulative restore requests: 0
[state-dump] - spilled objects pending delete: 0
[state-dump] 
[state-dump] ObjectManager:
[state-dump] - num local objects: 0
[state-dump] - num unfulfilled push requests: 0
[state-dump] - num object pull requests: 0
[state-dump] - num chunks received total: 0
[state-dump] - num chunks received failed (all): 0
[state-dump] - num chunks received failed / cancelled: 0
[state-dump] - num chunks received failed / plasma error: 0
[state-dump] Event stats:
[state-dump] Global stats: 1 total (0 active)
[state-dump] Queueing time: mean = 25.771 us, max = 25.771 us, min = 25.771 us, total = 25.771 us
[state-dump] Execution time:  mean = 5.425 us, total = 5.425 us
[state-dump] Event stats:
[state-dump] 	ObjectManager.FreeObjects - 1 total (0 active), CPU time: mean = 5.425 us, total = 5.425 us
[state-dump] PushManager:
[state-dump] - num pushes in flight: 0
[state-dump] - num chunks in flight: 0
[state-dump] - num chunks remaining: 0
[state-dump] - max chunks allowed: 409
[state-dump] OwnershipBasedObjectDirectory:
[state-dump] - num listeners: 0
[state-dump] - cumulative location updates: 2
[state-dump] - num location updates per second: 0.000
[state-dump] - num location lookups per second: 0.000
[state-dump] - num locations added per second: 0.000
[state-dump] - num locations removed per second: 0.000
[state-dump] BufferPool:
[state-dump] - create buffer state map size: 0
[state-dump] PullManager:
[state-dump] - num bytes available for pulled objects: 200000000000
[state-dump] - num bytes being pulled (all): 0
[state-dump] - num bytes being pulled / pinned: 0
[state-dump] - get request bundles: BundlePullRequestQueue{0 total, 0 active, 0 inactive, 0 unpullable}
[state-dump] - wait request bundles: BundlePullRequestQueue{0 total, 0 active, 0 inactive, 0 unpullable}
[state-dump] - task request bundles: BundlePullRequestQueue{0 total, 0 active, 0 inactive, 0 unpullable}
[state-dump] - first get request bundle: N/A
[state-dump] - first wait request bundle: N/A
[state-dump] - first task request bundle: N/A
[state-dump] - num objects queued: 0
[state-dump] - num objects actively pulled (all): 0
[state-dump] - num objects actively pulled / pinned: 0
[state-dump] - num bundles being pulled: 0
[state-dump] - num pull retries: 0
[state-dump] - max timeout seconds: 0
[state-dump] - max timeout request is already processed. No entry.
[state-dump] 
[state-dump] WorkerPool:
[state-dump] - registered jobs: 1
[state-dump] - process_failed_job_config_missing: 0
[state-dump] - process_failed_rate_limited: 0
[state-dump] - process_failed_pending_registration: 0
[state-dump] - process_failed_runtime_env_setup_failed: 0
[state-dump] - num JAVA workers: 0
[state-dump] - num JAVA drivers: 0
[state-dump] - num object spill callbacks queued: 0
[state-dump] - num object restore queued: 0
[state-dump] - num util functions queued: 0
[state-dump] - num PYTHON workers: 17
[state-dump] - num PYTHON drivers: 1
[state-dump] - num object spill callbacks queued: 0
[state-dump] - num object restore queued: 0
[state-dump] - num util functions queued: 0
[state-dump] - num idle workers: 1
[state-dump] TaskDependencyManager:
[state-dump] - task deps map size: 0
[state-dump] - get req map size: 0
[state-dump] - wait req map size: 0
[state-dump] - local objects map size: 0
[state-dump] WaitManager:
[state-dump] - num active wait requests: 0
[state-dump] Subscriber:
[state-dump] Channel WORKER_REF_REMOVED_CHANNEL
[state-dump] - cumulative subscribe requests: 0
[state-dump] - cumulative unsubscribe requests: 0
[state-dump] - active subscribed publishers: 0
[state-dump] - cumulative published messages: 0
[state-dump] - cumulative processed messages: 0
[state-dump] Channel WORKER_OBJECT_EVICTION
[state-dump] - cumulative subscribe requests: 1
[state-dump] - cumulative unsubscribe requests: 1
[state-dump] - active subscribed publishers: 0
[state-dump] - cumulative published messages: 1
[state-dump] - cumulative processed messages: 1
[state-dump] Channel WORKER_OBJECT_LOCATIONS_CHANNEL
[state-dump] - cumulative subscribe requests: 5
[state-dump] - cumulative unsubscribe requests: 5
[state-dump] - active subscribed publishers: 0
[state-dump] - cumulative published messages: 2
[state-dump] - cumulative processed messages: 2
[state-dump] num async plasma notifications: 0
[state-dump] Remote node managers: 
[state-dump] Event stats:
[state-dump] Global stats: 70790 total (27 active)
[state-dump] Queueing time: mean = 10.364 ms, max = 41.724 s, min = -0.000 s, total = 733.647 s
[state-dump] Execution time:  mean = 19.373 us, total = 1.371 s
[state-dump] Event stats:
[state-dump] 	NodeManagerService.grpc_server.ReportWorkerBacklog - 18446 total (0 active), CPU time: mean = 24.876 us, total = 458.864 ms
[state-dump] 	UNKNOWN - 11881 total (3 active), CPU time: mean = 1.820 us, total = 21.625 ms
[state-dump] 	ObjectManager.UpdateAvailableMemory - 10798 total (0 active), CPU time: mean = 486.348 ns, total = 5.252 ms
[state-dump] 	NodeManagerService.grpc_server.RequestResourceReport - 10707 total (0 active), CPU time: mean = 32.496 us, total = 347.937 ms
[state-dump] 	NodeManagerService.grpc_server.UpdateResourceUsage - 10706 total (0 active), CPU time: mean = 30.609 us, total = 327.702 ms
[state-dump] 	RayletWorkerPool.deadline_timer.kill_idle_workers - 5400 total (1 active), CPU time: mean = 4.581 us, total = 24.740 ms
[state-dump] 	NodeManagerService.grpc_server.GetResourceLoad - 1080 total (0 active), CPU time: mean = 29.994 us, total = 32.394 ms
[state-dump] 	NodeManager.deadline_timer.flush_free_objects - 1080 total (1 active), CPU time: mean = 2.478 us, total = 2.676 ms
[state-dump] 	ClientConnection.async_read.ReadBufferAsync - 328 total (18 active), CPU time: mean = 77.030 us, total = 25.266 ms
[state-dump] 	NodeManager.deadline_timer.debug_state_dump - 108 total (1 active), CPU time: mean = 370.569 us, total = 40.021 ms
[state-dump] 	NodeManager.deadline_timer.record_metrics - 72 total (1 active), CPU time: mean = 196.670 us, total = 14.160 ms
[state-dump] 	ObjectManager.ObjectDeleted - 19 total (0 active), CPU time: mean = 11.208 us, total = 212.953 us
[state-dump] 	ObjectManager.ObjectAdded - 19 total (0 active), CPU time: mean = 22.134 us, total = 420.540 us
[state-dump] 	ClientConnection.async_write.DoAsyncWrites - 18 total (0 active), CPU time: mean = 435.056 ns, total = 7.831 us
[state-dump] 	NodeManagerService.grpc_server.GetSystemConfig - 18 total (0 active), CPU time: mean = 34.279 us, total = 617.027 us
[state-dump] 	NodeManager.deadline_timer.print_event_loop_stats - 18 total (1 active, 1 running), CPU time: mean = 524.292 us, total = 9.437 ms
[state-dump] 	CoreWorkerService.grpc_client.LocalGC - 18 total (0 active), CPU time: mean = 10.679 us, total = 192.222 us
[state-dump] 	NodeManagerService.grpc_server.RequestWorkerLease - 17 total (0 active), CPU time: mean = 1.227 ms, total = 20.867 ms
[state-dump] 	CoreWorkerService.grpc_client.DirectActorCallArgWaitComplete - 16 total (0 active), CPU time: mean = 8.380 us, total = 134.072 us
[state-dump] 	CoreWorkerService.grpc_client.PubsubCommandBatch - 8 total (0 active), CPU time: mean = 58.221 us, total = 465.766 us
[state-dump] 	PeriodicalRunner.RunFnPeriodically - 8 total (0 active), CPU time: mean = 273.916 us, total = 2.191 ms
[state-dump] 	CoreWorkerService.grpc_client.PubsubLongPolling - 7 total (0 active), CPU time: mean = 147.979 us, total = 1.036 ms
[state-dump] 	InternalPubSubGcsService.grpc_client.GcsSubscriberPoll - 3 total (1 active), CPU time: mean = 41.759 us, total = 125.278 us
[state-dump] 	InternalPubSubGcsService.grpc_client.GcsSubscriberCommandBatch - 2 total (0 active), CPU time: mean = 59.350 us, total = 118.700 us
[state-dump] 	Subscriber.HandlePublishedMessage_WORKER_OBJECT_LOCATIONS_CHANNEL - 2 total (0 active), CPU time: mean = 24.247 us, total = 48.493 us
[state-dump] 	CoreWorkerService.grpc_client.UpdateObjectLocationBatch - 2 total (0 active), CPU time: mean = 18.242 us, total = 36.484 us
[state-dump] 	NodeInfoGcsService.grpc_client.GetAllNodeInfo - 1 total (0 active), CPU time: mean = 28.066 us, total = 28.066 us
[state-dump] 	Subscriber.HandlePublishedMessage_GCS_JOB_CHANNEL - 1 total (0 active), CPU time: mean = 47.159 us, total = 47.159 us
[state-dump] 	NodeInfoGcsService.grpc_client.GetInternalConfig - 1 total (0 active), CPU time: mean = 33.796 ms, total = 33.796 ms
[state-dump] 	JobInfoGcsService.grpc_client.GetAllJobInfo - 1 total (0 active), CPU time: mean = 343.023 us, total = 343.023 us
[state-dump] 	NodeInfoGcsService.grpc_client.RegisterNode - 1 total (0 active), CPU time: mean = 203.359 us, total = 203.359 us
[state-dump] 	AgentManagerService.grpc_server.RegisterAgent - 1 total (0 active), CPU time: mean = 194.419 us, total = 194.419 us
[state-dump] 	Subscriber.HandlePublishedMessage_WORKER_OBJECT_EVICTION - 1 total (0 active), CPU time: mean = 66.553 us, total = 66.553 us
[state-dump] 	JobInfoGcsService.grpc_client.AddJob - 1 total (0 active), CPU time: mean = 23.962 us, total = 23.962 us
[state-dump] 	NodeManagerService.grpc_server.PinObjectIDs - 1 total (0 active), CPU time: mean = 169.418 us, total = 169.418 us
[state-dump] DebugString() time ms: 0
[state-dump] 
[state-dump] 
[2026-01-30 14:21:31,363 I 3413275 3413375] (raylet) store.cc:551: ========== Plasma store: =================
Current usage: 0 / 200 GB
- num bytes created total: 7953630
0 pending objects of total size 0MB
- objects spillable: 0
- bytes spillable: 0
- objects unsealed: 0
- bytes unsealed: 0
- objects in use: 0
- bytes in use: 0
- objects evictable: 0
- bytes evictable: 0

- objects created by worker: 0
- bytes created by worker: 0
- objects restored: 0
- bytes restored: 0
- objects received: 0
- bytes received: 0
- objects errored: 0
- bytes errored: 0

[2026-01-30 14:21:31,392 I 3413275 3413275] (raylet) node_manager.cc:540: [state-dump] Event stats:
[state-dump] 
[state-dump] 
[state-dump] Global stats: 74751 total (27 active)
[state-dump] Queueing time: mean = 9.815 ms, max = 41.724 s, min = -0.000 s, total = 733.691 s
[state-dump] Execution time:  mean = 19.316 us, total = 1.444 s
[state-dump] Event stats:
[state-dump] 	NodeManagerService.grpc_server.ReportWorkerBacklog - 19526 total (0 active), CPU time: mean = 24.851 us, total = 485.232 ms
[state-dump] 	UNKNOWN - 12541 total (3 active), CPU time: mean = 1.841 us, total = 23.084 ms
[state-dump] 	ObjectManager.UpdateAvailableMemory - 11398 total (0 active), CPU time: mean = 486.761 ns, total = 5.548 ms
[state-dump] 	NodeManagerService.grpc_server.RequestResourceReport - 11302 total (0 active), CPU time: mean = 32.491 us, total = 367.218 ms
[state-dump] 	NodeManagerService.grpc_server.UpdateResourceUsage - 11301 total (0 active), CPU time: mean = 30.594 us, total = 345.741 ms
[state-dump] 	RayletWorkerPool.deadline_timer.kill_idle_workers - 5700 total (1 active), CPU time: mean = 4.598 us, total = 26.208 ms
[state-dump] 	NodeManagerService.grpc_server.GetResourceLoad - 1140 total (0 active), CPU time: mean = 29.857 us, total = 34.037 ms
[state-dump] 	NodeManager.deadline_timer.flush_free_objects - 1140 total (1 active), CPU time: mean = 2.465 us, total = 2.810 ms
[state-dump] 	ClientConnection.async_read.ReadBufferAsync - 328 total (18 active), CPU time: mean = 77.030 us, total = 25.266 ms
[state-dump] 	NodeManager.deadline_timer.debug_state_dump - 114 total (1 active), CPU time: mean = 371.117 us, total = 42.307 ms
[state-dump] 	NodeManager.deadline_timer.record_metrics - 76 total (1 active), CPU time: mean = 197.863 us, total = 15.038 ms
[state-dump] 	NodeManager.deadline_timer.print_event_loop_stats - 19 total (1 active, 1 running), CPU time: mean = 529.953 us, total = 10.069 ms
[state-dump] 	ObjectManager.ObjectAdded - 19 total (0 active), CPU time: mean = 22.134 us, total = 420.540 us
[state-dump] 	ObjectManager.ObjectDeleted - 19 total (0 active), CPU time: mean = 11.208 us, total = 212.953 us
[state-dump] 	CoreWorkerService.grpc_client.LocalGC - 18 total (0 active), CPU time: mean = 10.679 us, total = 192.222 us
[state-dump] 	NodeManagerService.grpc_server.GetSystemConfig - 18 total (0 active), CPU time: mean = 34.279 us, total = 617.027 us
[state-dump] 	ClientConnection.async_write.DoAsyncWrites - 18 total (0 active), CPU time: mean = 435.056 ns, total = 7.831 us
[state-dump] 	NodeManagerService.grpc_server.RequestWorkerLease - 17 total (0 active), CPU time: mean = 1.227 ms, total = 20.867 ms
[state-dump] 	CoreWorkerService.grpc_client.DirectActorCallArgWaitComplete - 16 total (0 active), CPU time: mean = 8.380 us, total = 134.072 us
[state-dump] 	PeriodicalRunner.RunFnPeriodically - 8 total (0 active), CPU time: mean = 273.916 us, total = 2.191 ms
[state-dump] 	CoreWorkerService.grpc_client.PubsubCommandBatch - 8 total (0 active), CPU time: mean = 58.221 us, total = 465.766 us
[state-dump] 	CoreWorkerService.grpc_client.PubsubLongPolling - 7 total (0 active), CPU time: mean = 147.979 us, total = 1.036 ms
[state-dump] 	InternalPubSubGcsService.grpc_client.GcsSubscriberPoll - 3 total (1 active), CPU time: mean = 41.759 us, total = 125.278 us
[state-dump] 	InternalPubSubGcsService.grpc_client.GcsSubscriberCommandBatch - 2 total (0 active), CPU time: mean = 59.350 us, total = 118.700 us
[state-dump] 	Subscriber.HandlePublishedMessage_WORKER_OBJECT_LOCATIONS_CHANNEL - 2 total (0 active), CPU time: mean = 24.247 us, total = 48.493 us
[state-dump] 	CoreWorkerService.grpc_client.UpdateObjectLocationBatch - 2 total (0 active), CPU time: mean = 18.242 us, total = 36.484 us
[state-dump] 	NodeInfoGcsService.grpc_client.GetAllNodeInfo - 1 total (0 active), CPU time: mean = 28.066 us, total = 28.066 us
[state-dump] 	Subscriber.HandlePublishedMessage_GCS_JOB_CHANNEL - 1 total (0 active), CPU time: mean = 47.159 us, total = 47.159 us
[state-dump] 	NodeInfoGcsService.grpc_client.GetInternalConfig - 1 total (0 active), CPU time: mean = 33.796 ms, total = 33.796 ms
[state-dump] 	JobInfoGcsService.grpc_client.GetAllJobInfo - 1 total (0 active), CPU time: mean = 343.023 us, total = 343.023 us
[state-dump] 	NodeInfoGcsService.grpc_client.RegisterNode - 1 total (0 active), CPU time: mean = 203.359 us, total = 203.359 us
[state-dump] 	AgentManagerService.grpc_server.RegisterAgent - 1 total (0 active), CPU time: mean = 194.419 us, total = 194.419 us
[state-dump] 	Subscriber.HandlePublishedMessage_WORKER_OBJECT_EVICTION - 1 total (0 active), CPU time: mean = 66.553 us, total = 66.553 us
[state-dump] 	JobInfoGcsService.grpc_client.AddJob - 1 total (0 active), CPU time: mean = 23.962 us, total = 23.962 us
[state-dump] 	NodeManagerService.grpc_server.PinObjectIDs - 1 total (0 active), CPU time: mean = 169.418 us, total = 169.418 us
[state-dump] 
[state-dump] NodeManager:
[state-dump] Node ID: 435ff685d8e66afce15860cd5b4687480235848d386ffa5d5547bd3d
[state-dump] Node name: 10.137.21.59
[state-dump] InitialConfigResources: {memory: 8135216732160000, GPU: 20000, node:10.137.21.59: 10000, CPU: 170000, object_store_memory: 2000000000000000, accelerator_type:H100: 10000}
[state-dump] ClusterTaskManager:
[state-dump] ========== Node: 435ff685d8e66afce15860cd5b4687480235848d386ffa5d5547bd3d =================
[state-dump] Infeasible queue length: 1
[state-dump] Schedule queue length: 0
[state-dump] Dispatch queue length: 0
[state-dump] num_waiting_for_resource: 0
[state-dump] num_waiting_for_plasma_memory: 0
[state-dump] num_waiting_for_remote_node_resources: 0
[state-dump] num_worker_not_started_by_job_config_not_exist: 0
[state-dump] num_worker_not_started_by_registration_timeout: 0
[state-dump] num_tasks_waiting_for_workers: 0
[state-dump] num_cancelled_tasks: 0
[state-dump] cluster_resource_scheduler state: 
[state-dump] Local id: -8058881002343059789 Local resources: {node:10.137.21.59: [10000]/[10000], CPU: [10000]/[170000], object_store_memory: [2000000000000000]/[2000000000000000], memory: [8135216732160000]/[8135216732160000], GPU: [10000, 10000]/[10000, 10000], accelerator_type:H100: [10000]/[10000]}node id: -8058881002343059789{node:10.137.21.59: 10000/10000, CPU: 10000/170000, object_store_memory: 2000000000000000/2000000000000000, memory: 8135216732160000/8135216732160000, GPU: 20000/20000, accelerator_type:H100: 10000/10000}{ "placment group locations": [], "node to bundles": []}
[state-dump] Waiting tasks size: 0
[state-dump] Number of executing tasks: 0
[state-dump] Number of pinned task arguments: 0
[state-dump] Number of total spilled tasks: 0
[state-dump] Number of spilled waiting tasks: 0
[state-dump] Number of spilled unschedulable tasks: 0
[state-dump] Resource usage {
[state-dump]     - (language=PYTHON actor_or_task=RolloutWorker.__init__ pid=3414093): {CPU: 1.000000}
[state-dump]     - (language=PYTHON actor_or_task=RolloutWorker.__init__ pid=3414092): {CPU: 1.000000}
[state-dump]     - (language=PYTHON actor_or_task=RolloutWorker.__init__ pid=3414084): {CPU: 1.000000}
[state-dump]     - (language=PYTHON actor_or_task=RolloutWorker.__init__ pid=3414091): {CPU: 1.000000}
[state-dump]     - (language=PYTHON actor_or_task=RolloutWorker.__init__ pid=3414089): {CPU: 1.000000}
[state-dump]     - (language=PYTHON actor_or_task=RolloutWorker.__init__ pid=3414085): {CPU: 1.000000}
[state-dump]     - (language=PYTHON actor_or_task=RolloutWorker.__init__ pid=3414094): {CPU: 1.000000}
[state-dump]     - (language=PYTHON actor_or_task=RolloutWorker.__init__ pid=3414083): {CPU: 1.000000}
[state-dump]     - (language=PYTHON actor_or_task=RolloutWorker.__init__ pid=3414088): {CPU: 1.000000}
[state-dump]     - (language=PYTHON actor_or_task=RolloutWorker.__init__ pid=3414080): {CPU: 1.000000}
[state-dump]     - (language=PYTHON actor_or_task=RolloutWorker.__init__ pid=3414095): {CPU: 1.000000}
[state-dump]     - (language=PYTHON actor_or_task=RolloutWorker.__init__ pid=3414081): {CPU: 1.000000}
[state-dump]     - (language=PYTHON actor_or_task=RolloutWorker.__init__ pid=3414082): {CPU: 1.000000}
[state-dump]     - (language=PYTHON actor_or_task=RolloutWorker.__init__ pid=3414087): {CPU: 1.000000}
[state-dump]     - (language=PYTHON actor_or_task=RolloutWorker.__init__ pid=3414086): {CPU: 1.000000}
[state-dump]     - (language=PYTHON actor_or_task=RolloutWorker.__init__ pid=3414090): {CPU: 1.000000}
[state-dump] }
[state-dump] Running tasks by scheduling class:
[state-dump] ==================================================
[state-dump] 
[state-dump] ClusterResources:
[state-dump] LocalObjectManager:
[state-dump] - num pinned objects: 0
[state-dump] - pinned objects size: 0
[state-dump] - num objects pending restore: 0
[state-dump] - num objects pending spill: 0
[state-dump] - num bytes pending spill: 0
[state-dump] - num bytes currently spilled: 0
[state-dump] - cumulative spill requests: 0
[state-dump] - cumulative restore requests: 0
[state-dump] - spilled objects pending delete: 0
[state-dump] 
[state-dump] ObjectManager:
[state-dump] - num local objects: 0
[state-dump] - num unfulfilled push requests: 0
[state-dump] - num object pull requests: 0
[state-dump] - num chunks received total: 0
[state-dump] - num chunks received failed (all): 0
[state-dump] - num chunks received failed / cancelled: 0
[state-dump] - num chunks received failed / plasma error: 0
[state-dump] Event stats:
[state-dump] Global stats: 1 total (0 active)
[state-dump] Queueing time: mean = 25.771 us, max = 25.771 us, min = 25.771 us, total = 25.771 us
[state-dump] Execution time:  mean = 5.425 us, total = 5.425 us
[state-dump] Event stats:
[state-dump] 	ObjectManager.FreeObjects - 1 total (0 active), CPU time: mean = 5.425 us, total = 5.425 us
[state-dump] PushManager:
[state-dump] - num pushes in flight: 0
[state-dump] - num chunks in flight: 0
[state-dump] - num chunks remaining: 0
[state-dump] - max chunks allowed: 409
[state-dump] OwnershipBasedObjectDirectory:
[state-dump] - num listeners: 0
[state-dump] - cumulative location updates: 2
[state-dump] - num location updates per second: 0.000
[state-dump] - num location lookups per second: 0.000
[state-dump] - num locations added per second: 0.000
[state-dump] - num locations removed per second: 0.000
[state-dump] BufferPool:
[state-dump] - create buffer state map size: 0
[state-dump] PullManager:
[state-dump] - num bytes available for pulled objects: 200000000000
[state-dump] - num bytes being pulled (all): 0
[state-dump] - num bytes being pulled / pinned: 0
[state-dump] - get request bundles: BundlePullRequestQueue{0 total, 0 active, 0 inactive, 0 unpullable}
[state-dump] - wait request bundles: BundlePullRequestQueue{0 total, 0 active, 0 inactive, 0 unpullable}
[state-dump] - task request bundles: BundlePullRequestQueue{0 total, 0 active, 0 inactive, 0 unpullable}
[state-dump] - first get request bundle: N/A
[state-dump] - first wait request bundle: N/A
[state-dump] - first task request bundle: N/A
[state-dump] - num objects queued: 0
[state-dump] - num objects actively pulled (all): 0
[state-dump] - num objects actively pulled / pinned: 0
[state-dump] - num bundles being pulled: 0
[state-dump] - num pull retries: 0
[state-dump] - max timeout seconds: 0
[state-dump] - max timeout request is already processed. No entry.
[state-dump] 
[state-dump] WorkerPool:
[state-dump] - registered jobs: 1
[state-dump] - process_failed_job_config_missing: 0
[state-dump] - process_failed_rate_limited: 0
[state-dump] - process_failed_pending_registration: 0
[state-dump] - process_failed_runtime_env_setup_failed: 0
[state-dump] - num JAVA workers: 0
[state-dump] - num JAVA drivers: 0
[state-dump] - num object spill callbacks queued: 0
[state-dump] - num object restore queued: 0
[state-dump] - num util functions queued: 0
[state-dump] - num PYTHON workers: 17
[state-dump] - num PYTHON drivers: 1
[state-dump] - num object spill callbacks queued: 0
[state-dump] - num object restore queued: 0
[state-dump] - num util functions queued: 0
[state-dump] - num idle workers: 1
[state-dump] TaskDependencyManager:
[state-dump] - task deps map size: 0
[state-dump] - get req map size: 0
[state-dump] - wait req map size: 0
[state-dump] - local objects map size: 0
[state-dump] WaitManager:
[state-dump] - num active wait requests: 0
[state-dump] Subscriber:
[state-dump] Channel WORKER_REF_REMOVED_CHANNEL
[state-dump] - cumulative subscribe requests: 0
[state-dump] - cumulative unsubscribe requests: 0
[state-dump] - active subscribed publishers: 0
[state-dump] - cumulative published messages: 0
[state-dump] - cumulative processed messages: 0
[state-dump] Channel WORKER_OBJECT_EVICTION
[state-dump] - cumulative subscribe requests: 1
[state-dump] - cumulative unsubscribe requests: 1
[state-dump] - active subscribed publishers: 0
[state-dump] - cumulative published messages: 1
[state-dump] - cumulative processed messages: 1
[state-dump] Channel WORKER_OBJECT_LOCATIONS_CHANNEL
[state-dump] - cumulative subscribe requests: 5
[state-dump] - cumulative unsubscribe requests: 5
[state-dump] - active subscribed publishers: 0
[state-dump] - cumulative published messages: 2
[state-dump] - cumulative processed messages: 2
[state-dump] num async plasma notifications: 0
[state-dump] Remote node managers: 
[state-dump] Event stats:
[state-dump] Global stats: 74751 total (27 active)
[state-dump] Queueing time: mean = 9.815 ms, max = 41.724 s, min = -0.000 s, total = 733.691 s
[state-dump] Execution time:  mean = 19.316 us, total = 1.444 s
[state-dump] Event stats:
[state-dump] 	NodeManagerService.grpc_server.ReportWorkerBacklog - 19526 total (0 active), CPU time: mean = 24.851 us, total = 485.232 ms
[state-dump] 	UNKNOWN - 12541 total (3 active), CPU time: mean = 1.841 us, total = 23.084 ms
[state-dump] 	ObjectManager.UpdateAvailableMemory - 11398 total (0 active), CPU time: mean = 486.761 ns, total = 5.548 ms
[state-dump] 	NodeManagerService.grpc_server.RequestResourceReport - 11302 total (0 active), CPU time: mean = 32.491 us, total = 367.218 ms
[state-dump] 	NodeManagerService.grpc_server.UpdateResourceUsage - 11301 total (0 active), CPU time: mean = 30.594 us, total = 345.741 ms
[state-dump] 	RayletWorkerPool.deadline_timer.kill_idle_workers - 5700 total (1 active), CPU time: mean = 4.598 us, total = 26.208 ms
[state-dump] 	NodeManagerService.grpc_server.GetResourceLoad - 1140 total (0 active), CPU time: mean = 29.857 us, total = 34.037 ms
[state-dump] 	NodeManager.deadline_timer.flush_free_objects - 1140 total (1 active), CPU time: mean = 2.465 us, total = 2.810 ms
[state-dump] 	ClientConnection.async_read.ReadBufferAsync - 328 total (18 active), CPU time: mean = 77.030 us, total = 25.266 ms
[state-dump] 	NodeManager.deadline_timer.debug_state_dump - 114 total (1 active), CPU time: mean = 371.117 us, total = 42.307 ms
[state-dump] 	NodeManager.deadline_timer.record_metrics - 76 total (1 active), CPU time: mean = 197.863 us, total = 15.038 ms
[state-dump] 	NodeManager.deadline_timer.print_event_loop_stats - 19 total (1 active, 1 running), CPU time: mean = 529.953 us, total = 10.069 ms
[state-dump] 	ObjectManager.ObjectAdded - 19 total (0 active), CPU time: mean = 22.134 us, total = 420.540 us
[state-dump] 	ObjectManager.ObjectDeleted - 19 total (0 active), CPU time: mean = 11.208 us, total = 212.953 us
[state-dump] 	CoreWorkerService.grpc_client.LocalGC - 18 total (0 active), CPU time: mean = 10.679 us, total = 192.222 us
[state-dump] 	NodeManagerService.grpc_server.GetSystemConfig - 18 total (0 active), CPU time: mean = 34.279 us, total = 617.027 us
[state-dump] 	ClientConnection.async_write.DoAsyncWrites - 18 total (0 active), CPU time: mean = 435.056 ns, total = 7.831 us
[state-dump] 	NodeManagerService.grpc_server.RequestWorkerLease - 17 total (0 active), CPU time: mean = 1.227 ms, total = 20.867 ms
[state-dump] 	CoreWorkerService.grpc_client.DirectActorCallArgWaitComplete - 16 total (0 active), CPU time: mean = 8.380 us, total = 134.072 us
[state-dump] 	PeriodicalRunner.RunFnPeriodically - 8 total (0 active), CPU time: mean = 273.916 us, total = 2.191 ms
[state-dump] 	CoreWorkerService.grpc_client.PubsubCommandBatch - 8 total (0 active), CPU time: mean = 58.221 us, total = 465.766 us
[state-dump] 	CoreWorkerService.grpc_client.PubsubLongPolling - 7 total (0 active), CPU time: mean = 147.979 us, total = 1.036 ms
[state-dump] 	InternalPubSubGcsService.grpc_client.GcsSubscriberPoll - 3 total (1 active), CPU time: mean = 41.759 us, total = 125.278 us
[state-dump] 	InternalPubSubGcsService.grpc_client.GcsSubscriberCommandBatch - 2 total (0 active), CPU time: mean = 59.350 us, total = 118.700 us
[state-dump] 	Subscriber.HandlePublishedMessage_WORKER_OBJECT_LOCATIONS_CHANNEL - 2 total (0 active), CPU time: mean = 24.247 us, total = 48.493 us
[state-dump] 	CoreWorkerService.grpc_client.UpdateObjectLocationBatch - 2 total (0 active), CPU time: mean = 18.242 us, total = 36.484 us
[state-dump] 	NodeInfoGcsService.grpc_client.GetAllNodeInfo - 1 total (0 active), CPU time: mean = 28.066 us, total = 28.066 us
[state-dump] 	Subscriber.HandlePublishedMessage_GCS_JOB_CHANNEL - 1 total (0 active), CPU time: mean = 47.159 us, total = 47.159 us
[state-dump] 	NodeInfoGcsService.grpc_client.GetInternalConfig - 1 total (0 active), CPU time: mean = 33.796 ms, total = 33.796 ms
[state-dump] 	JobInfoGcsService.grpc_client.GetAllJobInfo - 1 total (0 active), CPU time: mean = 343.023 us, total = 343.023 us
[state-dump] 	NodeInfoGcsService.grpc_client.RegisterNode - 1 total (0 active), CPU time: mean = 203.359 us, total = 203.359 us
[state-dump] 	AgentManagerService.grpc_server.RegisterAgent - 1 total (0 active), CPU time: mean = 194.419 us, total = 194.419 us
[state-dump] 	Subscriber.HandlePublishedMessage_WORKER_OBJECT_EVICTION - 1 total (0 active), CPU time: mean = 66.553 us, total = 66.553 us
[state-dump] 	JobInfoGcsService.grpc_client.AddJob - 1 total (0 active), CPU time: mean = 23.962 us, total = 23.962 us
[state-dump] 	NodeManagerService.grpc_server.PinObjectIDs - 1 total (0 active), CPU time: mean = 169.418 us, total = 169.418 us
[state-dump] DebugString() time ms: 0
[state-dump] 
[state-dump] 
[2026-01-30 14:22:31,363 I 3413275 3413375] (raylet) store.cc:551: ========== Plasma store: =================
Current usage: 0 / 200 GB
- num bytes created total: 7953630
0 pending objects of total size 0MB
- objects spillable: 0
- bytes spillable: 0
- objects unsealed: 0
- bytes unsealed: 0
- objects in use: 0
- bytes in use: 0
- objects evictable: 0
- bytes evictable: 0

- objects created by worker: 0
- bytes created by worker: 0
- objects restored: 0
- bytes restored: 0
- objects received: 0
- bytes received: 0
- objects errored: 0
- bytes errored: 0

[2026-01-30 14:22:31,392 I 3413275 3413275] (raylet) node_manager.cc:540: [state-dump] Event stats:
[state-dump] 
[state-dump] 
[state-dump] Global stats: 78714 total (27 active)
[state-dump] Queueing time: mean = 9.322 ms, max = 41.724 s, min = -0.000 s, total = 733.734 s
[state-dump] Execution time:  mean = 19.220 us, total = 1.513 s
[state-dump] Event stats:
[state-dump] 	NodeManagerService.grpc_server.ReportWorkerBacklog - 20606 total (0 active), CPU time: mean = 24.800 us, total = 511.036 ms
[state-dump] 	UNKNOWN - 13201 total (3 active), CPU time: mean = 1.850 us, total = 24.426 ms
[state-dump] 	ObjectManager.UpdateAvailableMemory - 11998 total (0 active), CPU time: mean = 486.521 ns, total = 5.837 ms
[state-dump] 	NodeManagerService.grpc_server.RequestResourceReport - 11897 total (0 active), CPU time: mean = 32.344 us, total = 384.793 ms
[state-dump] 	NodeManagerService.grpc_server.UpdateResourceUsage - 11897 total (0 active), CPU time: mean = 30.494 us, total = 362.787 ms
[state-dump] 	RayletWorkerPool.deadline_timer.kill_idle_workers - 6000 total (1 active), CPU time: mean = 4.621 us, total = 27.724 ms
[state-dump] 	NodeManagerService.grpc_server.GetResourceLoad - 1200 total (0 active), CPU time: mean = 29.783 us, total = 35.740 ms
[state-dump] 	NodeManager.deadline_timer.flush_free_objects - 1200 total (1 active), CPU time: mean = 2.482 us, total = 2.979 ms
[state-dump] 	ClientConnection.async_read.ReadBufferAsync - 328 total (18 active), CPU time: mean = 77.030 us, total = 25.266 ms
[state-dump] 	NodeManager.deadline_timer.debug_state_dump - 120 total (1 active), CPU time: mean = 370.753 us, total = 44.490 ms
[state-dump] 	NodeManager.deadline_timer.record_metrics - 80 total (1 active), CPU time: mean = 197.796 us, total = 15.824 ms
[state-dump] 	NodeManager.deadline_timer.print_event_loop_stats - 20 total (1 active, 1 running), CPU time: mean = 529.700 us, total = 10.594 ms
[state-dump] 	ObjectManager.ObjectDeleted - 19 total (0 active), CPU time: mean = 11.208 us, total = 212.953 us
[state-dump] 	ObjectManager.ObjectAdded - 19 total (0 active), CPU time: mean = 22.134 us, total = 420.540 us
[state-dump] 	CoreWorkerService.grpc_client.LocalGC - 18 total (0 active), CPU time: mean = 10.679 us, total = 192.222 us
[state-dump] 	NodeManagerService.grpc_server.GetSystemConfig - 18 total (0 active), CPU time: mean = 34.279 us, total = 617.027 us
[state-dump] 	ClientConnection.async_write.DoAsyncWrites - 18 total (0 active), CPU time: mean = 435.056 ns, total = 7.831 us
[state-dump] 	NodeManagerService.grpc_server.RequestWorkerLease - 17 total (0 active), CPU time: mean = 1.227 ms, total = 20.867 ms
[state-dump] 	CoreWorkerService.grpc_client.DirectActorCallArgWaitComplete - 16 total (0 active), CPU time: mean = 8.380 us, total = 134.072 us
[state-dump] 	PeriodicalRunner.RunFnPeriodically - 8 total (0 active), CPU time: mean = 273.916 us, total = 2.191 ms
[state-dump] 	CoreWorkerService.grpc_client.PubsubCommandBatch - 8 total (0 active), CPU time: mean = 58.221 us, total = 465.766 us
[state-dump] 	CoreWorkerService.grpc_client.PubsubLongPolling - 7 total (0 active), CPU time: mean = 147.979 us, total = 1.036 ms
[state-dump] 	InternalPubSubGcsService.grpc_client.GcsSubscriberPoll - 4 total (1 active), CPU time: mean = 49.181 us, total = 196.722 us
[state-dump] 	InternalPubSubGcsService.grpc_client.GcsSubscriberCommandBatch - 2 total (0 active), CPU time: mean = 59.350 us, total = 118.700 us
[state-dump] 	Subscriber.HandlePublishedMessage_WORKER_OBJECT_LOCATIONS_CHANNEL - 2 total (0 active), CPU time: mean = 24.247 us, total = 48.493 us
[state-dump] 	CoreWorkerService.grpc_client.UpdateObjectLocationBatch - 2 total (0 active), CPU time: mean = 18.242 us, total = 36.484 us
[state-dump] 	NodeInfoGcsService.grpc_client.GetAllNodeInfo - 1 total (0 active), CPU time: mean = 28.066 us, total = 28.066 us
[state-dump] 	Subscriber.HandlePublishedMessage_GCS_JOB_CHANNEL - 1 total (0 active), CPU time: mean = 47.159 us, total = 47.159 us
[state-dump] 	NodeInfoGcsService.grpc_client.GetInternalConfig - 1 total (0 active), CPU time: mean = 33.796 ms, total = 33.796 ms
[state-dump] 	JobInfoGcsService.grpc_client.GetAllJobInfo - 1 total (0 active), CPU time: mean = 343.023 us, total = 343.023 us
[state-dump] 	NodeInfoGcsService.grpc_client.RegisterNode - 1 total (0 active), CPU time: mean = 203.359 us, total = 203.359 us
[state-dump] 	AgentManagerService.grpc_server.RegisterAgent - 1 total (0 active), CPU time: mean = 194.419 us, total = 194.419 us
[state-dump] 	Subscriber.HandlePublishedMessage_WORKER_OBJECT_EVICTION - 1 total (0 active), CPU time: mean = 66.553 us, total = 66.553 us
[state-dump] 	JobInfoGcsService.grpc_client.AddJob - 1 total (0 active), CPU time: mean = 23.962 us, total = 23.962 us
[state-dump] 	NodeManagerService.grpc_server.PinObjectIDs - 1 total (0 active), CPU time: mean = 169.418 us, total = 169.418 us
[state-dump] 
[state-dump] NodeManager:
[state-dump] Node ID: 435ff685d8e66afce15860cd5b4687480235848d386ffa5d5547bd3d
[state-dump] Node name: 10.137.21.59
[state-dump] InitialConfigResources: {memory: 8135216732160000, GPU: 20000, node:10.137.21.59: 10000, CPU: 170000, object_store_memory: 2000000000000000, accelerator_type:H100: 10000}
[state-dump] ClusterTaskManager:
[state-dump] ========== Node: 435ff685d8e66afce15860cd5b4687480235848d386ffa5d5547bd3d =================
[state-dump] Infeasible queue length: 1
[state-dump] Schedule queue length: 0
[state-dump] Dispatch queue length: 0
[state-dump] num_waiting_for_resource: 0
[state-dump] num_waiting_for_plasma_memory: 0
[state-dump] num_waiting_for_remote_node_resources: 0
[state-dump] num_worker_not_started_by_job_config_not_exist: 0
[state-dump] num_worker_not_started_by_registration_timeout: 0
[state-dump] num_tasks_waiting_for_workers: 0
[state-dump] num_cancelled_tasks: 0
[state-dump] cluster_resource_scheduler state: 
[state-dump] Local id: -8058881002343059789 Local resources: {node:10.137.21.59: [10000]/[10000], CPU: [10000]/[170000], object_store_memory: [2000000000000000]/[2000000000000000], memory: [8135216732160000]/[8135216732160000], GPU: [10000, 10000]/[10000, 10000], accelerator_type:H100: [10000]/[10000]}node id: -8058881002343059789{node:10.137.21.59: 10000/10000, CPU: 10000/170000, object_store_memory: 2000000000000000/2000000000000000, memory: 8135216732160000/8135216732160000, GPU: 20000/20000, accelerator_type:H100: 10000/10000}{ "placment group locations": [], "node to bundles": []}
[state-dump] Waiting tasks size: 0
[state-dump] Number of executing tasks: 0
[state-dump] Number of pinned task arguments: 0
[state-dump] Number of total spilled tasks: 0
[state-dump] Number of spilled waiting tasks: 0
[state-dump] Number of spilled unschedulable tasks: 0
[state-dump] Resource usage {
[state-dump]     - (language=PYTHON actor_or_task=RolloutWorker.__init__ pid=3414093): {CPU: 1.000000}
[state-dump]     - (language=PYTHON actor_or_task=RolloutWorker.__init__ pid=3414092): {CPU: 1.000000}
[state-dump]     - (language=PYTHON actor_or_task=RolloutWorker.__init__ pid=3414084): {CPU: 1.000000}
[state-dump]     - (language=PYTHON actor_or_task=RolloutWorker.__init__ pid=3414091): {CPU: 1.000000}
[state-dump]     - (language=PYTHON actor_or_task=RolloutWorker.__init__ pid=3414089): {CPU: 1.000000}
[state-dump]     - (language=PYTHON actor_or_task=RolloutWorker.__init__ pid=3414085): {CPU: 1.000000}
[state-dump]     - (language=PYTHON actor_or_task=RolloutWorker.__init__ pid=3414094): {CPU: 1.000000}
[state-dump]     - (language=PYTHON actor_or_task=RolloutWorker.__init__ pid=3414083): {CPU: 1.000000}
[state-dump]     - (language=PYTHON actor_or_task=RolloutWorker.__init__ pid=3414088): {CPU: 1.000000}
[state-dump]     - (language=PYTHON actor_or_task=RolloutWorker.__init__ pid=3414080): {CPU: 1.000000}
[state-dump]     - (language=PYTHON actor_or_task=RolloutWorker.__init__ pid=3414095): {CPU: 1.000000}
[state-dump]     - (language=PYTHON actor_or_task=RolloutWorker.__init__ pid=3414081): {CPU: 1.000000}
[state-dump]     - (language=PYTHON actor_or_task=RolloutWorker.__init__ pid=3414082): {CPU: 1.000000}
[state-dump]     - (language=PYTHON actor_or_task=RolloutWorker.__init__ pid=3414087): {CPU: 1.000000}
[state-dump]     - (language=PYTHON actor_or_task=RolloutWorker.__init__ pid=3414086): {CPU: 1.000000}
[state-dump]     - (language=PYTHON actor_or_task=RolloutWorker.__init__ pid=3414090): {CPU: 1.000000}
[state-dump] }
[state-dump] Running tasks by scheduling class:
[state-dump] ==================================================
[state-dump] 
[state-dump] ClusterResources:
[state-dump] LocalObjectManager:
[state-dump] - num pinned objects: 0
[state-dump] - pinned objects size: 0
[state-dump] - num objects pending restore: 0
[state-dump] - num objects pending spill: 0
[state-dump] - num bytes pending spill: 0
[state-dump] - num bytes currently spilled: 0
[state-dump] - cumulative spill requests: 0
[state-dump] - cumulative restore requests: 0
[state-dump] - spilled objects pending delete: 0
[state-dump] 
[state-dump] ObjectManager:
[state-dump] - num local objects: 0
[state-dump] - num unfulfilled push requests: 0
[state-dump] - num object pull requests: 0
[state-dump] - num chunks received total: 0
[state-dump] - num chunks received failed (all): 0
[state-dump] - num chunks received failed / cancelled: 0
[state-dump] - num chunks received failed / plasma error: 0
[state-dump] Event stats:
[state-dump] Global stats: 1 total (0 active)
[state-dump] Queueing time: mean = 25.771 us, max = 25.771 us, min = 25.771 us, total = 25.771 us
[state-dump] Execution time:  mean = 5.425 us, total = 5.425 us
[state-dump] Event stats:
[state-dump] 	ObjectManager.FreeObjects - 1 total (0 active), CPU time: mean = 5.425 us, total = 5.425 us
[state-dump] PushManager:
[state-dump] - num pushes in flight: 0
[state-dump] - num chunks in flight: 0
[state-dump] - num chunks remaining: 0
[state-dump] - max chunks allowed: 409
[state-dump] OwnershipBasedObjectDirectory:
[state-dump] - num listeners: 0
[state-dump] - cumulative location updates: 2
[state-dump] - num location updates per second: 0.000
[state-dump] - num location lookups per second: 0.000
[state-dump] - num locations added per second: 0.000
[state-dump] - num locations removed per second: 0.000
[state-dump] BufferPool:
[state-dump] - create buffer state map size: 0
[state-dump] PullManager:
[state-dump] - num bytes available for pulled objects: 200000000000
[state-dump] - num bytes being pulled (all): 0
[state-dump] - num bytes being pulled / pinned: 0
[state-dump] - get request bundles: BundlePullRequestQueue{0 total, 0 active, 0 inactive, 0 unpullable}
[state-dump] - wait request bundles: BundlePullRequestQueue{0 total, 0 active, 0 inactive, 0 unpullable}
[state-dump] - task request bundles: BundlePullRequestQueue{0 total, 0 active, 0 inactive, 0 unpullable}
[state-dump] - first get request bundle: N/A
[state-dump] - first wait request bundle: N/A
[state-dump] - first task request bundle: N/A
[state-dump] - num objects queued: 0
[state-dump] - num objects actively pulled (all): 0
[state-dump] - num objects actively pulled / pinned: 0
[state-dump] - num bundles being pulled: 0
[state-dump] - num pull retries: 0
[state-dump] - max timeout seconds: 0
[state-dump] - max timeout request is already processed. No entry.
[state-dump] 
[state-dump] WorkerPool:
[state-dump] - registered jobs: 1
[state-dump] - process_failed_job_config_missing: 0
[state-dump] - process_failed_rate_limited: 0
[state-dump] - process_failed_pending_registration: 0
[state-dump] - process_failed_runtime_env_setup_failed: 0
[state-dump] - num JAVA workers: 0
[state-dump] - num JAVA drivers: 0
[state-dump] - num object spill callbacks queued: 0
[state-dump] - num object restore queued: 0
[state-dump] - num util functions queued: 0
[state-dump] - num PYTHON workers: 17
[state-dump] - num PYTHON drivers: 1
[state-dump] - num object spill callbacks queued: 0
[state-dump] - num object restore queued: 0
[state-dump] - num util functions queued: 0
[state-dump] - num idle workers: 1
[state-dump] TaskDependencyManager:
[state-dump] - task deps map size: 0
[state-dump] - get req map size: 0
[state-dump] - wait req map size: 0
[state-dump] - local objects map size: 0
[state-dump] WaitManager:
[state-dump] - num active wait requests: 0
[state-dump] Subscriber:
[state-dump] Channel WORKER_REF_REMOVED_CHANNEL
[state-dump] - cumulative subscribe requests: 0
[state-dump] - cumulative unsubscribe requests: 0
[state-dump] - active subscribed publishers: 0
[state-dump] - cumulative published messages: 0
[state-dump] - cumulative processed messages: 0
[state-dump] Channel WORKER_OBJECT_EVICTION
[state-dump] - cumulative subscribe requests: 1
[state-dump] - cumulative unsubscribe requests: 1
[state-dump] - active subscribed publishers: 0
[state-dump] - cumulative published messages: 1
[state-dump] - cumulative processed messages: 1
[state-dump] Channel WORKER_OBJECT_LOCATIONS_CHANNEL
[state-dump] - cumulative subscribe requests: 5
[state-dump] - cumulative unsubscribe requests: 5
[state-dump] - active subscribed publishers: 0
[state-dump] - cumulative published messages: 2
[state-dump] - cumulative processed messages: 2
[state-dump] num async plasma notifications: 0
[state-dump] Remote node managers: 
[state-dump] Event stats:
[state-dump] Global stats: 78714 total (27 active)
[state-dump] Queueing time: mean = 9.322 ms, max = 41.724 s, min = -0.000 s, total = 733.734 s
[state-dump] Execution time:  mean = 19.220 us, total = 1.513 s
[state-dump] Event stats:
[state-dump] 	NodeManagerService.grpc_server.ReportWorkerBacklog - 20606 total (0 active), CPU time: mean = 24.800 us, total = 511.036 ms
[state-dump] 	UNKNOWN - 13201 total (3 active), CPU time: mean = 1.850 us, total = 24.426 ms
[state-dump] 	ObjectManager.UpdateAvailableMemory - 11998 total (0 active), CPU time: mean = 486.521 ns, total = 5.837 ms
[state-dump] 	NodeManagerService.grpc_server.RequestResourceReport - 11897 total (0 active), CPU time: mean = 32.344 us, total = 384.793 ms
[state-dump] 	NodeManagerService.grpc_server.UpdateResourceUsage - 11897 total (0 active), CPU time: mean = 30.494 us, total = 362.787 ms
[state-dump] 	RayletWorkerPool.deadline_timer.kill_idle_workers - 6000 total (1 active), CPU time: mean = 4.621 us, total = 27.724 ms
[state-dump] 	NodeManagerService.grpc_server.GetResourceLoad - 1200 total (0 active), CPU time: mean = 29.783 us, total = 35.740 ms
[state-dump] 	NodeManager.deadline_timer.flush_free_objects - 1200 total (1 active), CPU time: mean = 2.482 us, total = 2.979 ms
[state-dump] 	ClientConnection.async_read.ReadBufferAsync - 328 total (18 active), CPU time: mean = 77.030 us, total = 25.266 ms
[state-dump] 	NodeManager.deadline_timer.debug_state_dump - 120 total (1 active), CPU time: mean = 370.753 us, total = 44.490 ms
[state-dump] 	NodeManager.deadline_timer.record_metrics - 80 total (1 active), CPU time: mean = 197.796 us, total = 15.824 ms
[state-dump] 	NodeManager.deadline_timer.print_event_loop_stats - 20 total (1 active, 1 running), CPU time: mean = 529.700 us, total = 10.594 ms
[state-dump] 	ObjectManager.ObjectDeleted - 19 total (0 active), CPU time: mean = 11.208 us, total = 212.953 us
[state-dump] 	ObjectManager.ObjectAdded - 19 total (0 active), CPU time: mean = 22.134 us, total = 420.540 us
[state-dump] 	CoreWorkerService.grpc_client.LocalGC - 18 total (0 active), CPU time: mean = 10.679 us, total = 192.222 us
[state-dump] 	NodeManagerService.grpc_server.GetSystemConfig - 18 total (0 active), CPU time: mean = 34.279 us, total = 617.027 us
[state-dump] 	ClientConnection.async_write.DoAsyncWrites - 18 total (0 active), CPU time: mean = 435.056 ns, total = 7.831 us
[state-dump] 	NodeManagerService.grpc_server.RequestWorkerLease - 17 total (0 active), CPU time: mean = 1.227 ms, total = 20.867 ms
[state-dump] 	CoreWorkerService.grpc_client.DirectActorCallArgWaitComplete - 16 total (0 active), CPU time: mean = 8.380 us, total = 134.072 us
[state-dump] 	PeriodicalRunner.RunFnPeriodically - 8 total (0 active), CPU time: mean = 273.916 us, total = 2.191 ms
[state-dump] 	CoreWorkerService.grpc_client.PubsubCommandBatch - 8 total (0 active), CPU time: mean = 58.221 us, total = 465.766 us
[state-dump] 	CoreWorkerService.grpc_client.PubsubLongPolling - 7 total (0 active), CPU time: mean = 147.979 us, total = 1.036 ms
[state-dump] 	InternalPubSubGcsService.grpc_client.GcsSubscriberPoll - 4 total (1 active), CPU time: mean = 49.181 us, total = 196.722 us
[state-dump] 	InternalPubSubGcsService.grpc_client.GcsSubscriberCommandBatch - 2 total (0 active), CPU time: mean = 59.350 us, total = 118.700 us
[state-dump] 	Subscriber.HandlePublishedMessage_WORKER_OBJECT_LOCATIONS_CHANNEL - 2 total (0 active), CPU time: mean = 24.247 us, total = 48.493 us
[state-dump] 	CoreWorkerService.grpc_client.UpdateObjectLocationBatch - 2 total (0 active), CPU time: mean = 18.242 us, total = 36.484 us
[state-dump] 	NodeInfoGcsService.grpc_client.GetAllNodeInfo - 1 total (0 active), CPU time: mean = 28.066 us, total = 28.066 us
[state-dump] 	Subscriber.HandlePublishedMessage_GCS_JOB_CHANNEL - 1 total (0 active), CPU time: mean = 47.159 us, total = 47.159 us
[state-dump] 	NodeInfoGcsService.grpc_client.GetInternalConfig - 1 total (0 active), CPU time: mean = 33.796 ms, total = 33.796 ms
[state-dump] 	JobInfoGcsService.grpc_client.GetAllJobInfo - 1 total (0 active), CPU time: mean = 343.023 us, total = 343.023 us
[state-dump] 	NodeInfoGcsService.grpc_client.RegisterNode - 1 total (0 active), CPU time: mean = 203.359 us, total = 203.359 us
[state-dump] 	AgentManagerService.grpc_server.RegisterAgent - 1 total (0 active), CPU time: mean = 194.419 us, total = 194.419 us
[state-dump] 	Subscriber.HandlePublishedMessage_WORKER_OBJECT_EVICTION - 1 total (0 active), CPU time: mean = 66.553 us, total = 66.553 us
[state-dump] 	JobInfoGcsService.grpc_client.AddJob - 1 total (0 active), CPU time: mean = 23.962 us, total = 23.962 us
[state-dump] 	NodeManagerService.grpc_server.PinObjectIDs - 1 total (0 active), CPU time: mean = 169.418 us, total = 169.418 us
[state-dump] DebugString() time ms: 0
[state-dump] 
[state-dump] 
[2026-01-30 14:22:31,493 I 3413275 3413275] (raylet) node_manager.cc:667: Sending Python GC request to 18 local workers to clean up Python cyclic references.
[2026-01-30 14:23:31,363 I 3413275 3413375] (raylet) store.cc:551: ========== Plasma store: =================
Current usage: 0 / 200 GB
- num bytes created total: 7953630
0 pending objects of total size 0MB
- objects spillable: 0
- bytes spillable: 0
- objects unsealed: 0
- bytes unsealed: 0
- objects in use: 0
- bytes in use: 0
- objects evictable: 0
- bytes evictable: 0

- objects created by worker: 0
- bytes created by worker: 0
- objects restored: 0
- bytes restored: 0
- objects received: 0
- bytes received: 0
- objects errored: 0
- bytes errored: 0

[2026-01-30 14:23:31,393 I 3413275 3413275] (raylet) node_manager.cc:540: [state-dump] Event stats:
[state-dump] 
[state-dump] 
[state-dump] Global stats: 82693 total (27 active)
[state-dump] Queueing time: mean = 8.873 ms, max = 41.724 s, min = -0.000 s, total = 733.776 s
[state-dump] Execution time:  mean = 19.127 us, total = 1.582 s
[state-dump] Event stats:
[state-dump] 	NodeManagerService.grpc_server.ReportWorkerBacklog - 21686 total (0 active), CPU time: mean = 24.741 us, total = 536.538 ms
[state-dump] 	UNKNOWN - 13861 total (3 active), CPU time: mean = 1.860 us, total = 25.781 ms
[state-dump] 	ObjectManager.UpdateAvailableMemory - 12598 total (0 active), CPU time: mean = 484.734 ns, total = 6.107 ms
[state-dump] 	NodeManagerService.grpc_server.RequestResourceReport - 12492 total (0 active), CPU time: mean = 32.253 us, total = 402.903 ms
[state-dump] 	NodeManagerService.grpc_server.UpdateResourceUsage - 12492 total (0 active), CPU time: mean = 30.378 us, total = 379.479 ms
[state-dump] 	RayletWorkerPool.deadline_timer.kill_idle_workers - 6300 total (1 active), CPU time: mean = 4.593 us, total = 28.934 ms
[state-dump] 	NodeManagerService.grpc_server.GetResourceLoad - 1260 total (0 active), CPU time: mean = 29.728 us, total = 37.457 ms
[state-dump] 	NodeManager.deadline_timer.flush_free_objects - 1260 total (1 active), CPU time: mean = 2.495 us, total = 3.143 ms
[state-dump] 	ClientConnection.async_read.ReadBufferAsync - 328 total (18 active), CPU time: mean = 77.030 us, total = 25.266 ms
[state-dump] 	NodeManager.deadline_timer.debug_state_dump - 126 total (1 active), CPU time: mean = 370.119 us, total = 46.635 ms
[state-dump] 	NodeManager.deadline_timer.record_metrics - 84 total (1 active), CPU time: mean = 197.923 us, total = 16.626 ms
[state-dump] 	CoreWorkerService.grpc_client.LocalGC - 36 total (0 active), CPU time: mean = 8.771 us, total = 315.752 us
[state-dump] 	NodeManager.deadline_timer.print_event_loop_stats - 21 total (1 active, 1 running), CPU time: mean = 534.652 us, total = 11.228 ms
[state-dump] 	ObjectManager.ObjectAdded - 19 total (0 active), CPU time: mean = 22.134 us, total = 420.540 us
[state-dump] 	ObjectManager.ObjectDeleted - 19 total (0 active), CPU time: mean = 11.208 us, total = 212.953 us
[state-dump] 	NodeManagerService.grpc_server.GetSystemConfig - 18 total (0 active), CPU time: mean = 34.279 us, total = 617.027 us
[state-dump] 	ClientConnection.async_write.DoAsyncWrites - 18 total (0 active), CPU time: mean = 435.056 ns, total = 7.831 us
[state-dump] 	NodeManagerService.grpc_server.RequestWorkerLease - 17 total (0 active), CPU time: mean = 1.227 ms, total = 20.867 ms
[state-dump] 	CoreWorkerService.grpc_client.DirectActorCallArgWaitComplete - 16 total (0 active), CPU time: mean = 8.380 us, total = 134.072 us
[state-dump] 	PeriodicalRunner.RunFnPeriodically - 8 total (0 active), CPU time: mean = 273.916 us, total = 2.191 ms
[state-dump] 	CoreWorkerService.grpc_client.PubsubCommandBatch - 8 total (0 active), CPU time: mean = 58.221 us, total = 465.766 us
[state-dump] 	CoreWorkerService.grpc_client.PubsubLongPolling - 7 total (0 active), CPU time: mean = 147.979 us, total = 1.036 ms
[state-dump] 	InternalPubSubGcsService.grpc_client.GcsSubscriberPoll - 4 total (1 active), CPU time: mean = 49.181 us, total = 196.722 us
[state-dump] 	InternalPubSubGcsService.grpc_client.GcsSubscriberCommandBatch - 2 total (0 active), CPU time: mean = 59.350 us, total = 118.700 us
[state-dump] 	Subscriber.HandlePublishedMessage_WORKER_OBJECT_LOCATIONS_CHANNEL - 2 total (0 active), CPU time: mean = 24.247 us, total = 48.493 us
[state-dump] 	CoreWorkerService.grpc_client.UpdateObjectLocationBatch - 2 total (0 active), CPU time: mean = 18.242 us, total = 36.484 us
[state-dump] 	NodeInfoGcsService.grpc_client.GetAllNodeInfo - 1 total (0 active), CPU time: mean = 28.066 us, total = 28.066 us
[state-dump] 	Subscriber.HandlePublishedMessage_GCS_JOB_CHANNEL - 1 total (0 active), CPU time: mean = 47.159 us, total = 47.159 us
[state-dump] 	NodeInfoGcsService.grpc_client.GetInternalConfig - 1 total (0 active), CPU time: mean = 33.796 ms, total = 33.796 ms
[state-dump] 	JobInfoGcsService.grpc_client.GetAllJobInfo - 1 total (0 active), CPU time: mean = 343.023 us, total = 343.023 us
[state-dump] 	NodeInfoGcsService.grpc_client.RegisterNode - 1 total (0 active), CPU time: mean = 203.359 us, total = 203.359 us
[state-dump] 	AgentManagerService.grpc_server.RegisterAgent - 1 total (0 active), CPU time: mean = 194.419 us, total = 194.419 us
[state-dump] 	Subscriber.HandlePublishedMessage_WORKER_OBJECT_EVICTION - 1 total (0 active), CPU time: mean = 66.553 us, total = 66.553 us
[state-dump] 	JobInfoGcsService.grpc_client.AddJob - 1 total (0 active), CPU time: mean = 23.962 us, total = 23.962 us
[state-dump] 	NodeManagerService.grpc_server.PinObjectIDs - 1 total (0 active), CPU time: mean = 169.418 us, total = 169.418 us
[state-dump] 
[state-dump] NodeManager:
[state-dump] Node ID: 435ff685d8e66afce15860cd5b4687480235848d386ffa5d5547bd3d
[state-dump] Node name: 10.137.21.59
[state-dump] InitialConfigResources: {memory: 8135216732160000, GPU: 20000, node:10.137.21.59: 10000, CPU: 170000, object_store_memory: 2000000000000000, accelerator_type:H100: 10000}
[state-dump] ClusterTaskManager:
[state-dump] ========== Node: 435ff685d8e66afce15860cd5b4687480235848d386ffa5d5547bd3d =================
[state-dump] Infeasible queue length: 1
[state-dump] Schedule queue length: 0
[state-dump] Dispatch queue length: 0
[state-dump] num_waiting_for_resource: 0
[state-dump] num_waiting_for_plasma_memory: 0
[state-dump] num_waiting_for_remote_node_resources: 0
[state-dump] num_worker_not_started_by_job_config_not_exist: 0
[state-dump] num_worker_not_started_by_registration_timeout: 0
[state-dump] num_tasks_waiting_for_workers: 0
[state-dump] num_cancelled_tasks: 0
[state-dump] cluster_resource_scheduler state: 
[state-dump] Local id: -8058881002343059789 Local resources: {node:10.137.21.59: [10000]/[10000], CPU: [10000]/[170000], object_store_memory: [2000000000000000]/[2000000000000000], memory: [8135216732160000]/[8135216732160000], GPU: [10000, 10000]/[10000, 10000], accelerator_type:H100: [10000]/[10000]}node id: -8058881002343059789{node:10.137.21.59: 10000/10000, CPU: 10000/170000, object_store_memory: 2000000000000000/2000000000000000, memory: 8135216732160000/8135216732160000, GPU: 20000/20000, accelerator_type:H100: 10000/10000}{ "placment group locations": [], "node to bundles": []}
[state-dump] Waiting tasks size: 0
[state-dump] Number of executing tasks: 0
[state-dump] Number of pinned task arguments: 0
[state-dump] Number of total spilled tasks: 0
[state-dump] Number of spilled waiting tasks: 0
[state-dump] Number of spilled unschedulable tasks: 0
[state-dump] Resource usage {
[state-dump]     - (language=PYTHON actor_or_task=RolloutWorker.__init__ pid=3414093): {CPU: 1.000000}
[state-dump]     - (language=PYTHON actor_or_task=RolloutWorker.__init__ pid=3414092): {CPU: 1.000000}
[state-dump]     - (language=PYTHON actor_or_task=RolloutWorker.__init__ pid=3414084): {CPU: 1.000000}
[state-dump]     - (language=PYTHON actor_or_task=RolloutWorker.__init__ pid=3414091): {CPU: 1.000000}
[state-dump]     - (language=PYTHON actor_or_task=RolloutWorker.__init__ pid=3414089): {CPU: 1.000000}
[state-dump]     - (language=PYTHON actor_or_task=RolloutWorker.__init__ pid=3414085): {CPU: 1.000000}
[state-dump]     - (language=PYTHON actor_or_task=RolloutWorker.__init__ pid=3414094): {CPU: 1.000000}
[state-dump]     - (language=PYTHON actor_or_task=RolloutWorker.__init__ pid=3414083): {CPU: 1.000000}
[state-dump]     - (language=PYTHON actor_or_task=RolloutWorker.__init__ pid=3414088): {CPU: 1.000000}
[state-dump]     - (language=PYTHON actor_or_task=RolloutWorker.__init__ pid=3414080): {CPU: 1.000000}
[state-dump]     - (language=PYTHON actor_or_task=RolloutWorker.__init__ pid=3414095): {CPU: 1.000000}
[state-dump]     - (language=PYTHON actor_or_task=RolloutWorker.__init__ pid=3414081): {CPU: 1.000000}
[state-dump]     - (language=PYTHON actor_or_task=RolloutWorker.__init__ pid=3414082): {CPU: 1.000000}
[state-dump]     - (language=PYTHON actor_or_task=RolloutWorker.__init__ pid=3414087): {CPU: 1.000000}
[state-dump]     - (language=PYTHON actor_or_task=RolloutWorker.__init__ pid=3414086): {CPU: 1.000000}
[state-dump]     - (language=PYTHON actor_or_task=RolloutWorker.__init__ pid=3414090): {CPU: 1.000000}
[state-dump] }
[state-dump] Running tasks by scheduling class:
[state-dump] ==================================================
[state-dump] 
[state-dump] ClusterResources:
[state-dump] LocalObjectManager:
[state-dump] - num pinned objects: 0
[state-dump] - pinned objects size: 0
[state-dump] - num objects pending restore: 0
[state-dump] - num objects pending spill: 0
[state-dump] - num bytes pending spill: 0
[state-dump] - num bytes currently spilled: 0
[state-dump] - cumulative spill requests: 0
[state-dump] - cumulative restore requests: 0
[state-dump] - spilled objects pending delete: 0
[state-dump] 
[state-dump] ObjectManager:
[state-dump] - num local objects: 0
[state-dump] - num unfulfilled push requests: 0
[state-dump] - num object pull requests: 0
[state-dump] - num chunks received total: 0
[state-dump] - num chunks received failed (all): 0
[state-dump] - num chunks received failed / cancelled: 0
[state-dump] - num chunks received failed / plasma error: 0
[state-dump] Event stats:
[state-dump] Global stats: 1 total (0 active)
[state-dump] Queueing time: mean = 25.771 us, max = 25.771 us, min = 25.771 us, total = 25.771 us
[state-dump] Execution time:  mean = 5.425 us, total = 5.425 us
[state-dump] Event stats:
[state-dump] 	ObjectManager.FreeObjects - 1 total (0 active), CPU time: mean = 5.425 us, total = 5.425 us
[state-dump] PushManager:
[state-dump] - num pushes in flight: 0
[state-dump] - num chunks in flight: 0
[state-dump] - num chunks remaining: 0
[state-dump] - max chunks allowed: 409
[state-dump] OwnershipBasedObjectDirectory:
[state-dump] - num listeners: 0
[state-dump] - cumulative location updates: 2
[state-dump] - num location updates per second: 0.000
[state-dump] - num location lookups per second: 0.000
[state-dump] - num locations added per second: 0.000
[state-dump] - num locations removed per second: 0.000
[state-dump] BufferPool:
[state-dump] - create buffer state map size: 0
[state-dump] PullManager:
[state-dump] - num bytes available for pulled objects: 200000000000
[state-dump] - num bytes being pulled (all): 0
[state-dump] - num bytes being pulled / pinned: 0
[state-dump] - get request bundles: BundlePullRequestQueue{0 total, 0 active, 0 inactive, 0 unpullable}
[state-dump] - wait request bundles: BundlePullRequestQueue{0 total, 0 active, 0 inactive, 0 unpullable}
[state-dump] - task request bundles: BundlePullRequestQueue{0 total, 0 active, 0 inactive, 0 unpullable}
[state-dump] - first get request bundle: N/A
[state-dump] - first wait request bundle: N/A
[state-dump] - first task request bundle: N/A
[state-dump] - num objects queued: 0
[state-dump] - num objects actively pulled (all): 0
[state-dump] - num objects actively pulled / pinned: 0
[state-dump] - num bundles being pulled: 0
[state-dump] - num pull retries: 0
[state-dump] - max timeout seconds: 0
[state-dump] - max timeout request is already processed. No entry.
[state-dump] 
[state-dump] WorkerPool:
[state-dump] - registered jobs: 1
[state-dump] - process_failed_job_config_missing: 0
[state-dump] - process_failed_rate_limited: 0
[state-dump] - process_failed_pending_registration: 0
[state-dump] - process_failed_runtime_env_setup_failed: 0
[state-dump] - num JAVA workers: 0
[state-dump] - num JAVA drivers: 0
[state-dump] - num object spill callbacks queued: 0
[state-dump] - num object restore queued: 0
[state-dump] - num util functions queued: 0
[state-dump] - num PYTHON workers: 17
[state-dump] - num PYTHON drivers: 1
[state-dump] - num object spill callbacks queued: 0
[state-dump] - num object restore queued: 0
[state-dump] - num util functions queued: 0
[state-dump] - num idle workers: 1
[state-dump] TaskDependencyManager:
[state-dump] - task deps map size: 0
[state-dump] - get req map size: 0
[state-dump] - wait req map size: 0
[state-dump] - local objects map size: 0
[state-dump] WaitManager:
[state-dump] - num active wait requests: 0
[state-dump] Subscriber:
[state-dump] Channel WORKER_REF_REMOVED_CHANNEL
[state-dump] - cumulative subscribe requests: 0
[state-dump] - cumulative unsubscribe requests: 0
[state-dump] - active subscribed publishers: 0
[state-dump] - cumulative published messages: 0
[state-dump] - cumulative processed messages: 0
[state-dump] Channel WORKER_OBJECT_EVICTION
[state-dump] - cumulative subscribe requests: 1
[state-dump] - cumulative unsubscribe requests: 1
[state-dump] - active subscribed publishers: 0
[state-dump] - cumulative published messages: 1
[state-dump] - cumulative processed messages: 1
[state-dump] Channel WORKER_OBJECT_LOCATIONS_CHANNEL
[state-dump] - cumulative subscribe requests: 5
[state-dump] - cumulative unsubscribe requests: 5
[state-dump] - active subscribed publishers: 0
[state-dump] - cumulative published messages: 2
[state-dump] - cumulative processed messages: 2
[state-dump] num async plasma notifications: 0
[state-dump] Remote node managers: 
[state-dump] Event stats:
[state-dump] Global stats: 82693 total (27 active)
[state-dump] Queueing time: mean = 8.873 ms, max = 41.724 s, min = -0.000 s, total = 733.776 s
[state-dump] Execution time:  mean = 19.127 us, total = 1.582 s
[state-dump] Event stats:
[state-dump] 	NodeManagerService.grpc_server.ReportWorkerBacklog - 21686 total (0 active), CPU time: mean = 24.741 us, total = 536.538 ms
[state-dump] 	UNKNOWN - 13861 total (3 active), CPU time: mean = 1.860 us, total = 25.781 ms
[state-dump] 	ObjectManager.UpdateAvailableMemory - 12598 total (0 active), CPU time: mean = 484.734 ns, total = 6.107 ms
[state-dump] 	NodeManagerService.grpc_server.RequestResourceReport - 12492 total (0 active), CPU time: mean = 32.253 us, total = 402.903 ms
[state-dump] 	NodeManagerService.grpc_server.UpdateResourceUsage - 12492 total (0 active), CPU time: mean = 30.378 us, total = 379.479 ms
[state-dump] 	RayletWorkerPool.deadline_timer.kill_idle_workers - 6300 total (1 active), CPU time: mean = 4.593 us, total = 28.934 ms
[state-dump] 	NodeManagerService.grpc_server.GetResourceLoad - 1260 total (0 active), CPU time: mean = 29.728 us, total = 37.457 ms
[state-dump] 	NodeManager.deadline_timer.flush_free_objects - 1260 total (1 active), CPU time: mean = 2.495 us, total = 3.143 ms
[state-dump] 	ClientConnection.async_read.ReadBufferAsync - 328 total (18 active), CPU time: mean = 77.030 us, total = 25.266 ms
[state-dump] 	NodeManager.deadline_timer.debug_state_dump - 126 total (1 active), CPU time: mean = 370.119 us, total = 46.635 ms
[state-dump] 	NodeManager.deadline_timer.record_metrics - 84 total (1 active), CPU time: mean = 197.923 us, total = 16.626 ms
[state-dump] 	CoreWorkerService.grpc_client.LocalGC - 36 total (0 active), CPU time: mean = 8.771 us, total = 315.752 us
[state-dump] 	NodeManager.deadline_timer.print_event_loop_stats - 21 total (1 active, 1 running), CPU time: mean = 534.652 us, total = 11.228 ms
[state-dump] 	ObjectManager.ObjectAdded - 19 total (0 active), CPU time: mean = 22.134 us, total = 420.540 us
[state-dump] 	ObjectManager.ObjectDeleted - 19 total (0 active), CPU time: mean = 11.208 us, total = 212.953 us
[state-dump] 	NodeManagerService.grpc_server.GetSystemConfig - 18 total (0 active), CPU time: mean = 34.279 us, total = 617.027 us
[state-dump] 	ClientConnection.async_write.DoAsyncWrites - 18 total (0 active), CPU time: mean = 435.056 ns, total = 7.831 us
[state-dump] 	NodeManagerService.grpc_server.RequestWorkerLease - 17 total (0 active), CPU time: mean = 1.227 ms, total = 20.867 ms
[state-dump] 	CoreWorkerService.grpc_client.DirectActorCallArgWaitComplete - 16 total (0 active), CPU time: mean = 8.380 us, total = 134.072 us
[state-dump] 	PeriodicalRunner.RunFnPeriodically - 8 total (0 active), CPU time: mean = 273.916 us, total = 2.191 ms
[state-dump] 	CoreWorkerService.grpc_client.PubsubCommandBatch - 8 total (0 active), CPU time: mean = 58.221 us, total = 465.766 us
[state-dump] 	CoreWorkerService.grpc_client.PubsubLongPolling - 7 total (0 active), CPU time: mean = 147.979 us, total = 1.036 ms
[state-dump] 	InternalPubSubGcsService.grpc_client.GcsSubscriberPoll - 4 total (1 active), CPU time: mean = 49.181 us, total = 196.722 us
[state-dump] 	InternalPubSubGcsService.grpc_client.GcsSubscriberCommandBatch - 2 total (0 active), CPU time: mean = 59.350 us, total = 118.700 us
[state-dump] 	Subscriber.HandlePublishedMessage_WORKER_OBJECT_LOCATIONS_CHANNEL - 2 total (0 active), CPU time: mean = 24.247 us, total = 48.493 us
[state-dump] 	CoreWorkerService.grpc_client.UpdateObjectLocationBatch - 2 total (0 active), CPU time: mean = 18.242 us, total = 36.484 us
[state-dump] 	NodeInfoGcsService.grpc_client.GetAllNodeInfo - 1 total (0 active), CPU time: mean = 28.066 us, total = 28.066 us
[state-dump] 	Subscriber.HandlePublishedMessage_GCS_JOB_CHANNEL - 1 total (0 active), CPU time: mean = 47.159 us, total = 47.159 us
[state-dump] 	NodeInfoGcsService.grpc_client.GetInternalConfig - 1 total (0 active), CPU time: mean = 33.796 ms, total = 33.796 ms
[state-dump] 	JobInfoGcsService.grpc_client.GetAllJobInfo - 1 total (0 active), CPU time: mean = 343.023 us, total = 343.023 us
[state-dump] 	NodeInfoGcsService.grpc_client.RegisterNode - 1 total (0 active), CPU time: mean = 203.359 us, total = 203.359 us
[state-dump] 	AgentManagerService.grpc_server.RegisterAgent - 1 total (0 active), CPU time: mean = 194.419 us, total = 194.419 us
[state-dump] 	Subscriber.HandlePublishedMessage_WORKER_OBJECT_EVICTION - 1 total (0 active), CPU time: mean = 66.553 us, total = 66.553 us
[state-dump] 	JobInfoGcsService.grpc_client.AddJob - 1 total (0 active), CPU time: mean = 23.962 us, total = 23.962 us
[state-dump] 	NodeManagerService.grpc_server.PinObjectIDs - 1 total (0 active), CPU time: mean = 169.418 us, total = 169.418 us
[state-dump] DebugString() time ms: 1
[state-dump] 
[state-dump] 
[2026-01-30 14:24:31,363 I 3413275 3413375] (raylet) store.cc:551: ========== Plasma store: =================
Current usage: 0 / 200 GB
- num bytes created total: 7953630
0 pending objects of total size 0MB
- objects spillable: 0
- bytes spillable: 0
- objects unsealed: 0
- bytes unsealed: 0
- objects in use: 0
- bytes in use: 0
- objects evictable: 0
- bytes evictable: 0

- objects created by worker: 0
- bytes created by worker: 0
- objects restored: 0
- bytes restored: 0
- objects received: 0
- bytes received: 0
- objects errored: 0
- bytes errored: 0

[2026-01-30 14:24:31,393 I 3413275 3413275] (raylet) node_manager.cc:540: [state-dump] Event stats:
[state-dump] 
[state-dump] 
[state-dump] Global stats: 86656 total (27 active)
[state-dump] Queueing time: mean = 8.468 ms, max = 41.724 s, min = -0.000 s, total = 733.817 s
[state-dump] Execution time:  mean = 19.018 us, total = 1.648 s
[state-dump] Event stats:
[state-dump] 	NodeManagerService.grpc_server.ReportWorkerBacklog - 22766 total (0 active), CPU time: mean = 24.665 us, total = 561.523 ms
[state-dump] 	UNKNOWN - 14521 total (3 active), CPU time: mean = 1.858 us, total = 26.982 ms
[state-dump] 	ObjectManager.UpdateAvailableMemory - 13198 total (0 active), CPU time: mean = 480.241 ns, total = 6.338 ms
[state-dump] 	NodeManagerService.grpc_server.RequestResourceReport - 13088 total (0 active), CPU time: mean = 32.068 us, total = 419.707 ms
[state-dump] 	NodeManagerService.grpc_server.UpdateResourceUsage - 13088 total (0 active), CPU time: mean = 30.266 us, total = 396.116 ms
[state-dump] 	RayletWorkerPool.deadline_timer.kill_idle_workers - 6600 total (1 active), CPU time: mean = 4.554 us, total = 30.056 ms
[state-dump] 	NodeManagerService.grpc_server.GetResourceLoad - 1320 total (0 active), CPU time: mean = 29.609 us, total = 39.084 ms
[state-dump] 	NodeManager.deadline_timer.flush_free_objects - 1320 total (1 active), CPU time: mean = 2.518 us, total = 3.323 ms
[state-dump] 	ClientConnection.async_read.ReadBufferAsync - 328 total (18 active), CPU time: mean = 77.030 us, total = 25.266 ms
[state-dump] 	NodeManager.deadline_timer.debug_state_dump - 132 total (1 active), CPU time: mean = 370.830 us, total = 48.950 ms
[state-dump] 	NodeManager.deadline_timer.record_metrics - 88 total (1 active), CPU time: mean = 197.400 us, total = 17.371 ms
[state-dump] 	CoreWorkerService.grpc_client.LocalGC - 36 total (0 active), CPU time: mean = 8.771 us, total = 315.752 us
[state-dump] 	NodeManager.deadline_timer.print_event_loop_stats - 22 total (1 active, 1 running), CPU time: mean = 533.557 us, total = 11.738 ms
[state-dump] 	ObjectManager.ObjectAdded - 19 total (0 active), CPU time: mean = 22.134 us, total = 420.540 us
[state-dump] 	ObjectManager.ObjectDeleted - 19 total (0 active), CPU time: mean = 11.208 us, total = 212.953 us
[state-dump] 	NodeManagerService.grpc_server.GetSystemConfig - 18 total (0 active), CPU time: mean = 34.279 us, total = 617.027 us
[state-dump] 	ClientConnection.async_write.DoAsyncWrites - 18 total (0 active), CPU time: mean = 435.056 ns, total = 7.831 us
[state-dump] 	NodeManagerService.grpc_server.RequestWorkerLease - 17 total (0 active), CPU time: mean = 1.227 ms, total = 20.867 ms
[state-dump] 	CoreWorkerService.grpc_client.DirectActorCallArgWaitComplete - 16 total (0 active), CPU time: mean = 8.380 us, total = 134.072 us
[state-dump] 	PeriodicalRunner.RunFnPeriodically - 8 total (0 active), CPU time: mean = 273.916 us, total = 2.191 ms
[state-dump] 	CoreWorkerService.grpc_client.PubsubCommandBatch - 8 total (0 active), CPU time: mean = 58.221 us, total = 465.766 us
[state-dump] 	CoreWorkerService.grpc_client.PubsubLongPolling - 7 total (0 active), CPU time: mean = 147.979 us, total = 1.036 ms
[state-dump] 	InternalPubSubGcsService.grpc_client.GcsSubscriberPoll - 4 total (1 active), CPU time: mean = 49.181 us, total = 196.722 us
[state-dump] 	InternalPubSubGcsService.grpc_client.GcsSubscriberCommandBatch - 2 total (0 active), CPU time: mean = 59.350 us, total = 118.700 us
[state-dump] 	Subscriber.HandlePublishedMessage_WORKER_OBJECT_LOCATIONS_CHANNEL - 2 total (0 active), CPU time: mean = 24.247 us, total = 48.493 us
[state-dump] 	CoreWorkerService.grpc_client.UpdateObjectLocationBatch - 2 total (0 active), CPU time: mean = 18.242 us, total = 36.484 us
[state-dump] 	NodeInfoGcsService.grpc_client.GetAllNodeInfo - 1 total (0 active), CPU time: mean = 28.066 us, total = 28.066 us
[state-dump] 	Subscriber.HandlePublishedMessage_GCS_JOB_CHANNEL - 1 total (0 active), CPU time: mean = 47.159 us, total = 47.159 us
[state-dump] 	NodeInfoGcsService.grpc_client.GetInternalConfig - 1 total (0 active), CPU time: mean = 33.796 ms, total = 33.796 ms
[state-dump] 	JobInfoGcsService.grpc_client.GetAllJobInfo - 1 total (0 active), CPU time: mean = 343.023 us, total = 343.023 us
[state-dump] 	NodeInfoGcsService.grpc_client.RegisterNode - 1 total (0 active), CPU time: mean = 203.359 us, total = 203.359 us
[state-dump] 	AgentManagerService.grpc_server.RegisterAgent - 1 total (0 active), CPU time: mean = 194.419 us, total = 194.419 us
[state-dump] 	Subscriber.HandlePublishedMessage_WORKER_OBJECT_EVICTION - 1 total (0 active), CPU time: mean = 66.553 us, total = 66.553 us
[state-dump] 	JobInfoGcsService.grpc_client.AddJob - 1 total (0 active), CPU time: mean = 23.962 us, total = 23.962 us
[state-dump] 	NodeManagerService.grpc_server.PinObjectIDs - 1 total (0 active), CPU time: mean = 169.418 us, total = 169.418 us
[state-dump] 
[state-dump] NodeManager:
[state-dump] Node ID: 435ff685d8e66afce15860cd5b4687480235848d386ffa5d5547bd3d
[state-dump] Node name: 10.137.21.59
[state-dump] InitialConfigResources: {memory: 8135216732160000, GPU: 20000, node:10.137.21.59: 10000, CPU: 170000, object_store_memory: 2000000000000000, accelerator_type:H100: 10000}
[state-dump] ClusterTaskManager:
[state-dump] ========== Node: 435ff685d8e66afce15860cd5b4687480235848d386ffa5d5547bd3d =================
[state-dump] Infeasible queue length: 1
[state-dump] Schedule queue length: 0
[state-dump] Dispatch queue length: 0
[state-dump] num_waiting_for_resource: 0
[state-dump] num_waiting_for_plasma_memory: 0
[state-dump] num_waiting_for_remote_node_resources: 0
[state-dump] num_worker_not_started_by_job_config_not_exist: 0
[state-dump] num_worker_not_started_by_registration_timeout: 0
[state-dump] num_tasks_waiting_for_workers: 0
[state-dump] num_cancelled_tasks: 0
[state-dump] cluster_resource_scheduler state: 
[state-dump] Local id: -8058881002343059789 Local resources: {node:10.137.21.59: [10000]/[10000], CPU: [10000]/[170000], object_store_memory: [2000000000000000]/[2000000000000000], memory: [8135216732160000]/[8135216732160000], GPU: [10000, 10000]/[10000, 10000], accelerator_type:H100: [10000]/[10000]}node id: -8058881002343059789{node:10.137.21.59: 10000/10000, CPU: 10000/170000, object_store_memory: 2000000000000000/2000000000000000, memory: 8135216732160000/8135216732160000, GPU: 20000/20000, accelerator_type:H100: 10000/10000}{ "placment group locations": [], "node to bundles": []}
[state-dump] Waiting tasks size: 0
[state-dump] Number of executing tasks: 0
[state-dump] Number of pinned task arguments: 0
[state-dump] Number of total spilled tasks: 0
[state-dump] Number of spilled waiting tasks: 0
[state-dump] Number of spilled unschedulable tasks: 0
[state-dump] Resource usage {
[state-dump]     - (language=PYTHON actor_or_task=RolloutWorker.__init__ pid=3414093): {CPU: 1.000000}
[state-dump]     - (language=PYTHON actor_or_task=RolloutWorker.__init__ pid=3414092): {CPU: 1.000000}
[state-dump]     - (language=PYTHON actor_or_task=RolloutWorker.__init__ pid=3414084): {CPU: 1.000000}
[state-dump]     - (language=PYTHON actor_or_task=RolloutWorker.__init__ pid=3414091): {CPU: 1.000000}
[state-dump]     - (language=PYTHON actor_or_task=RolloutWorker.__init__ pid=3414089): {CPU: 1.000000}
[state-dump]     - (language=PYTHON actor_or_task=RolloutWorker.__init__ pid=3414085): {CPU: 1.000000}
[state-dump]     - (language=PYTHON actor_or_task=RolloutWorker.__init__ pid=3414094): {CPU: 1.000000}
[state-dump]     - (language=PYTHON actor_or_task=RolloutWorker.__init__ pid=3414083): {CPU: 1.000000}
[state-dump]     - (language=PYTHON actor_or_task=RolloutWorker.__init__ pid=3414088): {CPU: 1.000000}
[state-dump]     - (language=PYTHON actor_or_task=RolloutWorker.__init__ pid=3414080): {CPU: 1.000000}
[state-dump]     - (language=PYTHON actor_or_task=RolloutWorker.__init__ pid=3414095): {CPU: 1.000000}
[state-dump]     - (language=PYTHON actor_or_task=RolloutWorker.__init__ pid=3414081): {CPU: 1.000000}
[state-dump]     - (language=PYTHON actor_or_task=RolloutWorker.__init__ pid=3414082): {CPU: 1.000000}
[state-dump]     - (language=PYTHON actor_or_task=RolloutWorker.__init__ pid=3414087): {CPU: 1.000000}
[state-dump]     - (language=PYTHON actor_or_task=RolloutWorker.__init__ pid=3414086): {CPU: 1.000000}
[state-dump]     - (language=PYTHON actor_or_task=RolloutWorker.__init__ pid=3414090): {CPU: 1.000000}
[state-dump] }
[state-dump] Running tasks by scheduling class:
[state-dump] ==================================================
[state-dump] 
[state-dump] ClusterResources:
[state-dump] LocalObjectManager:
[state-dump] - num pinned objects: 0
[state-dump] - pinned objects size: 0
[state-dump] - num objects pending restore: 0
[state-dump] - num objects pending spill: 0
[state-dump] - num bytes pending spill: 0
[state-dump] - num bytes currently spilled: 0
[state-dump] - cumulative spill requests: 0
[state-dump] - cumulative restore requests: 0
[state-dump] - spilled objects pending delete: 0
[state-dump] 
[state-dump] ObjectManager:
[state-dump] - num local objects: 0
[state-dump] - num unfulfilled push requests: 0
[state-dump] - num object pull requests: 0
[state-dump] - num chunks received total: 0
[state-dump] - num chunks received failed (all): 0
[state-dump] - num chunks received failed / cancelled: 0
[state-dump] - num chunks received failed / plasma error: 0
[state-dump] Event stats:
[state-dump] Global stats: 1 total (0 active)
[state-dump] Queueing time: mean = 25.771 us, max = 25.771 us, min = 25.771 us, total = 25.771 us
[state-dump] Execution time:  mean = 5.425 us, total = 5.425 us
[state-dump] Event stats:
[state-dump] 	ObjectManager.FreeObjects - 1 total (0 active), CPU time: mean = 5.425 us, total = 5.425 us
[state-dump] PushManager:
[state-dump] - num pushes in flight: 0
[state-dump] - num chunks in flight: 0
[state-dump] - num chunks remaining: 0
[state-dump] - max chunks allowed: 409
[state-dump] OwnershipBasedObjectDirectory:
[state-dump] - num listeners: 0
[state-dump] - cumulative location updates: 2
[state-dump] - num location updates per second: 0.000
[state-dump] - num location lookups per second: 0.000
[state-dump] - num locations added per second: 0.000
[state-dump] - num locations removed per second: 0.000
[state-dump] BufferPool:
[state-dump] - create buffer state map size: 0
[state-dump] PullManager:
[state-dump] - num bytes available for pulled objects: 200000000000
[state-dump] - num bytes being pulled (all): 0
[state-dump] - num bytes being pulled / pinned: 0
[state-dump] - get request bundles: BundlePullRequestQueue{0 total, 0 active, 0 inactive, 0 unpullable}
[state-dump] - wait request bundles: BundlePullRequestQueue{0 total, 0 active, 0 inactive, 0 unpullable}
[state-dump] - task request bundles: BundlePullRequestQueue{0 total, 0 active, 0 inactive, 0 unpullable}
[state-dump] - first get request bundle: N/A
[state-dump] - first wait request bundle: N/A
[state-dump] - first task request bundle: N/A
[state-dump] - num objects queued: 0
[state-dump] - num objects actively pulled (all): 0
[state-dump] - num objects actively pulled / pinned: 0
[state-dump] - num bundles being pulled: 0
[state-dump] - num pull retries: 0
[state-dump] - max timeout seconds: 0
[state-dump] - max timeout request is already processed. No entry.
[state-dump] 
[state-dump] WorkerPool:
[state-dump] - registered jobs: 1
[state-dump] - process_failed_job_config_missing: 0
[state-dump] - process_failed_rate_limited: 0
[state-dump] - process_failed_pending_registration: 0
[state-dump] - process_failed_runtime_env_setup_failed: 0
[state-dump] - num JAVA workers: 0
[state-dump] - num JAVA drivers: 0
[state-dump] - num object spill callbacks queued: 0
[state-dump] - num object restore queued: 0
[state-dump] - num util functions queued: 0
[state-dump] - num PYTHON workers: 17
[state-dump] - num PYTHON drivers: 1
[state-dump] - num object spill callbacks queued: 0
[state-dump] - num object restore queued: 0
[state-dump] - num util functions queued: 0
[state-dump] - num idle workers: 1
[state-dump] TaskDependencyManager:
[state-dump] - task deps map size: 0
[state-dump] - get req map size: 0
[state-dump] - wait req map size: 0
[state-dump] - local objects map size: 0
[state-dump] WaitManager:
[state-dump] - num active wait requests: 0
[state-dump] Subscriber:
[state-dump] Channel WORKER_REF_REMOVED_CHANNEL
[state-dump] - cumulative subscribe requests: 0
[state-dump] - cumulative unsubscribe requests: 0
[state-dump] - active subscribed publishers: 0
[state-dump] - cumulative published messages: 0
[state-dump] - cumulative processed messages: 0
[state-dump] Channel WORKER_OBJECT_EVICTION
[state-dump] - cumulative subscribe requests: 1
[state-dump] - cumulative unsubscribe requests: 1
[state-dump] - active subscribed publishers: 0
[state-dump] - cumulative published messages: 1
[state-dump] - cumulative processed messages: 1
[state-dump] Channel WORKER_OBJECT_LOCATIONS_CHANNEL
[state-dump] - cumulative subscribe requests: 5
[state-dump] - cumulative unsubscribe requests: 5
[state-dump] - active subscribed publishers: 0
[state-dump] - cumulative published messages: 2
[state-dump] - cumulative processed messages: 2
[state-dump] num async plasma notifications: 0
[state-dump] Remote node managers: 
[state-dump] Event stats:
[state-dump] Global stats: 86656 total (27 active)
[state-dump] Queueing time: mean = 8.468 ms, max = 41.724 s, min = -0.000 s, total = 733.817 s
[state-dump] Execution time:  mean = 19.018 us, total = 1.648 s
[state-dump] Event stats:
[state-dump] 	NodeManagerService.grpc_server.ReportWorkerBacklog - 22766 total (0 active), CPU time: mean = 24.665 us, total = 561.523 ms
[state-dump] 	UNKNOWN - 14521 total (3 active), CPU time: mean = 1.858 us, total = 26.982 ms
[state-dump] 	ObjectManager.UpdateAvailableMemory - 13198 total (0 active), CPU time: mean = 480.241 ns, total = 6.338 ms
[state-dump] 	NodeManagerService.grpc_server.RequestResourceReport - 13088 total (0 active), CPU time: mean = 32.068 us, total = 419.707 ms
[state-dump] 	NodeManagerService.grpc_server.UpdateResourceUsage - 13088 total (0 active), CPU time: mean = 30.266 us, total = 396.116 ms
[state-dump] 	RayletWorkerPool.deadline_timer.kill_idle_workers - 6600 total (1 active), CPU time: mean = 4.554 us, total = 30.056 ms
[state-dump] 	NodeManagerService.grpc_server.GetResourceLoad - 1320 total (0 active), CPU time: mean = 29.609 us, total = 39.084 ms
[state-dump] 	NodeManager.deadline_timer.flush_free_objects - 1320 total (1 active), CPU time: mean = 2.518 us, total = 3.323 ms
[state-dump] 	ClientConnection.async_read.ReadBufferAsync - 328 total (18 active), CPU time: mean = 77.030 us, total = 25.266 ms
[state-dump] 	NodeManager.deadline_timer.debug_state_dump - 132 total (1 active), CPU time: mean = 370.830 us, total = 48.950 ms
[state-dump] 	NodeManager.deadline_timer.record_metrics - 88 total (1 active), CPU time: mean = 197.400 us, total = 17.371 ms
[state-dump] 	CoreWorkerService.grpc_client.LocalGC - 36 total (0 active), CPU time: mean = 8.771 us, total = 315.752 us
[state-dump] 	NodeManager.deadline_timer.print_event_loop_stats - 22 total (1 active, 1 running), CPU time: mean = 533.557 us, total = 11.738 ms
[state-dump] 	ObjectManager.ObjectAdded - 19 total (0 active), CPU time: mean = 22.134 us, total = 420.540 us
[state-dump] 	ObjectManager.ObjectDeleted - 19 total (0 active), CPU time: mean = 11.208 us, total = 212.953 us
[state-dump] 	NodeManagerService.grpc_server.GetSystemConfig - 18 total (0 active), CPU time: mean = 34.279 us, total = 617.027 us
[state-dump] 	ClientConnection.async_write.DoAsyncWrites - 18 total (0 active), CPU time: mean = 435.056 ns, total = 7.831 us
[state-dump] 	NodeManagerService.grpc_server.RequestWorkerLease - 17 total (0 active), CPU time: mean = 1.227 ms, total = 20.867 ms
[state-dump] 	CoreWorkerService.grpc_client.DirectActorCallArgWaitComplete - 16 total (0 active), CPU time: mean = 8.380 us, total = 134.072 us
[state-dump] 	PeriodicalRunner.RunFnPeriodically - 8 total (0 active), CPU time: mean = 273.916 us, total = 2.191 ms
[state-dump] 	CoreWorkerService.grpc_client.PubsubCommandBatch - 8 total (0 active), CPU time: mean = 58.221 us, total = 465.766 us
[state-dump] 	CoreWorkerService.grpc_client.PubsubLongPolling - 7 total (0 active), CPU time: mean = 147.979 us, total = 1.036 ms
[state-dump] 	InternalPubSubGcsService.grpc_client.GcsSubscriberPoll - 4 total (1 active), CPU time: mean = 49.181 us, total = 196.722 us
[state-dump] 	InternalPubSubGcsService.grpc_client.GcsSubscriberCommandBatch - 2 total (0 active), CPU time: mean = 59.350 us, total = 118.700 us
[state-dump] 	Subscriber.HandlePublishedMessage_WORKER_OBJECT_LOCATIONS_CHANNEL - 2 total (0 active), CPU time: mean = 24.247 us, total = 48.493 us
[state-dump] 	CoreWorkerService.grpc_client.UpdateObjectLocationBatch - 2 total (0 active), CPU time: mean = 18.242 us, total = 36.484 us
[state-dump] 	NodeInfoGcsService.grpc_client.GetAllNodeInfo - 1 total (0 active), CPU time: mean = 28.066 us, total = 28.066 us
[state-dump] 	Subscriber.HandlePublishedMessage_GCS_JOB_CHANNEL - 1 total (0 active), CPU time: mean = 47.159 us, total = 47.159 us
[state-dump] 	NodeInfoGcsService.grpc_client.GetInternalConfig - 1 total (0 active), CPU time: mean = 33.796 ms, total = 33.796 ms
[state-dump] 	JobInfoGcsService.grpc_client.GetAllJobInfo - 1 total (0 active), CPU time: mean = 343.023 us, total = 343.023 us
[state-dump] 	NodeInfoGcsService.grpc_client.RegisterNode - 1 total (0 active), CPU time: mean = 203.359 us, total = 203.359 us
[state-dump] 	AgentManagerService.grpc_server.RegisterAgent - 1 total (0 active), CPU time: mean = 194.419 us, total = 194.419 us
[state-dump] 	Subscriber.HandlePublishedMessage_WORKER_OBJECT_EVICTION - 1 total (0 active), CPU time: mean = 66.553 us, total = 66.553 us
[state-dump] 	JobInfoGcsService.grpc_client.AddJob - 1 total (0 active), CPU time: mean = 23.962 us, total = 23.962 us
[state-dump] 	NodeManagerService.grpc_server.PinObjectIDs - 1 total (0 active), CPU time: mean = 169.418 us, total = 169.418 us
[state-dump] DebugString() time ms: 0
[state-dump] 
[state-dump] 
[2026-01-30 14:25:31,363 I 3413275 3413375] (raylet) store.cc:551: ========== Plasma store: =================
Current usage: 0 / 200 GB
- num bytes created total: 7953630
0 pending objects of total size 0MB
- objects spillable: 0
- bytes spillable: 0
- objects unsealed: 0
- bytes unsealed: 0
- objects in use: 0
- bytes in use: 0
- objects evictable: 0
- bytes evictable: 0

- objects created by worker: 0
- bytes created by worker: 0
- objects restored: 0
- bytes restored: 0
- objects received: 0
- bytes received: 0
- objects errored: 0
- bytes errored: 0

[2026-01-30 14:25:31,394 I 3413275 3413275] (raylet) node_manager.cc:540: [state-dump] Event stats:
[state-dump] 
[state-dump] 
[state-dump] Global stats: 90619 total (27 active)
[state-dump] Queueing time: mean = 8.098 ms, max = 41.724 s, min = -0.000 s, total = 733.857 s
[state-dump] Execution time:  mean = 18.910 us, total = 1.714 s
[state-dump] Event stats:
[state-dump] 	NodeManagerService.grpc_server.ReportWorkerBacklog - 23846 total (0 active), CPU time: mean = 24.591 us, total = 586.402 ms
[state-dump] 	UNKNOWN - 15181 total (3 active), CPU time: mean = 1.858 us, total = 28.204 ms
[state-dump] 	ObjectManager.UpdateAvailableMemory - 13798 total (0 active), CPU time: mean = 475.891 ns, total = 6.566 ms
[state-dump] 	NodeManagerService.grpc_server.RequestResourceReport - 13684 total (0 active), CPU time: mean = 31.885 us, total = 436.308 ms
[state-dump] 	NodeManagerService.grpc_server.UpdateResourceUsage - 13684 total (0 active), CPU time: mean = 30.138 us, total = 412.402 ms
[state-dump] 	RayletWorkerPool.deadline_timer.kill_idle_workers - 6900 total (1 active), CPU time: mean = 4.521 us, total = 31.195 ms
[state-dump] 	NodeManagerService.grpc_server.GetResourceLoad - 1380 total (0 active), CPU time: mean = 29.502 us, total = 40.713 ms
[state-dump] 	NodeManager.deadline_timer.flush_free_objects - 1380 total (1 active), CPU time: mean = 2.505 us, total = 3.457 ms
[state-dump] 	ClientConnection.async_read.ReadBufferAsync - 328 total (18 active), CPU time: mean = 77.030 us, total = 25.266 ms
[state-dump] 	NodeManager.deadline_timer.debug_state_dump - 138 total (1 active), CPU time: mean = 370.255 us, total = 51.095 ms
[state-dump] 	NodeManager.deadline_timer.record_metrics - 92 total (1 active), CPU time: mean = 197.426 us, total = 18.163 ms
[state-dump] 	CoreWorkerService.grpc_client.LocalGC - 36 total (0 active), CPU time: mean = 8.771 us, total = 315.752 us
[state-dump] 	NodeManager.deadline_timer.print_event_loop_stats - 23 total (1 active, 1 running), CPU time: mean = 533.262 us, total = 12.265 ms
[state-dump] 	ObjectManager.ObjectAdded - 19 total (0 active), CPU time: mean = 22.134 us, total = 420.540 us
[state-dump] 	ObjectManager.ObjectDeleted - 19 total (0 active), CPU time: mean = 11.208 us, total = 212.953 us
[state-dump] 	NodeManagerService.grpc_server.GetSystemConfig - 18 total (0 active), CPU time: mean = 34.279 us, total = 617.027 us
[state-dump] 	ClientConnection.async_write.DoAsyncWrites - 18 total (0 active), CPU time: mean = 435.056 ns, total = 7.831 us
[state-dump] 	NodeManagerService.grpc_server.RequestWorkerLease - 17 total (0 active), CPU time: mean = 1.227 ms, total = 20.867 ms
[state-dump] 	CoreWorkerService.grpc_client.DirectActorCallArgWaitComplete - 16 total (0 active), CPU time: mean = 8.380 us, total = 134.072 us
[state-dump] 	PeriodicalRunner.RunFnPeriodically - 8 total (0 active), CPU time: mean = 273.916 us, total = 2.191 ms
[state-dump] 	CoreWorkerService.grpc_client.PubsubCommandBatch - 8 total (0 active), CPU time: mean = 58.221 us, total = 465.766 us
[state-dump] 	CoreWorkerService.grpc_client.PubsubLongPolling - 7 total (0 active), CPU time: mean = 147.979 us, total = 1.036 ms
[state-dump] 	InternalPubSubGcsService.grpc_client.GcsSubscriberPoll - 4 total (1 active), CPU time: mean = 49.181 us, total = 196.722 us
[state-dump] 	InternalPubSubGcsService.grpc_client.GcsSubscriberCommandBatch - 2 total (0 active), CPU time: mean = 59.350 us, total = 118.700 us
[state-dump] 	Subscriber.HandlePublishedMessage_WORKER_OBJECT_LOCATIONS_CHANNEL - 2 total (0 active), CPU time: mean = 24.247 us, total = 48.493 us
[state-dump] 	CoreWorkerService.grpc_client.UpdateObjectLocationBatch - 2 total (0 active), CPU time: mean = 18.242 us, total = 36.484 us
[state-dump] 	NodeInfoGcsService.grpc_client.GetAllNodeInfo - 1 total (0 active), CPU time: mean = 28.066 us, total = 28.066 us
[state-dump] 	Subscriber.HandlePublishedMessage_GCS_JOB_CHANNEL - 1 total (0 active), CPU time: mean = 47.159 us, total = 47.159 us
[state-dump] 	NodeInfoGcsService.grpc_client.GetInternalConfig - 1 total (0 active), CPU time: mean = 33.796 ms, total = 33.796 ms
[state-dump] 	JobInfoGcsService.grpc_client.GetAllJobInfo - 1 total (0 active), CPU time: mean = 343.023 us, total = 343.023 us
[state-dump] 	NodeInfoGcsService.grpc_client.RegisterNode - 1 total (0 active), CPU time: mean = 203.359 us, total = 203.359 us
[state-dump] 	AgentManagerService.grpc_server.RegisterAgent - 1 total (0 active), CPU time: mean = 194.419 us, total = 194.419 us
[state-dump] 	Subscriber.HandlePublishedMessage_WORKER_OBJECT_EVICTION - 1 total (0 active), CPU time: mean = 66.553 us, total = 66.553 us
[state-dump] 	JobInfoGcsService.grpc_client.AddJob - 1 total (0 active), CPU time: mean = 23.962 us, total = 23.962 us
[state-dump] 	NodeManagerService.grpc_server.PinObjectIDs - 1 total (0 active), CPU time: mean = 169.418 us, total = 169.418 us
[state-dump] 
[state-dump] NodeManager:
[state-dump] Node ID: 435ff685d8e66afce15860cd5b4687480235848d386ffa5d5547bd3d
[state-dump] Node name: 10.137.21.59
[state-dump] InitialConfigResources: {memory: 8135216732160000, GPU: 20000, node:10.137.21.59: 10000, CPU: 170000, object_store_memory: 2000000000000000, accelerator_type:H100: 10000}
[state-dump] ClusterTaskManager:
[state-dump] ========== Node: 435ff685d8e66afce15860cd5b4687480235848d386ffa5d5547bd3d =================
[state-dump] Infeasible queue length: 1
[state-dump] Schedule queue length: 0
[state-dump] Dispatch queue length: 0
[state-dump] num_waiting_for_resource: 0
[state-dump] num_waiting_for_plasma_memory: 0
[state-dump] num_waiting_for_remote_node_resources: 0
[state-dump] num_worker_not_started_by_job_config_not_exist: 0
[state-dump] num_worker_not_started_by_registration_timeout: 0
[state-dump] num_tasks_waiting_for_workers: 0
[state-dump] num_cancelled_tasks: 0
[state-dump] cluster_resource_scheduler state: 
[state-dump] Local id: -8058881002343059789 Local resources: {node:10.137.21.59: [10000]/[10000], CPU: [10000]/[170000], object_store_memory: [2000000000000000]/[2000000000000000], memory: [8135216732160000]/[8135216732160000], GPU: [10000, 10000]/[10000, 10000], accelerator_type:H100: [10000]/[10000]}node id: -8058881002343059789{node:10.137.21.59: 10000/10000, CPU: 10000/170000, object_store_memory: 2000000000000000/2000000000000000, memory: 8135216732160000/8135216732160000, GPU: 20000/20000, accelerator_type:H100: 10000/10000}{ "placment group locations": [], "node to bundles": []}
[state-dump] Waiting tasks size: 0
[state-dump] Number of executing tasks: 0
[state-dump] Number of pinned task arguments: 0
[state-dump] Number of total spilled tasks: 0
[state-dump] Number of spilled waiting tasks: 0
[state-dump] Number of spilled unschedulable tasks: 0
[state-dump] Resource usage {
[state-dump]     - (language=PYTHON actor_or_task=RolloutWorker.__init__ pid=3414093): {CPU: 1.000000}
[state-dump]     - (language=PYTHON actor_or_task=RolloutWorker.__init__ pid=3414092): {CPU: 1.000000}
[state-dump]     - (language=PYTHON actor_or_task=RolloutWorker.__init__ pid=3414084): {CPU: 1.000000}
[state-dump]     - (language=PYTHON actor_or_task=RolloutWorker.__init__ pid=3414091): {CPU: 1.000000}
[state-dump]     - (language=PYTHON actor_or_task=RolloutWorker.__init__ pid=3414089): {CPU: 1.000000}
[state-dump]     - (language=PYTHON actor_or_task=RolloutWorker.__init__ pid=3414085): {CPU: 1.000000}
[state-dump]     - (language=PYTHON actor_or_task=RolloutWorker.__init__ pid=3414094): {CPU: 1.000000}
[state-dump]     - (language=PYTHON actor_or_task=RolloutWorker.__init__ pid=3414083): {CPU: 1.000000}
[state-dump]     - (language=PYTHON actor_or_task=RolloutWorker.__init__ pid=3414088): {CPU: 1.000000}
[state-dump]     - (language=PYTHON actor_or_task=RolloutWorker.__init__ pid=3414080): {CPU: 1.000000}
[state-dump]     - (language=PYTHON actor_or_task=RolloutWorker.__init__ pid=3414095): {CPU: 1.000000}
[state-dump]     - (language=PYTHON actor_or_task=RolloutWorker.__init__ pid=3414081): {CPU: 1.000000}
[state-dump]     - (language=PYTHON actor_or_task=RolloutWorker.__init__ pid=3414082): {CPU: 1.000000}
[state-dump]     - (language=PYTHON actor_or_task=RolloutWorker.__init__ pid=3414087): {CPU: 1.000000}
[state-dump]     - (language=PYTHON actor_or_task=RolloutWorker.__init__ pid=3414086): {CPU: 1.000000}
[state-dump]     - (language=PYTHON actor_or_task=RolloutWorker.__init__ pid=3414090): {CPU: 1.000000}
[state-dump] }
[state-dump] Running tasks by scheduling class:
[state-dump] ==================================================
[state-dump] 
[state-dump] ClusterResources:
[state-dump] LocalObjectManager:
[state-dump] - num pinned objects: 0
[state-dump] - pinned objects size: 0
[state-dump] - num objects pending restore: 0
[state-dump] - num objects pending spill: 0
[state-dump] - num bytes pending spill: 0
[state-dump] - num bytes currently spilled: 0
[state-dump] - cumulative spill requests: 0
[state-dump] - cumulative restore requests: 0
[state-dump] - spilled objects pending delete: 0
[state-dump] 
[state-dump] ObjectManager:
[state-dump] - num local objects: 0
[state-dump] - num unfulfilled push requests: 0
[state-dump] - num object pull requests: 0
[state-dump] - num chunks received total: 0
[state-dump] - num chunks received failed (all): 0
[state-dump] - num chunks received failed / cancelled: 0
[state-dump] - num chunks received failed / plasma error: 0
[state-dump] Event stats:
[state-dump] Global stats: 1 total (0 active)
[state-dump] Queueing time: mean = 25.771 us, max = 25.771 us, min = 25.771 us, total = 25.771 us
[state-dump] Execution time:  mean = 5.425 us, total = 5.425 us
[state-dump] Event stats:
[state-dump] 	ObjectManager.FreeObjects - 1 total (0 active), CPU time: mean = 5.425 us, total = 5.425 us
[state-dump] PushManager:
[state-dump] - num pushes in flight: 0
[state-dump] - num chunks in flight: 0
[state-dump] - num chunks remaining: 0
[state-dump] - max chunks allowed: 409
[state-dump] OwnershipBasedObjectDirectory:
[state-dump] - num listeners: 0
[state-dump] - cumulative location updates: 2
[state-dump] - num location updates per second: 0.000
[state-dump] - num location lookups per second: 0.000
[state-dump] - num locations added per second: 0.000
[state-dump] - num locations removed per second: 0.000
[state-dump] BufferPool:
[state-dump] - create buffer state map size: 0
[state-dump] PullManager:
[state-dump] - num bytes available for pulled objects: 200000000000
[state-dump] - num bytes being pulled (all): 0
[state-dump] - num bytes being pulled / pinned: 0
[state-dump] - get request bundles: BundlePullRequestQueue{0 total, 0 active, 0 inactive, 0 unpullable}
[state-dump] - wait request bundles: BundlePullRequestQueue{0 total, 0 active, 0 inactive, 0 unpullable}
[state-dump] - task request bundles: BundlePullRequestQueue{0 total, 0 active, 0 inactive, 0 unpullable}
[state-dump] - first get request bundle: N/A
[state-dump] - first wait request bundle: N/A
[state-dump] - first task request bundle: N/A
[state-dump] - num objects queued: 0
[state-dump] - num objects actively pulled (all): 0
[state-dump] - num objects actively pulled / pinned: 0
[state-dump] - num bundles being pulled: 0
[state-dump] - num pull retries: 0
[state-dump] - max timeout seconds: 0
[state-dump] - max timeout request is already processed. No entry.
[state-dump] 
[state-dump] WorkerPool:
[state-dump] - registered jobs: 1
[state-dump] - process_failed_job_config_missing: 0
[state-dump] - process_failed_rate_limited: 0
[state-dump] - process_failed_pending_registration: 0
[state-dump] - process_failed_runtime_env_setup_failed: 0
[state-dump] - num JAVA workers: 0
[state-dump] - num JAVA drivers: 0
[state-dump] - num object spill callbacks queued: 0
[state-dump] - num object restore queued: 0
[state-dump] - num util functions queued: 0
[state-dump] - num PYTHON workers: 17
[state-dump] - num PYTHON drivers: 1
[state-dump] - num object spill callbacks queued: 0
[state-dump] - num object restore queued: 0
[state-dump] - num util functions queued: 0
[state-dump] - num idle workers: 1
[state-dump] TaskDependencyManager:
[state-dump] - task deps map size: 0
[state-dump] - get req map size: 0
[state-dump] - wait req map size: 0
[state-dump] - local objects map size: 0
[state-dump] WaitManager:
[state-dump] - num active wait requests: 0
[state-dump] Subscriber:
[state-dump] Channel WORKER_REF_REMOVED_CHANNEL
[state-dump] - cumulative subscribe requests: 0
[state-dump] - cumulative unsubscribe requests: 0
[state-dump] - active subscribed publishers: 0
[state-dump] - cumulative published messages: 0
[state-dump] - cumulative processed messages: 0
[state-dump] Channel WORKER_OBJECT_EVICTION
[state-dump] - cumulative subscribe requests: 1
[state-dump] - cumulative unsubscribe requests: 1
[state-dump] - active subscribed publishers: 0
[state-dump] - cumulative published messages: 1
[state-dump] - cumulative processed messages: 1
[state-dump] Channel WORKER_OBJECT_LOCATIONS_CHANNEL
[state-dump] - cumulative subscribe requests: 5
[state-dump] - cumulative unsubscribe requests: 5
[state-dump] - active subscribed publishers: 0
[state-dump] - cumulative published messages: 2
[state-dump] - cumulative processed messages: 2
[state-dump] num async plasma notifications: 0
[state-dump] Remote node managers: 
[state-dump] Event stats:
[state-dump] Global stats: 90619 total (27 active)
[state-dump] Queueing time: mean = 8.098 ms, max = 41.724 s, min = -0.000 s, total = 733.857 s
[state-dump] Execution time:  mean = 18.910 us, total = 1.714 s
[state-dump] Event stats:
[state-dump] 	NodeManagerService.grpc_server.ReportWorkerBacklog - 23846 total (0 active), CPU time: mean = 24.591 us, total = 586.402 ms
[state-dump] 	UNKNOWN - 15181 total (3 active), CPU time: mean = 1.858 us, total = 28.204 ms
[state-dump] 	ObjectManager.UpdateAvailableMemory - 13798 total (0 active), CPU time: mean = 475.891 ns, total = 6.566 ms
[state-dump] 	NodeManagerService.grpc_server.RequestResourceReport - 13684 total (0 active), CPU time: mean = 31.885 us, total = 436.308 ms
[state-dump] 	NodeManagerService.grpc_server.UpdateResourceUsage - 13684 total (0 active), CPU time: mean = 30.138 us, total = 412.402 ms
[state-dump] 	RayletWorkerPool.deadline_timer.kill_idle_workers - 6900 total (1 active), CPU time: mean = 4.521 us, total = 31.195 ms
[state-dump] 	NodeManagerService.grpc_server.GetResourceLoad - 1380 total (0 active), CPU time: mean = 29.502 us, total = 40.713 ms
[state-dump] 	NodeManager.deadline_timer.flush_free_objects - 1380 total (1 active), CPU time: mean = 2.505 us, total = 3.457 ms
[state-dump] 	ClientConnection.async_read.ReadBufferAsync - 328 total (18 active), CPU time: mean = 77.030 us, total = 25.266 ms
[state-dump] 	NodeManager.deadline_timer.debug_state_dump - 138 total (1 active), CPU time: mean = 370.255 us, total = 51.095 ms
[state-dump] 	NodeManager.deadline_timer.record_metrics - 92 total (1 active), CPU time: mean = 197.426 us, total = 18.163 ms
[state-dump] 	CoreWorkerService.grpc_client.LocalGC - 36 total (0 active), CPU time: mean = 8.771 us, total = 315.752 us
[state-dump] 	NodeManager.deadline_timer.print_event_loop_stats - 23 total (1 active, 1 running), CPU time: mean = 533.262 us, total = 12.265 ms
[state-dump] 	ObjectManager.ObjectAdded - 19 total (0 active), CPU time: mean = 22.134 us, total = 420.540 us
[state-dump] 	ObjectManager.ObjectDeleted - 19 total (0 active), CPU time: mean = 11.208 us, total = 212.953 us
[state-dump] 	NodeManagerService.grpc_server.GetSystemConfig - 18 total (0 active), CPU time: mean = 34.279 us, total = 617.027 us
[state-dump] 	ClientConnection.async_write.DoAsyncWrites - 18 total (0 active), CPU time: mean = 435.056 ns, total = 7.831 us
[state-dump] 	NodeManagerService.grpc_server.RequestWorkerLease - 17 total (0 active), CPU time: mean = 1.227 ms, total = 20.867 ms
[state-dump] 	CoreWorkerService.grpc_client.DirectActorCallArgWaitComplete - 16 total (0 active), CPU time: mean = 8.380 us, total = 134.072 us
[state-dump] 	PeriodicalRunner.RunFnPeriodically - 8 total (0 active), CPU time: mean = 273.916 us, total = 2.191 ms
[state-dump] 	CoreWorkerService.grpc_client.PubsubCommandBatch - 8 total (0 active), CPU time: mean = 58.221 us, total = 465.766 us
[state-dump] 	CoreWorkerService.grpc_client.PubsubLongPolling - 7 total (0 active), CPU time: mean = 147.979 us, total = 1.036 ms
[state-dump] 	InternalPubSubGcsService.grpc_client.GcsSubscriberPoll - 4 total (1 active), CPU time: mean = 49.181 us, total = 196.722 us
[state-dump] 	InternalPubSubGcsService.grpc_client.GcsSubscriberCommandBatch - 2 total (0 active), CPU time: mean = 59.350 us, total = 118.700 us
[state-dump] 	Subscriber.HandlePublishedMessage_WORKER_OBJECT_LOCATIONS_CHANNEL - 2 total (0 active), CPU time: mean = 24.247 us, total = 48.493 us
[state-dump] 	CoreWorkerService.grpc_client.UpdateObjectLocationBatch - 2 total (0 active), CPU time: mean = 18.242 us, total = 36.484 us
[state-dump] 	NodeInfoGcsService.grpc_client.GetAllNodeInfo - 1 total (0 active), CPU time: mean = 28.066 us, total = 28.066 us
[state-dump] 	Subscriber.HandlePublishedMessage_GCS_JOB_CHANNEL - 1 total (0 active), CPU time: mean = 47.159 us, total = 47.159 us
[state-dump] 	NodeInfoGcsService.grpc_client.GetInternalConfig - 1 total (0 active), CPU time: mean = 33.796 ms, total = 33.796 ms
[state-dump] 	JobInfoGcsService.grpc_client.GetAllJobInfo - 1 total (0 active), CPU time: mean = 343.023 us, total = 343.023 us
[state-dump] 	NodeInfoGcsService.grpc_client.RegisterNode - 1 total (0 active), CPU time: mean = 203.359 us, total = 203.359 us
[state-dump] 	AgentManagerService.grpc_server.RegisterAgent - 1 total (0 active), CPU time: mean = 194.419 us, total = 194.419 us
[state-dump] 	Subscriber.HandlePublishedMessage_WORKER_OBJECT_EVICTION - 1 total (0 active), CPU time: mean = 66.553 us, total = 66.553 us
[state-dump] 	JobInfoGcsService.grpc_client.AddJob - 1 total (0 active), CPU time: mean = 23.962 us, total = 23.962 us
[state-dump] 	NodeManagerService.grpc_server.PinObjectIDs - 1 total (0 active), CPU time: mean = 169.418 us, total = 169.418 us
[state-dump] DebugString() time ms: 0
[state-dump] 
[state-dump] 
[2026-01-30 14:26:31,363 I 3413275 3413375] (raylet) store.cc:551: ========== Plasma store: =================
Current usage: 0 / 200 GB
- num bytes created total: 7953630
0 pending objects of total size 0MB
- objects spillable: 0
- bytes spillable: 0
- objects unsealed: 0
- bytes unsealed: 0
- objects in use: 0
- bytes in use: 0
- objects evictable: 0
- bytes evictable: 0

- objects created by worker: 0
- bytes created by worker: 0
- objects restored: 0
- bytes restored: 0
- objects received: 0
- bytes received: 0
- objects errored: 0
- bytes errored: 0

[2026-01-30 14:26:31,395 I 3413275 3413275] (raylet) node_manager.cc:540: [state-dump] Event stats:
[state-dump] 
[state-dump] 
[state-dump] Global stats: 94580 total (27 active)
[state-dump] Queueing time: mean = 7.760 ms, max = 41.724 s, min = -0.000 s, total = 733.899 s
[state-dump] Execution time:  mean = 18.828 us, total = 1.781 s
[state-dump] Event stats:
[state-dump] 	NodeManagerService.grpc_server.ReportWorkerBacklog - 24926 total (0 active), CPU time: mean = 24.540 us, total = 611.687 ms
[state-dump] 	UNKNOWN - 15841 total (3 active), CPU time: mean = 1.861 us, total = 29.475 ms
[state-dump] 	ObjectManager.UpdateAvailableMemory - 14398 total (0 active), CPU time: mean = 473.292 ns, total = 6.814 ms
[state-dump] 	NodeManagerService.grpc_server.RequestResourceReport - 14279 total (0 active), CPU time: mean = 31.794 us, total = 453.990 ms
[state-dump] 	NodeManagerService.grpc_server.UpdateResourceUsage - 14279 total (0 active), CPU time: mean = 30.015 us, total = 428.577 ms
[state-dump] 	RayletWorkerPool.deadline_timer.kill_idle_workers - 7200 total (1 active), CPU time: mean = 4.483 us, total = 32.280 ms
[state-dump] 	NodeManagerService.grpc_server.GetResourceLoad - 1440 total (0 active), CPU time: mean = 29.410 us, total = 42.350 ms
[state-dump] 	NodeManager.deadline_timer.flush_free_objects - 1440 total (1 active), CPU time: mean = 2.497 us, total = 3.595 ms
[state-dump] 	ClientConnection.async_read.ReadBufferAsync - 328 total (18 active), CPU time: mean = 77.030 us, total = 25.266 ms
[state-dump] 	NodeManager.deadline_timer.debug_state_dump - 144 total (1 active), CPU time: mean = 369.735 us, total = 53.242 ms
[state-dump] 	NodeManager.deadline_timer.record_metrics - 96 total (1 active), CPU time: mean = 198.503 us, total = 19.056 ms
[state-dump] 	CoreWorkerService.grpc_client.LocalGC - 36 total (0 active), CPU time: mean = 8.771 us, total = 315.752 us
[state-dump] 	NodeManager.deadline_timer.print_event_loop_stats - 24 total (1 active, 1 running), CPU time: mean = 537.537 us, total = 12.901 ms
[state-dump] 	ObjectManager.ObjectAdded - 19 total (0 active), CPU time: mean = 22.134 us, total = 420.540 us
[state-dump] 	ObjectManager.ObjectDeleted - 19 total (0 active), CPU time: mean = 11.208 us, total = 212.953 us
[state-dump] 	NodeManagerService.grpc_server.GetSystemConfig - 18 total (0 active), CPU time: mean = 34.279 us, total = 617.027 us
[state-dump] 	ClientConnection.async_write.DoAsyncWrites - 18 total (0 active), CPU time: mean = 435.056 ns, total = 7.831 us
[state-dump] 	NodeManagerService.grpc_server.RequestWorkerLease - 17 total (0 active), CPU time: mean = 1.227 ms, total = 20.867 ms
[state-dump] 	CoreWorkerService.grpc_client.DirectActorCallArgWaitComplete - 16 total (0 active), CPU time: mean = 8.380 us, total = 134.072 us
[state-dump] 	PeriodicalRunner.RunFnPeriodically - 8 total (0 active), CPU time: mean = 273.916 us, total = 2.191 ms
[state-dump] 	CoreWorkerService.grpc_client.PubsubCommandBatch - 8 total (0 active), CPU time: mean = 58.221 us, total = 465.766 us
[state-dump] 	CoreWorkerService.grpc_client.PubsubLongPolling - 7 total (0 active), CPU time: mean = 147.979 us, total = 1.036 ms
[state-dump] 	InternalPubSubGcsService.grpc_client.GcsSubscriberPoll - 4 total (1 active), CPU time: mean = 49.181 us, total = 196.722 us
[state-dump] 	InternalPubSubGcsService.grpc_client.GcsSubscriberCommandBatch - 2 total (0 active), CPU time: mean = 59.350 us, total = 118.700 us
[state-dump] 	Subscriber.HandlePublishedMessage_WORKER_OBJECT_LOCATIONS_CHANNEL - 2 total (0 active), CPU time: mean = 24.247 us, total = 48.493 us
[state-dump] 	CoreWorkerService.grpc_client.UpdateObjectLocationBatch - 2 total (0 active), CPU time: mean = 18.242 us, total = 36.484 us
[state-dump] 	NodeInfoGcsService.grpc_client.GetAllNodeInfo - 1 total (0 active), CPU time: mean = 28.066 us, total = 28.066 us
[state-dump] 	Subscriber.HandlePublishedMessage_GCS_JOB_CHANNEL - 1 total (0 active), CPU time: mean = 47.159 us, total = 47.159 us
[state-dump] 	NodeInfoGcsService.grpc_client.GetInternalConfig - 1 total (0 active), CPU time: mean = 33.796 ms, total = 33.796 ms
[state-dump] 	JobInfoGcsService.grpc_client.GetAllJobInfo - 1 total (0 active), CPU time: mean = 343.023 us, total = 343.023 us
[state-dump] 	NodeInfoGcsService.grpc_client.RegisterNode - 1 total (0 active), CPU time: mean = 203.359 us, total = 203.359 us
[state-dump] 	AgentManagerService.grpc_server.RegisterAgent - 1 total (0 active), CPU time: mean = 194.419 us, total = 194.419 us
[state-dump] 	Subscriber.HandlePublishedMessage_WORKER_OBJECT_EVICTION - 1 total (0 active), CPU time: mean = 66.553 us, total = 66.553 us
[state-dump] 	JobInfoGcsService.grpc_client.AddJob - 1 total (0 active), CPU time: mean = 23.962 us, total = 23.962 us
[state-dump] 	NodeManagerService.grpc_server.PinObjectIDs - 1 total (0 active), CPU time: mean = 169.418 us, total = 169.418 us
[state-dump] 
[state-dump] NodeManager:
[state-dump] Node ID: 435ff685d8e66afce15860cd5b4687480235848d386ffa5d5547bd3d
[state-dump] Node name: 10.137.21.59
[state-dump] InitialConfigResources: {memory: 8135216732160000, GPU: 20000, node:10.137.21.59: 10000, CPU: 170000, object_store_memory: 2000000000000000, accelerator_type:H100: 10000}
[state-dump] ClusterTaskManager:
[state-dump] ========== Node: 435ff685d8e66afce15860cd5b4687480235848d386ffa5d5547bd3d =================
[state-dump] Infeasible queue length: 1
[state-dump] Schedule queue length: 0
[state-dump] Dispatch queue length: 0
[state-dump] num_waiting_for_resource: 0
[state-dump] num_waiting_for_plasma_memory: 0
[state-dump] num_waiting_for_remote_node_resources: 0
[state-dump] num_worker_not_started_by_job_config_not_exist: 0
[state-dump] num_worker_not_started_by_registration_timeout: 0
[state-dump] num_tasks_waiting_for_workers: 0
[state-dump] num_cancelled_tasks: 0
[state-dump] cluster_resource_scheduler state: 
[state-dump] Local id: -8058881002343059789 Local resources: {node:10.137.21.59: [10000]/[10000], CPU: [10000]/[170000], object_store_memory: [2000000000000000]/[2000000000000000], memory: [8135216732160000]/[8135216732160000], GPU: [10000, 10000]/[10000, 10000], accelerator_type:H100: [10000]/[10000]}node id: -8058881002343059789{node:10.137.21.59: 10000/10000, CPU: 10000/170000, object_store_memory: 2000000000000000/2000000000000000, memory: 8135216732160000/8135216732160000, GPU: 20000/20000, accelerator_type:H100: 10000/10000}{ "placment group locations": [], "node to bundles": []}
[state-dump] Waiting tasks size: 0
[state-dump] Number of executing tasks: 0
[state-dump] Number of pinned task arguments: 0
[state-dump] Number of total spilled tasks: 0
[state-dump] Number of spilled waiting tasks: 0
[state-dump] Number of spilled unschedulable tasks: 0
[state-dump] Resource usage {
[state-dump]     - (language=PYTHON actor_or_task=RolloutWorker.__init__ pid=3414093): {CPU: 1.000000}
[state-dump]     - (language=PYTHON actor_or_task=RolloutWorker.__init__ pid=3414092): {CPU: 1.000000}
[state-dump]     - (language=PYTHON actor_or_task=RolloutWorker.__init__ pid=3414084): {CPU: 1.000000}
[state-dump]     - (language=PYTHON actor_or_task=RolloutWorker.__init__ pid=3414091): {CPU: 1.000000}
[state-dump]     - (language=PYTHON actor_or_task=RolloutWorker.__init__ pid=3414089): {CPU: 1.000000}
[state-dump]     - (language=PYTHON actor_or_task=RolloutWorker.__init__ pid=3414085): {CPU: 1.000000}
[state-dump]     - (language=PYTHON actor_or_task=RolloutWorker.__init__ pid=3414094): {CPU: 1.000000}
[state-dump]     - (language=PYTHON actor_or_task=RolloutWorker.__init__ pid=3414083): {CPU: 1.000000}
[state-dump]     - (language=PYTHON actor_or_task=RolloutWorker.__init__ pid=3414088): {CPU: 1.000000}
[state-dump]     - (language=PYTHON actor_or_task=RolloutWorker.__init__ pid=3414080): {CPU: 1.000000}
[state-dump]     - (language=PYTHON actor_or_task=RolloutWorker.__init__ pid=3414095): {CPU: 1.000000}
[state-dump]     - (language=PYTHON actor_or_task=RolloutWorker.__init__ pid=3414081): {CPU: 1.000000}
[state-dump]     - (language=PYTHON actor_or_task=RolloutWorker.__init__ pid=3414082): {CPU: 1.000000}
[state-dump]     - (language=PYTHON actor_or_task=RolloutWorker.__init__ pid=3414087): {CPU: 1.000000}
[state-dump]     - (language=PYTHON actor_or_task=RolloutWorker.__init__ pid=3414086): {CPU: 1.000000}
[state-dump]     - (language=PYTHON actor_or_task=RolloutWorker.__init__ pid=3414090): {CPU: 1.000000}
[state-dump] }
[state-dump] Running tasks by scheduling class:
[state-dump] ==================================================
[state-dump] 
[state-dump] ClusterResources:
[state-dump] LocalObjectManager:
[state-dump] - num pinned objects: 0
[state-dump] - pinned objects size: 0
[state-dump] - num objects pending restore: 0
[state-dump] - num objects pending spill: 0
[state-dump] - num bytes pending spill: 0
[state-dump] - num bytes currently spilled: 0
[state-dump] - cumulative spill requests: 0
[state-dump] - cumulative restore requests: 0
[state-dump] - spilled objects pending delete: 0
[state-dump] 
[state-dump] ObjectManager:
[state-dump] - num local objects: 0
[state-dump] - num unfulfilled push requests: 0
[state-dump] - num object pull requests: 0
[state-dump] - num chunks received total: 0
[state-dump] - num chunks received failed (all): 0
[state-dump] - num chunks received failed / cancelled: 0
[state-dump] - num chunks received failed / plasma error: 0
[state-dump] Event stats:
[state-dump] Global stats: 1 total (0 active)
[state-dump] Queueing time: mean = 25.771 us, max = 25.771 us, min = 25.771 us, total = 25.771 us
[state-dump] Execution time:  mean = 5.425 us, total = 5.425 us
[state-dump] Event stats:
[state-dump] 	ObjectManager.FreeObjects - 1 total (0 active), CPU time: mean = 5.425 us, total = 5.425 us
[state-dump] PushManager:
[state-dump] - num pushes in flight: 0
[state-dump] - num chunks in flight: 0
[state-dump] - num chunks remaining: 0
[state-dump] - max chunks allowed: 409
[state-dump] OwnershipBasedObjectDirectory:
[state-dump] - num listeners: 0
[state-dump] - cumulative location updates: 2
[state-dump] - num location updates per second: 0.000
[state-dump] - num location lookups per second: 0.000
[state-dump] - num locations added per second: 0.000
[state-dump] - num locations removed per second: 0.000
[state-dump] BufferPool:
[state-dump] - create buffer state map size: 0
[state-dump] PullManager:
[state-dump] - num bytes available for pulled objects: 200000000000
[state-dump] - num bytes being pulled (all): 0
[state-dump] - num bytes being pulled / pinned: 0
[state-dump] - get request bundles: BundlePullRequestQueue{0 total, 0 active, 0 inactive, 0 unpullable}
[state-dump] - wait request bundles: BundlePullRequestQueue{0 total, 0 active, 0 inactive, 0 unpullable}
[state-dump] - task request bundles: BundlePullRequestQueue{0 total, 0 active, 0 inactive, 0 unpullable}
[state-dump] - first get request bundle: N/A
[state-dump] - first wait request bundle: N/A
[state-dump] - first task request bundle: N/A
[state-dump] - num objects queued: 0
[state-dump] - num objects actively pulled (all): 0
[state-dump] - num objects actively pulled / pinned: 0
[state-dump] - num bundles being pulled: 0
[state-dump] - num pull retries: 0
[state-dump] - max timeout seconds: 0
[state-dump] - max timeout request is already processed. No entry.
[state-dump] 
[state-dump] WorkerPool:
[state-dump] - registered jobs: 1
[state-dump] - process_failed_job_config_missing: 0
[state-dump] - process_failed_rate_limited: 0
[state-dump] - process_failed_pending_registration: 0
[state-dump] - process_failed_runtime_env_setup_failed: 0
[state-dump] - num JAVA workers: 0
[state-dump] - num JAVA drivers: 0
[state-dump] - num object spill callbacks queued: 0
[state-dump] - num object restore queued: 0
[state-dump] - num util functions queued: 0
[state-dump] - num PYTHON workers: 17
[state-dump] - num PYTHON drivers: 1
[state-dump] - num object spill callbacks queued: 0
[state-dump] - num object restore queued: 0
[state-dump] - num util functions queued: 0
[state-dump] - num idle workers: 1
[state-dump] TaskDependencyManager:
[state-dump] - task deps map size: 0
[state-dump] - get req map size: 0
[state-dump] - wait req map size: 0
[state-dump] - local objects map size: 0
[state-dump] WaitManager:
[state-dump] - num active wait requests: 0
[state-dump] Subscriber:
[state-dump] Channel WORKER_REF_REMOVED_CHANNEL
[state-dump] - cumulative subscribe requests: 0
[state-dump] - cumulative unsubscribe requests: 0
[state-dump] - active subscribed publishers: 0
[state-dump] - cumulative published messages: 0
[state-dump] - cumulative processed messages: 0
[state-dump] Channel WORKER_OBJECT_EVICTION
[state-dump] - cumulative subscribe requests: 1
[state-dump] - cumulative unsubscribe requests: 1
[state-dump] - active subscribed publishers: 0
[state-dump] - cumulative published messages: 1
[state-dump] - cumulative processed messages: 1
[state-dump] Channel WORKER_OBJECT_LOCATIONS_CHANNEL
[state-dump] - cumulative subscribe requests: 5
[state-dump] - cumulative unsubscribe requests: 5
[state-dump] - active subscribed publishers: 0
[state-dump] - cumulative published messages: 2
[state-dump] - cumulative processed messages: 2
[state-dump] num async plasma notifications: 0
[state-dump] Remote node managers: 
[state-dump] Event stats:
[state-dump] Global stats: 94580 total (27 active)
[state-dump] Queueing time: mean = 7.760 ms, max = 41.724 s, min = -0.000 s, total = 733.899 s
[state-dump] Execution time:  mean = 18.828 us, total = 1.781 s
[state-dump] Event stats:
[state-dump] 	NodeManagerService.grpc_server.ReportWorkerBacklog - 24926 total (0 active), CPU time: mean = 24.540 us, total = 611.687 ms
[state-dump] 	UNKNOWN - 15841 total (3 active), CPU time: mean = 1.861 us, total = 29.475 ms
[state-dump] 	ObjectManager.UpdateAvailableMemory - 14398 total (0 active), CPU time: mean = 473.292 ns, total = 6.814 ms
[state-dump] 	NodeManagerService.grpc_server.RequestResourceReport - 14279 total (0 active), CPU time: mean = 31.794 us, total = 453.990 ms
[state-dump] 	NodeManagerService.grpc_server.UpdateResourceUsage - 14279 total (0 active), CPU time: mean = 30.015 us, total = 428.577 ms
[state-dump] 	RayletWorkerPool.deadline_timer.kill_idle_workers - 7200 total (1 active), CPU time: mean = 4.483 us, total = 32.280 ms
[state-dump] 	NodeManagerService.grpc_server.GetResourceLoad - 1440 total (0 active), CPU time: mean = 29.410 us, total = 42.350 ms
[state-dump] 	NodeManager.deadline_timer.flush_free_objects - 1440 total (1 active), CPU time: mean = 2.497 us, total = 3.595 ms
[state-dump] 	ClientConnection.async_read.ReadBufferAsync - 328 total (18 active), CPU time: mean = 77.030 us, total = 25.266 ms
[state-dump] 	NodeManager.deadline_timer.debug_state_dump - 144 total (1 active), CPU time: mean = 369.735 us, total = 53.242 ms
[state-dump] 	NodeManager.deadline_timer.record_metrics - 96 total (1 active), CPU time: mean = 198.503 us, total = 19.056 ms
[state-dump] 	CoreWorkerService.grpc_client.LocalGC - 36 total (0 active), CPU time: mean = 8.771 us, total = 315.752 us
[state-dump] 	NodeManager.deadline_timer.print_event_loop_stats - 24 total (1 active, 1 running), CPU time: mean = 537.537 us, total = 12.901 ms
[state-dump] 	ObjectManager.ObjectAdded - 19 total (0 active), CPU time: mean = 22.134 us, total = 420.540 us
[state-dump] 	ObjectManager.ObjectDeleted - 19 total (0 active), CPU time: mean = 11.208 us, total = 212.953 us
[state-dump] 	NodeManagerService.grpc_server.GetSystemConfig - 18 total (0 active), CPU time: mean = 34.279 us, total = 617.027 us
[state-dump] 	ClientConnection.async_write.DoAsyncWrites - 18 total (0 active), CPU time: mean = 435.056 ns, total = 7.831 us
[state-dump] 	NodeManagerService.grpc_server.RequestWorkerLease - 17 total (0 active), CPU time: mean = 1.227 ms, total = 20.867 ms
[state-dump] 	CoreWorkerService.grpc_client.DirectActorCallArgWaitComplete - 16 total (0 active), CPU time: mean = 8.380 us, total = 134.072 us
[state-dump] 	PeriodicalRunner.RunFnPeriodically - 8 total (0 active), CPU time: mean = 273.916 us, total = 2.191 ms
[state-dump] 	CoreWorkerService.grpc_client.PubsubCommandBatch - 8 total (0 active), CPU time: mean = 58.221 us, total = 465.766 us
[state-dump] 	CoreWorkerService.grpc_client.PubsubLongPolling - 7 total (0 active), CPU time: mean = 147.979 us, total = 1.036 ms
[state-dump] 	InternalPubSubGcsService.grpc_client.GcsSubscriberPoll - 4 total (1 active), CPU time: mean = 49.181 us, total = 196.722 us
[state-dump] 	InternalPubSubGcsService.grpc_client.GcsSubscriberCommandBatch - 2 total (0 active), CPU time: mean = 59.350 us, total = 118.700 us
[state-dump] 	Subscriber.HandlePublishedMessage_WORKER_OBJECT_LOCATIONS_CHANNEL - 2 total (0 active), CPU time: mean = 24.247 us, total = 48.493 us
[state-dump] 	CoreWorkerService.grpc_client.UpdateObjectLocationBatch - 2 total (0 active), CPU time: mean = 18.242 us, total = 36.484 us
[state-dump] 	NodeInfoGcsService.grpc_client.GetAllNodeInfo - 1 total (0 active), CPU time: mean = 28.066 us, total = 28.066 us
[state-dump] 	Subscriber.HandlePublishedMessage_GCS_JOB_CHANNEL - 1 total (0 active), CPU time: mean = 47.159 us, total = 47.159 us
[state-dump] 	NodeInfoGcsService.grpc_client.GetInternalConfig - 1 total (0 active), CPU time: mean = 33.796 ms, total = 33.796 ms
[state-dump] 	JobInfoGcsService.grpc_client.GetAllJobInfo - 1 total (0 active), CPU time: mean = 343.023 us, total = 343.023 us
[state-dump] 	NodeInfoGcsService.grpc_client.RegisterNode - 1 total (0 active), CPU time: mean = 203.359 us, total = 203.359 us
[state-dump] 	AgentManagerService.grpc_server.RegisterAgent - 1 total (0 active), CPU time: mean = 194.419 us, total = 194.419 us
[state-dump] 	Subscriber.HandlePublishedMessage_WORKER_OBJECT_EVICTION - 1 total (0 active), CPU time: mean = 66.553 us, total = 66.553 us
[state-dump] 	JobInfoGcsService.grpc_client.AddJob - 1 total (0 active), CPU time: mean = 23.962 us, total = 23.962 us
[state-dump] 	NodeManagerService.grpc_server.PinObjectIDs - 1 total (0 active), CPU time: mean = 169.418 us, total = 169.418 us
[state-dump] DebugString() time ms: 0
[state-dump] 
[state-dump] 
[2026-01-30 14:27:31,363 I 3413275 3413375] (raylet) store.cc:551: ========== Plasma store: =================
Current usage: 0 / 200 GB
- num bytes created total: 7953630
0 pending objects of total size 0MB
- objects spillable: 0
- bytes spillable: 0
- objects unsealed: 0
- bytes unsealed: 0
- objects in use: 0
- bytes in use: 0
- objects evictable: 0
- bytes evictable: 0

- objects created by worker: 0
- bytes created by worker: 0
- objects restored: 0
- bytes restored: 0
- objects received: 0
- bytes received: 0
- objects errored: 0
- bytes errored: 0

[2026-01-30 14:27:31,395 I 3413275 3413275] (raylet) node_manager.cc:540: [state-dump] Event stats:
[state-dump] 
[state-dump] 
[state-dump] Global stats: 98540 total (27 active)
[state-dump] Queueing time: mean = 7.448 ms, max = 41.724 s, min = -0.000 s, total = 733.941 s
[state-dump] Execution time:  mean = 18.781 us, total = 1.851 s
[state-dump] Event stats:
[state-dump] 	NodeManagerService.grpc_server.ReportWorkerBacklog - 26006 total (0 active), CPU time: mean = 24.517 us, total = 637.599 ms
[state-dump] 	UNKNOWN - 16501 total (3 active), CPU time: mean = 1.864 us, total = 30.760 ms
[state-dump] 	ObjectManager.UpdateAvailableMemory - 14998 total (0 active), CPU time: mean = 470.847 ns, total = 7.062 ms
[state-dump] 	NodeManagerService.grpc_server.RequestResourceReport - 14874 total (0 active), CPU time: mean = 31.754 us, total = 472.308 ms
[state-dump] 	NodeManagerService.grpc_server.UpdateResourceUsage - 14873 total (0 active), CPU time: mean = 29.984 us, total = 445.954 ms
[state-dump] 	RayletWorkerPool.deadline_timer.kill_idle_workers - 7500 total (1 active), CPU time: mean = 4.462 us, total = 33.468 ms
[state-dump] 	NodeManagerService.grpc_server.GetResourceLoad - 1500 total (0 active), CPU time: mean = 29.325 us, total = 43.987 ms
[state-dump] 	NodeManager.deadline_timer.flush_free_objects - 1500 total (1 active), CPU time: mean = 2.476 us, total = 3.715 ms
[state-dump] 	ClientConnection.async_read.ReadBufferAsync - 328 total (18 active), CPU time: mean = 77.030 us, total = 25.266 ms
[state-dump] 	NodeManager.deadline_timer.debug_state_dump - 150 total (1 active), CPU time: mean = 371.065 us, total = 55.660 ms
[state-dump] 	NodeManager.deadline_timer.record_metrics - 100 total (1 active), CPU time: mean = 199.466 us, total = 19.947 ms
[state-dump] 	CoreWorkerService.grpc_client.LocalGC - 36 total (0 active), CPU time: mean = 8.771 us, total = 315.752 us
[state-dump] 	NodeManager.deadline_timer.print_event_loop_stats - 25 total (1 active, 1 running), CPU time: mean = 536.808 us, total = 13.420 ms
[state-dump] 	ObjectManager.ObjectAdded - 19 total (0 active), CPU time: mean = 22.134 us, total = 420.540 us
[state-dump] 	ObjectManager.ObjectDeleted - 19 total (0 active), CPU time: mean = 11.208 us, total = 212.953 us
[state-dump] 	NodeManagerService.grpc_server.GetSystemConfig - 18 total (0 active), CPU time: mean = 34.279 us, total = 617.027 us
[state-dump] 	ClientConnection.async_write.DoAsyncWrites - 18 total (0 active), CPU time: mean = 435.056 ns, total = 7.831 us
[state-dump] 	NodeManagerService.grpc_server.RequestWorkerLease - 17 total (0 active), CPU time: mean = 1.227 ms, total = 20.867 ms
[state-dump] 	CoreWorkerService.grpc_client.DirectActorCallArgWaitComplete - 16 total (0 active), CPU time: mean = 8.380 us, total = 134.072 us
[state-dump] 	PeriodicalRunner.RunFnPeriodically - 8 total (0 active), CPU time: mean = 273.916 us, total = 2.191 ms
[state-dump] 	CoreWorkerService.grpc_client.PubsubCommandBatch - 8 total (0 active), CPU time: mean = 58.221 us, total = 465.766 us
[state-dump] 	CoreWorkerService.grpc_client.PubsubLongPolling - 7 total (0 active), CPU time: mean = 147.979 us, total = 1.036 ms
[state-dump] 	InternalPubSubGcsService.grpc_client.GcsSubscriberPoll - 4 total (1 active), CPU time: mean = 49.181 us, total = 196.722 us
[state-dump] 	InternalPubSubGcsService.grpc_client.GcsSubscriberCommandBatch - 2 total (0 active), CPU time: mean = 59.350 us, total = 118.700 us
[state-dump] 	Subscriber.HandlePublishedMessage_WORKER_OBJECT_LOCATIONS_CHANNEL - 2 total (0 active), CPU time: mean = 24.247 us, total = 48.493 us
[state-dump] 	CoreWorkerService.grpc_client.UpdateObjectLocationBatch - 2 total (0 active), CPU time: mean = 18.242 us, total = 36.484 us
[state-dump] 	NodeInfoGcsService.grpc_client.GetAllNodeInfo - 1 total (0 active), CPU time: mean = 28.066 us, total = 28.066 us
[state-dump] 	Subscriber.HandlePublishedMessage_GCS_JOB_CHANNEL - 1 total (0 active), CPU time: mean = 47.159 us, total = 47.159 us
[state-dump] 	NodeInfoGcsService.grpc_client.GetInternalConfig - 1 total (0 active), CPU time: mean = 33.796 ms, total = 33.796 ms
[state-dump] 	JobInfoGcsService.grpc_client.GetAllJobInfo - 1 total (0 active), CPU time: mean = 343.023 us, total = 343.023 us
[state-dump] 	NodeInfoGcsService.grpc_client.RegisterNode - 1 total (0 active), CPU time: mean = 203.359 us, total = 203.359 us
[state-dump] 	AgentManagerService.grpc_server.RegisterAgent - 1 total (0 active), CPU time: mean = 194.419 us, total = 194.419 us
[state-dump] 	Subscriber.HandlePublishedMessage_WORKER_OBJECT_EVICTION - 1 total (0 active), CPU time: mean = 66.553 us, total = 66.553 us
[state-dump] 	JobInfoGcsService.grpc_client.AddJob - 1 total (0 active), CPU time: mean = 23.962 us, total = 23.962 us
[state-dump] 	NodeManagerService.grpc_server.PinObjectIDs - 1 total (0 active), CPU time: mean = 169.418 us, total = 169.418 us
[state-dump] 
[state-dump] NodeManager:
[state-dump] Node ID: 435ff685d8e66afce15860cd5b4687480235848d386ffa5d5547bd3d
[state-dump] Node name: 10.137.21.59
[state-dump] InitialConfigResources: {memory: 8135216732160000, GPU: 20000, node:10.137.21.59: 10000, CPU: 170000, object_store_memory: 2000000000000000, accelerator_type:H100: 10000}
[state-dump] ClusterTaskManager:
[state-dump] ========== Node: 435ff685d8e66afce15860cd5b4687480235848d386ffa5d5547bd3d =================
[state-dump] Infeasible queue length: 1
[state-dump] Schedule queue length: 0
[state-dump] Dispatch queue length: 0
[state-dump] num_waiting_for_resource: 0
[state-dump] num_waiting_for_plasma_memory: 0
[state-dump] num_waiting_for_remote_node_resources: 0
[state-dump] num_worker_not_started_by_job_config_not_exist: 0
[state-dump] num_worker_not_started_by_registration_timeout: 0
[state-dump] num_tasks_waiting_for_workers: 0
[state-dump] num_cancelled_tasks: 0
[state-dump] cluster_resource_scheduler state: 
[state-dump] Local id: -8058881002343059789 Local resources: {node:10.137.21.59: [10000]/[10000], CPU: [10000]/[170000], object_store_memory: [2000000000000000]/[2000000000000000], memory: [8135216732160000]/[8135216732160000], GPU: [10000, 10000]/[10000, 10000], accelerator_type:H100: [10000]/[10000]}node id: -8058881002343059789{node:10.137.21.59: 10000/10000, CPU: 10000/170000, object_store_memory: 2000000000000000/2000000000000000, memory: 8135216732160000/8135216732160000, GPU: 20000/20000, accelerator_type:H100: 10000/10000}{ "placment group locations": [], "node to bundles": []}
[state-dump] Waiting tasks size: 0
[state-dump] Number of executing tasks: 0
[state-dump] Number of pinned task arguments: 0
[state-dump] Number of total spilled tasks: 0
[state-dump] Number of spilled waiting tasks: 0
[state-dump] Number of spilled unschedulable tasks: 0
[state-dump] Resource usage {
[state-dump]     - (language=PYTHON actor_or_task=RolloutWorker.__init__ pid=3414093): {CPU: 1.000000}
[state-dump]     - (language=PYTHON actor_or_task=RolloutWorker.__init__ pid=3414092): {CPU: 1.000000}
[state-dump]     - (language=PYTHON actor_or_task=RolloutWorker.__init__ pid=3414084): {CPU: 1.000000}
[state-dump]     - (language=PYTHON actor_or_task=RolloutWorker.__init__ pid=3414091): {CPU: 1.000000}
[state-dump]     - (language=PYTHON actor_or_task=RolloutWorker.__init__ pid=3414089): {CPU: 1.000000}
[state-dump]     - (language=PYTHON actor_or_task=RolloutWorker.__init__ pid=3414085): {CPU: 1.000000}
[state-dump]     - (language=PYTHON actor_or_task=RolloutWorker.__init__ pid=3414094): {CPU: 1.000000}
[state-dump]     - (language=PYTHON actor_or_task=RolloutWorker.__init__ pid=3414083): {CPU: 1.000000}
[state-dump]     - (language=PYTHON actor_or_task=RolloutWorker.__init__ pid=3414088): {CPU: 1.000000}
[state-dump]     - (language=PYTHON actor_or_task=RolloutWorker.__init__ pid=3414080): {CPU: 1.000000}
[state-dump]     - (language=PYTHON actor_or_task=RolloutWorker.__init__ pid=3414095): {CPU: 1.000000}
[state-dump]     - (language=PYTHON actor_or_task=RolloutWorker.__init__ pid=3414081): {CPU: 1.000000}
[state-dump]     - (language=PYTHON actor_or_task=RolloutWorker.__init__ pid=3414082): {CPU: 1.000000}
[state-dump]     - (language=PYTHON actor_or_task=RolloutWorker.__init__ pid=3414087): {CPU: 1.000000}
[state-dump]     - (language=PYTHON actor_or_task=RolloutWorker.__init__ pid=3414086): {CPU: 1.000000}
[state-dump]     - (language=PYTHON actor_or_task=RolloutWorker.__init__ pid=3414090): {CPU: 1.000000}
[state-dump] }
[state-dump] Running tasks by scheduling class:
[state-dump] ==================================================
[state-dump] 
[state-dump] ClusterResources:
[state-dump] LocalObjectManager:
[state-dump] - num pinned objects: 0
[state-dump] - pinned objects size: 0
[state-dump] - num objects pending restore: 0
[state-dump] - num objects pending spill: 0
[state-dump] - num bytes pending spill: 0
[state-dump] - num bytes currently spilled: 0
[state-dump] - cumulative spill requests: 0
[state-dump] - cumulative restore requests: 0
[state-dump] - spilled objects pending delete: 0
[state-dump] 
[state-dump] ObjectManager:
[state-dump] - num local objects: 0
[state-dump] - num unfulfilled push requests: 0
[state-dump] - num object pull requests: 0
[state-dump] - num chunks received total: 0
[state-dump] - num chunks received failed (all): 0
[state-dump] - num chunks received failed / cancelled: 0
[state-dump] - num chunks received failed / plasma error: 0
[state-dump] Event stats:
[state-dump] Global stats: 1 total (0 active)
[state-dump] Queueing time: mean = 25.771 us, max = 25.771 us, min = 25.771 us, total = 25.771 us
[state-dump] Execution time:  mean = 5.425 us, total = 5.425 us
[state-dump] Event stats:
[state-dump] 	ObjectManager.FreeObjects - 1 total (0 active), CPU time: mean = 5.425 us, total = 5.425 us
[state-dump] PushManager:
[state-dump] - num pushes in flight: 0
[state-dump] - num chunks in flight: 0
[state-dump] - num chunks remaining: 0
[state-dump] - max chunks allowed: 409
[state-dump] OwnershipBasedObjectDirectory:
[state-dump] - num listeners: 0
[state-dump] - cumulative location updates: 2
[state-dump] - num location updates per second: 0.000
[state-dump] - num location lookups per second: 0.000
[state-dump] - num locations added per second: 0.000
[state-dump] - num locations removed per second: 0.000
[state-dump] BufferPool:
[state-dump] - create buffer state map size: 0
[state-dump] PullManager:
[state-dump] - num bytes available for pulled objects: 200000000000
[state-dump] - num bytes being pulled (all): 0
[state-dump] - num bytes being pulled / pinned: 0
[state-dump] - get request bundles: BundlePullRequestQueue{0 total, 0 active, 0 inactive, 0 unpullable}
[state-dump] - wait request bundles: BundlePullRequestQueue{0 total, 0 active, 0 inactive, 0 unpullable}
[state-dump] - task request bundles: BundlePullRequestQueue{0 total, 0 active, 0 inactive, 0 unpullable}
[state-dump] - first get request bundle: N/A
[state-dump] - first wait request bundle: N/A
[state-dump] - first task request bundle: N/A
[state-dump] - num objects queued: 0
[state-dump] - num objects actively pulled (all): 0
[state-dump] - num objects actively pulled / pinned: 0
[state-dump] - num bundles being pulled: 0
[state-dump] - num pull retries: 0
[state-dump] - max timeout seconds: 0
[state-dump] - max timeout request is already processed. No entry.
[state-dump] 
[state-dump] WorkerPool:
[state-dump] - registered jobs: 1
[state-dump] - process_failed_job_config_missing: 0
[state-dump] - process_failed_rate_limited: 0
[state-dump] - process_failed_pending_registration: 0
[state-dump] - process_failed_runtime_env_setup_failed: 0
[state-dump] - num JAVA workers: 0
[state-dump] - num JAVA drivers: 0
[state-dump] - num object spill callbacks queued: 0
[state-dump] - num object restore queued: 0
[state-dump] - num util functions queued: 0
[state-dump] - num PYTHON workers: 17
[state-dump] - num PYTHON drivers: 1
[state-dump] - num object spill callbacks queued: 0
[state-dump] - num object restore queued: 0
[state-dump] - num util functions queued: 0
[state-dump] - num idle workers: 1
[state-dump] TaskDependencyManager:
[state-dump] - task deps map size: 0
[state-dump] - get req map size: 0
[state-dump] - wait req map size: 0
[state-dump] - local objects map size: 0
[state-dump] WaitManager:
[state-dump] - num active wait requests: 0
[state-dump] Subscriber:
[state-dump] Channel WORKER_REF_REMOVED_CHANNEL
[state-dump] - cumulative subscribe requests: 0
[state-dump] - cumulative unsubscribe requests: 0
[state-dump] - active subscribed publishers: 0
[state-dump] - cumulative published messages: 0
[state-dump] - cumulative processed messages: 0
[state-dump] Channel WORKER_OBJECT_EVICTION
[state-dump] - cumulative subscribe requests: 1
[state-dump] - cumulative unsubscribe requests: 1
[state-dump] - active subscribed publishers: 0
[state-dump] - cumulative published messages: 1
[state-dump] - cumulative processed messages: 1
[state-dump] Channel WORKER_OBJECT_LOCATIONS_CHANNEL
[state-dump] - cumulative subscribe requests: 5
[state-dump] - cumulative unsubscribe requests: 5
[state-dump] - active subscribed publishers: 0
[state-dump] - cumulative published messages: 2
[state-dump] - cumulative processed messages: 2
[state-dump] num async plasma notifications: 0
[state-dump] Remote node managers: 
[state-dump] Event stats:
[state-dump] Global stats: 98540 total (27 active)
[state-dump] Queueing time: mean = 7.448 ms, max = 41.724 s, min = -0.000 s, total = 733.941 s
[state-dump] Execution time:  mean = 18.781 us, total = 1.851 s
[state-dump] Event stats:
[state-dump] 	NodeManagerService.grpc_server.ReportWorkerBacklog - 26006 total (0 active), CPU time: mean = 24.517 us, total = 637.599 ms
[state-dump] 	UNKNOWN - 16501 total (3 active), CPU time: mean = 1.864 us, total = 30.760 ms
[state-dump] 	ObjectManager.UpdateAvailableMemory - 14998 total (0 active), CPU time: mean = 470.847 ns, total = 7.062 ms
[state-dump] 	NodeManagerService.grpc_server.RequestResourceReport - 14874 total (0 active), CPU time: mean = 31.754 us, total = 472.308 ms
[state-dump] 	NodeManagerService.grpc_server.UpdateResourceUsage - 14873 total (0 active), CPU time: mean = 29.984 us, total = 445.954 ms
[state-dump] 	RayletWorkerPool.deadline_timer.kill_idle_workers - 7500 total (1 active), CPU time: mean = 4.462 us, total = 33.468 ms
[state-dump] 	NodeManagerService.grpc_server.GetResourceLoad - 1500 total (0 active), CPU time: mean = 29.325 us, total = 43.987 ms
[state-dump] 	NodeManager.deadline_timer.flush_free_objects - 1500 total (1 active), CPU time: mean = 2.476 us, total = 3.715 ms
[state-dump] 	ClientConnection.async_read.ReadBufferAsync - 328 total (18 active), CPU time: mean = 77.030 us, total = 25.266 ms
[state-dump] 	NodeManager.deadline_timer.debug_state_dump - 150 total (1 active), CPU time: mean = 371.065 us, total = 55.660 ms
[state-dump] 	NodeManager.deadline_timer.record_metrics - 100 total (1 active), CPU time: mean = 199.466 us, total = 19.947 ms
[state-dump] 	CoreWorkerService.grpc_client.LocalGC - 36 total (0 active), CPU time: mean = 8.771 us, total = 315.752 us
[state-dump] 	NodeManager.deadline_timer.print_event_loop_stats - 25 total (1 active, 1 running), CPU time: mean = 536.808 us, total = 13.420 ms
[state-dump] 	ObjectManager.ObjectAdded - 19 total (0 active), CPU time: mean = 22.134 us, total = 420.540 us
[state-dump] 	ObjectManager.ObjectDeleted - 19 total (0 active), CPU time: mean = 11.208 us, total = 212.953 us
[state-dump] 	NodeManagerService.grpc_server.GetSystemConfig - 18 total (0 active), CPU time: mean = 34.279 us, total = 617.027 us
[state-dump] 	ClientConnection.async_write.DoAsyncWrites - 18 total (0 active), CPU time: mean = 435.056 ns, total = 7.831 us
[state-dump] 	NodeManagerService.grpc_server.RequestWorkerLease - 17 total (0 active), CPU time: mean = 1.227 ms, total = 20.867 ms
[state-dump] 	CoreWorkerService.grpc_client.DirectActorCallArgWaitComplete - 16 total (0 active), CPU time: mean = 8.380 us, total = 134.072 us
[state-dump] 	PeriodicalRunner.RunFnPeriodically - 8 total (0 active), CPU time: mean = 273.916 us, total = 2.191 ms
[state-dump] 	CoreWorkerService.grpc_client.PubsubCommandBatch - 8 total (0 active), CPU time: mean = 58.221 us, total = 465.766 us
[state-dump] 	CoreWorkerService.grpc_client.PubsubLongPolling - 7 total (0 active), CPU time: mean = 147.979 us, total = 1.036 ms
[state-dump] 	InternalPubSubGcsService.grpc_client.GcsSubscriberPoll - 4 total (1 active), CPU time: mean = 49.181 us, total = 196.722 us
[state-dump] 	InternalPubSubGcsService.grpc_client.GcsSubscriberCommandBatch - 2 total (0 active), CPU time: mean = 59.350 us, total = 118.700 us
[state-dump] 	Subscriber.HandlePublishedMessage_WORKER_OBJECT_LOCATIONS_CHANNEL - 2 total (0 active), CPU time: mean = 24.247 us, total = 48.493 us
[state-dump] 	CoreWorkerService.grpc_client.UpdateObjectLocationBatch - 2 total (0 active), CPU time: mean = 18.242 us, total = 36.484 us
[state-dump] 	NodeInfoGcsService.grpc_client.GetAllNodeInfo - 1 total (0 active), CPU time: mean = 28.066 us, total = 28.066 us
[state-dump] 	Subscriber.HandlePublishedMessage_GCS_JOB_CHANNEL - 1 total (0 active), CPU time: mean = 47.159 us, total = 47.159 us
[state-dump] 	NodeInfoGcsService.grpc_client.GetInternalConfig - 1 total (0 active), CPU time: mean = 33.796 ms, total = 33.796 ms
[state-dump] 	JobInfoGcsService.grpc_client.GetAllJobInfo - 1 total (0 active), CPU time: mean = 343.023 us, total = 343.023 us
[state-dump] 	NodeInfoGcsService.grpc_client.RegisterNode - 1 total (0 active), CPU time: mean = 203.359 us, total = 203.359 us
[state-dump] 	AgentManagerService.grpc_server.RegisterAgent - 1 total (0 active), CPU time: mean = 194.419 us, total = 194.419 us
[state-dump] 	Subscriber.HandlePublishedMessage_WORKER_OBJECT_EVICTION - 1 total (0 active), CPU time: mean = 66.553 us, total = 66.553 us
[state-dump] 	JobInfoGcsService.grpc_client.AddJob - 1 total (0 active), CPU time: mean = 23.962 us, total = 23.962 us
[state-dump] 	NodeManagerService.grpc_server.PinObjectIDs - 1 total (0 active), CPU time: mean = 169.418 us, total = 169.418 us
[state-dump] DebugString() time ms: 0
[state-dump] 
[state-dump] 
[2026-01-30 14:28:31,363 I 3413275 3413375] (raylet) store.cc:551: ========== Plasma store: =================
Current usage: 0 / 200 GB
- num bytes created total: 7953630
0 pending objects of total size 0MB
- objects spillable: 0
- bytes spillable: 0
- objects unsealed: 0
- bytes unsealed: 0
- objects in use: 0
- bytes in use: 0
- objects evictable: 0
- bytes evictable: 0

- objects created by worker: 0
- bytes created by worker: 0
- objects restored: 0
- bytes restored: 0
- objects received: 0
- bytes received: 0
- objects errored: 0
- bytes errored: 0

[2026-01-30 14:28:31,396 I 3413275 3413275] (raylet) node_manager.cc:540: [state-dump] Event stats:
[state-dump] 
[state-dump] 
[state-dump] Global stats: 102500 total (27 active)
[state-dump] Queueing time: mean = 7.161 ms, max = 41.724 s, min = -0.000 s, total = 733.983 s
[state-dump] Execution time:  mean = 18.723 us, total = 1.919 s
[state-dump] Event stats:
[state-dump] 	NodeManagerService.grpc_server.ReportWorkerBacklog - 27086 total (0 active), CPU time: mean = 24.474 us, total = 662.891 ms
[state-dump] 	UNKNOWN - 17161 total (3 active), CPU time: mean = 1.870 us, total = 32.086 ms
[state-dump] 	ObjectManager.UpdateAvailableMemory - 15598 total (0 active), CPU time: mean = 469.700 ns, total = 7.326 ms
[state-dump] 	NodeManagerService.grpc_server.RequestResourceReport - 15468 total (0 active), CPU time: mean = 31.713 us, total = 490.531 ms
[state-dump] 	NodeManagerService.grpc_server.UpdateResourceUsage - 15468 total (0 active), CPU time: mean = 29.925 us, total = 462.873 ms
[state-dump] 	RayletWorkerPool.deadline_timer.kill_idle_workers - 7800 total (1 active), CPU time: mean = 4.442 us, total = 34.647 ms
[state-dump] 	NodeManagerService.grpc_server.GetResourceLoad - 1560 total (0 active), CPU time: mean = 29.213 us, total = 45.573 ms
[state-dump] 	NodeManager.deadline_timer.flush_free_objects - 1560 total (1 active), CPU time: mean = 2.492 us, total = 3.887 ms
[state-dump] 	ClientConnection.async_read.ReadBufferAsync - 328 total (18 active), CPU time: mean = 77.030 us, total = 25.266 ms
[state-dump] 	NodeManager.deadline_timer.debug_state_dump - 156 total (1 active), CPU time: mean = 370.786 us, total = 57.843 ms
[state-dump] 	NodeManager.deadline_timer.record_metrics - 104 total (1 active), CPU time: mean = 199.442 us, total = 20.742 ms
[state-dump] 	CoreWorkerService.grpc_client.LocalGC - 36 total (0 active), CPU time: mean = 8.771 us, total = 315.752 us
[state-dump] 	NodeManager.deadline_timer.print_event_loop_stats - 26 total (1 active, 1 running), CPU time: mean = 536.054 us, total = 13.937 ms
[state-dump] 	ObjectManager.ObjectAdded - 19 total (0 active), CPU time: mean = 22.134 us, total = 420.540 us
[state-dump] 	ObjectManager.ObjectDeleted - 19 total (0 active), CPU time: mean = 11.208 us, total = 212.953 us
[state-dump] 	NodeManagerService.grpc_server.GetSystemConfig - 18 total (0 active), CPU time: mean = 34.279 us, total = 617.027 us
[state-dump] 	ClientConnection.async_write.DoAsyncWrites - 18 total (0 active), CPU time: mean = 435.056 ns, total = 7.831 us
[state-dump] 	NodeManagerService.grpc_server.RequestWorkerLease - 17 total (0 active), CPU time: mean = 1.227 ms, total = 20.867 ms
[state-dump] 	CoreWorkerService.grpc_client.DirectActorCallArgWaitComplete - 16 total (0 active), CPU time: mean = 8.380 us, total = 134.072 us
[state-dump] 	PeriodicalRunner.RunFnPeriodically - 8 total (0 active), CPU time: mean = 273.916 us, total = 2.191 ms
[state-dump] 	CoreWorkerService.grpc_client.PubsubCommandBatch - 8 total (0 active), CPU time: mean = 58.221 us, total = 465.766 us
[state-dump] 	CoreWorkerService.grpc_client.PubsubLongPolling - 7 total (0 active), CPU time: mean = 147.979 us, total = 1.036 ms
[state-dump] 	InternalPubSubGcsService.grpc_client.GcsSubscriberPoll - 4 total (1 active), CPU time: mean = 49.181 us, total = 196.722 us
[state-dump] 	InternalPubSubGcsService.grpc_client.GcsSubscriberCommandBatch - 2 total (0 active), CPU time: mean = 59.350 us, total = 118.700 us
[state-dump] 	Subscriber.HandlePublishedMessage_WORKER_OBJECT_LOCATIONS_CHANNEL - 2 total (0 active), CPU time: mean = 24.247 us, total = 48.493 us
[state-dump] 	CoreWorkerService.grpc_client.UpdateObjectLocationBatch - 2 total (0 active), CPU time: mean = 18.242 us, total = 36.484 us
[state-dump] 	NodeInfoGcsService.grpc_client.GetAllNodeInfo - 1 total (0 active), CPU time: mean = 28.066 us, total = 28.066 us
[state-dump] 	Subscriber.HandlePublishedMessage_GCS_JOB_CHANNEL - 1 total (0 active), CPU time: mean = 47.159 us, total = 47.159 us
[state-dump] 	NodeInfoGcsService.grpc_client.GetInternalConfig - 1 total (0 active), CPU time: mean = 33.796 ms, total = 33.796 ms
[state-dump] 	JobInfoGcsService.grpc_client.GetAllJobInfo - 1 total (0 active), CPU time: mean = 343.023 us, total = 343.023 us
[state-dump] 	NodeInfoGcsService.grpc_client.RegisterNode - 1 total (0 active), CPU time: mean = 203.359 us, total = 203.359 us
[state-dump] 	AgentManagerService.grpc_server.RegisterAgent - 1 total (0 active), CPU time: mean = 194.419 us, total = 194.419 us
[state-dump] 	Subscriber.HandlePublishedMessage_WORKER_OBJECT_EVICTION - 1 total (0 active), CPU time: mean = 66.553 us, total = 66.553 us
[state-dump] 	JobInfoGcsService.grpc_client.AddJob - 1 total (0 active), CPU time: mean = 23.962 us, total = 23.962 us
[state-dump] 	NodeManagerService.grpc_server.PinObjectIDs - 1 total (0 active), CPU time: mean = 169.418 us, total = 169.418 us
[state-dump] 
[state-dump] NodeManager:
[state-dump] Node ID: 435ff685d8e66afce15860cd5b4687480235848d386ffa5d5547bd3d
[state-dump] Node name: 10.137.21.59
[state-dump] InitialConfigResources: {memory: 8135216732160000, GPU: 20000, node:10.137.21.59: 10000, CPU: 170000, object_store_memory: 2000000000000000, accelerator_type:H100: 10000}
[state-dump] ClusterTaskManager:
[state-dump] ========== Node: 435ff685d8e66afce15860cd5b4687480235848d386ffa5d5547bd3d =================
[state-dump] Infeasible queue length: 1
[state-dump] Schedule queue length: 0
[state-dump] Dispatch queue length: 0
[state-dump] num_waiting_for_resource: 0
[state-dump] num_waiting_for_plasma_memory: 0
[state-dump] num_waiting_for_remote_node_resources: 0
[state-dump] num_worker_not_started_by_job_config_not_exist: 0
[state-dump] num_worker_not_started_by_registration_timeout: 0
[state-dump] num_tasks_waiting_for_workers: 0
[state-dump] num_cancelled_tasks: 0
[state-dump] cluster_resource_scheduler state: 
[state-dump] Local id: -8058881002343059789 Local resources: {node:10.137.21.59: [10000]/[10000], CPU: [10000]/[170000], object_store_memory: [2000000000000000]/[2000000000000000], memory: [8135216732160000]/[8135216732160000], GPU: [10000, 10000]/[10000, 10000], accelerator_type:H100: [10000]/[10000]}node id: -8058881002343059789{node:10.137.21.59: 10000/10000, CPU: 10000/170000, object_store_memory: 2000000000000000/2000000000000000, memory: 8135216732160000/8135216732160000, GPU: 20000/20000, accelerator_type:H100: 10000/10000}{ "placment group locations": [], "node to bundles": []}
[state-dump] Waiting tasks size: 0
[state-dump] Number of executing tasks: 0
[state-dump] Number of pinned task arguments: 0
[state-dump] Number of total spilled tasks: 0
[state-dump] Number of spilled waiting tasks: 0
[state-dump] Number of spilled unschedulable tasks: 0
[state-dump] Resource usage {
[state-dump]     - (language=PYTHON actor_or_task=RolloutWorker.__init__ pid=3414093): {CPU: 1.000000}
[state-dump]     - (language=PYTHON actor_or_task=RolloutWorker.__init__ pid=3414092): {CPU: 1.000000}
[state-dump]     - (language=PYTHON actor_or_task=RolloutWorker.__init__ pid=3414084): {CPU: 1.000000}
[state-dump]     - (language=PYTHON actor_or_task=RolloutWorker.__init__ pid=3414091): {CPU: 1.000000}
[state-dump]     - (language=PYTHON actor_or_task=RolloutWorker.__init__ pid=3414089): {CPU: 1.000000}
[state-dump]     - (language=PYTHON actor_or_task=RolloutWorker.__init__ pid=3414085): {CPU: 1.000000}
[state-dump]     - (language=PYTHON actor_or_task=RolloutWorker.__init__ pid=3414094): {CPU: 1.000000}
[state-dump]     - (language=PYTHON actor_or_task=RolloutWorker.__init__ pid=3414083): {CPU: 1.000000}
[state-dump]     - (language=PYTHON actor_or_task=RolloutWorker.__init__ pid=3414088): {CPU: 1.000000}
[state-dump]     - (language=PYTHON actor_or_task=RolloutWorker.__init__ pid=3414080): {CPU: 1.000000}
[state-dump]     - (language=PYTHON actor_or_task=RolloutWorker.__init__ pid=3414095): {CPU: 1.000000}
[state-dump]     - (language=PYTHON actor_or_task=RolloutWorker.__init__ pid=3414081): {CPU: 1.000000}
[state-dump]     - (language=PYTHON actor_or_task=RolloutWorker.__init__ pid=3414082): {CPU: 1.000000}
[state-dump]     - (language=PYTHON actor_or_task=RolloutWorker.__init__ pid=3414087): {CPU: 1.000000}
[state-dump]     - (language=PYTHON actor_or_task=RolloutWorker.__init__ pid=3414086): {CPU: 1.000000}
[state-dump]     - (language=PYTHON actor_or_task=RolloutWorker.__init__ pid=3414090): {CPU: 1.000000}
[state-dump] }
[state-dump] Running tasks by scheduling class:
[state-dump] ==================================================
[state-dump] 
[state-dump] ClusterResources:
[state-dump] LocalObjectManager:
[state-dump] - num pinned objects: 0
[state-dump] - pinned objects size: 0
[state-dump] - num objects pending restore: 0
[state-dump] - num objects pending spill: 0
[state-dump] - num bytes pending spill: 0
[state-dump] - num bytes currently spilled: 0
[state-dump] - cumulative spill requests: 0
[state-dump] - cumulative restore requests: 0
[state-dump] - spilled objects pending delete: 0
[state-dump] 
[state-dump] ObjectManager:
[state-dump] - num local objects: 0
[state-dump] - num unfulfilled push requests: 0
[state-dump] - num object pull requests: 0
[state-dump] - num chunks received total: 0
[state-dump] - num chunks received failed (all): 0
[state-dump] - num chunks received failed / cancelled: 0
[state-dump] - num chunks received failed / plasma error: 0
[state-dump] Event stats:
[state-dump] Global stats: 1 total (0 active)
[state-dump] Queueing time: mean = 25.771 us, max = 25.771 us, min = 25.771 us, total = 25.771 us
[state-dump] Execution time:  mean = 5.425 us, total = 5.425 us
[state-dump] Event stats:
[state-dump] 	ObjectManager.FreeObjects - 1 total (0 active), CPU time: mean = 5.425 us, total = 5.425 us
[state-dump] PushManager:
[state-dump] - num pushes in flight: 0
[state-dump] - num chunks in flight: 0
[state-dump] - num chunks remaining: 0
[state-dump] - max chunks allowed: 409
[state-dump] OwnershipBasedObjectDirectory:
[state-dump] - num listeners: 0
[state-dump] - cumulative location updates: 2
[state-dump] - num location updates per second: 0.000
[state-dump] - num location lookups per second: 0.000
[state-dump] - num locations added per second: 0.000
[state-dump] - num locations removed per second: 0.000
[state-dump] BufferPool:
[state-dump] - create buffer state map size: 0
[state-dump] PullManager:
[state-dump] - num bytes available for pulled objects: 200000000000
[state-dump] - num bytes being pulled (all): 0
[state-dump] - num bytes being pulled / pinned: 0
[state-dump] - get request bundles: BundlePullRequestQueue{0 total, 0 active, 0 inactive, 0 unpullable}
[state-dump] - wait request bundles: BundlePullRequestQueue{0 total, 0 active, 0 inactive, 0 unpullable}
[state-dump] - task request bundles: BundlePullRequestQueue{0 total, 0 active, 0 inactive, 0 unpullable}
[state-dump] - first get request bundle: N/A
[state-dump] - first wait request bundle: N/A
[state-dump] - first task request bundle: N/A
[state-dump] - num objects queued: 0
[state-dump] - num objects actively pulled (all): 0
[state-dump] - num objects actively pulled / pinned: 0
[state-dump] - num bundles being pulled: 0
[state-dump] - num pull retries: 0
[state-dump] - max timeout seconds: 0
[state-dump] - max timeout request is already processed. No entry.
[state-dump] 
[state-dump] WorkerPool:
[state-dump] - registered jobs: 1
[state-dump] - process_failed_job_config_missing: 0
[state-dump] - process_failed_rate_limited: 0
[state-dump] - process_failed_pending_registration: 0
[state-dump] - process_failed_runtime_env_setup_failed: 0
[state-dump] - num JAVA workers: 0
[state-dump] - num JAVA drivers: 0
[state-dump] - num object spill callbacks queued: 0
[state-dump] - num object restore queued: 0
[state-dump] - num util functions queued: 0
[state-dump] - num PYTHON workers: 17
[state-dump] - num PYTHON drivers: 1
[state-dump] - num object spill callbacks queued: 0
[state-dump] - num object restore queued: 0
[state-dump] - num util functions queued: 0
[state-dump] - num idle workers: 1
[state-dump] TaskDependencyManager:
[state-dump] - task deps map size: 0
[state-dump] - get req map size: 0
[state-dump] - wait req map size: 0
[state-dump] - local objects map size: 0
[state-dump] WaitManager:
[state-dump] - num active wait requests: 0
[state-dump] Subscriber:
[state-dump] Channel WORKER_REF_REMOVED_CHANNEL
[state-dump] - cumulative subscribe requests: 0
[state-dump] - cumulative unsubscribe requests: 0
[state-dump] - active subscribed publishers: 0
[state-dump] - cumulative published messages: 0
[state-dump] - cumulative processed messages: 0
[state-dump] Channel WORKER_OBJECT_EVICTION
[state-dump] - cumulative subscribe requests: 1
[state-dump] - cumulative unsubscribe requests: 1
[state-dump] - active subscribed publishers: 0
[state-dump] - cumulative published messages: 1
[state-dump] - cumulative processed messages: 1
[state-dump] Channel WORKER_OBJECT_LOCATIONS_CHANNEL
[state-dump] - cumulative subscribe requests: 5
[state-dump] - cumulative unsubscribe requests: 5
[state-dump] - active subscribed publishers: 0
[state-dump] - cumulative published messages: 2
[state-dump] - cumulative processed messages: 2
[state-dump] num async plasma notifications: 0
[state-dump] Remote node managers: 
[state-dump] Event stats:
[state-dump] Global stats: 102500 total (27 active)
[state-dump] Queueing time: mean = 7.161 ms, max = 41.724 s, min = -0.000 s, total = 733.983 s
[state-dump] Execution time:  mean = 18.723 us, total = 1.919 s
[state-dump] Event stats:
[state-dump] 	NodeManagerService.grpc_server.ReportWorkerBacklog - 27086 total (0 active), CPU time: mean = 24.474 us, total = 662.891 ms
[state-dump] 	UNKNOWN - 17161 total (3 active), CPU time: mean = 1.870 us, total = 32.086 ms
[state-dump] 	ObjectManager.UpdateAvailableMemory - 15598 total (0 active), CPU time: mean = 469.700 ns, total = 7.326 ms
[state-dump] 	NodeManagerService.grpc_server.RequestResourceReport - 15468 total (0 active), CPU time: mean = 31.713 us, total = 490.531 ms
[state-dump] 	NodeManagerService.grpc_server.UpdateResourceUsage - 15468 total (0 active), CPU time: mean = 29.925 us, total = 462.873 ms
[state-dump] 	RayletWorkerPool.deadline_timer.kill_idle_workers - 7800 total (1 active), CPU time: mean = 4.442 us, total = 34.647 ms
[state-dump] 	NodeManagerService.grpc_server.GetResourceLoad - 1560 total (0 active), CPU time: mean = 29.213 us, total = 45.573 ms
[state-dump] 	NodeManager.deadline_timer.flush_free_objects - 1560 total (1 active), CPU time: mean = 2.492 us, total = 3.887 ms
[state-dump] 	ClientConnection.async_read.ReadBufferAsync - 328 total (18 active), CPU time: mean = 77.030 us, total = 25.266 ms
[state-dump] 	NodeManager.deadline_timer.debug_state_dump - 156 total (1 active), CPU time: mean = 370.786 us, total = 57.843 ms
[state-dump] 	NodeManager.deadline_timer.record_metrics - 104 total (1 active), CPU time: mean = 199.442 us, total = 20.742 ms
[state-dump] 	CoreWorkerService.grpc_client.LocalGC - 36 total (0 active), CPU time: mean = 8.771 us, total = 315.752 us
[state-dump] 	NodeManager.deadline_timer.print_event_loop_stats - 26 total (1 active, 1 running), CPU time: mean = 536.054 us, total = 13.937 ms
[state-dump] 	ObjectManager.ObjectAdded - 19 total (0 active), CPU time: mean = 22.134 us, total = 420.540 us
[state-dump] 	ObjectManager.ObjectDeleted - 19 total (0 active), CPU time: mean = 11.208 us, total = 212.953 us
[state-dump] 	NodeManagerService.grpc_server.GetSystemConfig - 18 total (0 active), CPU time: mean = 34.279 us, total = 617.027 us
[state-dump] 	ClientConnection.async_write.DoAsyncWrites - 18 total (0 active), CPU time: mean = 435.056 ns, total = 7.831 us
[state-dump] 	NodeManagerService.grpc_server.RequestWorkerLease - 17 total (0 active), CPU time: mean = 1.227 ms, total = 20.867 ms
[state-dump] 	CoreWorkerService.grpc_client.DirectActorCallArgWaitComplete - 16 total (0 active), CPU time: mean = 8.380 us, total = 134.072 us
[state-dump] 	PeriodicalRunner.RunFnPeriodically - 8 total (0 active), CPU time: mean = 273.916 us, total = 2.191 ms
[state-dump] 	CoreWorkerService.grpc_client.PubsubCommandBatch - 8 total (0 active), CPU time: mean = 58.221 us, total = 465.766 us
[state-dump] 	CoreWorkerService.grpc_client.PubsubLongPolling - 7 total (0 active), CPU time: mean = 147.979 us, total = 1.036 ms
[state-dump] 	InternalPubSubGcsService.grpc_client.GcsSubscriberPoll - 4 total (1 active), CPU time: mean = 49.181 us, total = 196.722 us
[state-dump] 	InternalPubSubGcsService.grpc_client.GcsSubscriberCommandBatch - 2 total (0 active), CPU time: mean = 59.350 us, total = 118.700 us
[state-dump] 	Subscriber.HandlePublishedMessage_WORKER_OBJECT_LOCATIONS_CHANNEL - 2 total (0 active), CPU time: mean = 24.247 us, total = 48.493 us
[state-dump] 	CoreWorkerService.grpc_client.UpdateObjectLocationBatch - 2 total (0 active), CPU time: mean = 18.242 us, total = 36.484 us
[state-dump] 	NodeInfoGcsService.grpc_client.GetAllNodeInfo - 1 total (0 active), CPU time: mean = 28.066 us, total = 28.066 us
[state-dump] 	Subscriber.HandlePublishedMessage_GCS_JOB_CHANNEL - 1 total (0 active), CPU time: mean = 47.159 us, total = 47.159 us
[state-dump] 	NodeInfoGcsService.grpc_client.GetInternalConfig - 1 total (0 active), CPU time: mean = 33.796 ms, total = 33.796 ms
[state-dump] 	JobInfoGcsService.grpc_client.GetAllJobInfo - 1 total (0 active), CPU time: mean = 343.023 us, total = 343.023 us
[state-dump] 	NodeInfoGcsService.grpc_client.RegisterNode - 1 total (0 active), CPU time: mean = 203.359 us, total = 203.359 us
[state-dump] 	AgentManagerService.grpc_server.RegisterAgent - 1 total (0 active), CPU time: mean = 194.419 us, total = 194.419 us
[state-dump] 	Subscriber.HandlePublishedMessage_WORKER_OBJECT_EVICTION - 1 total (0 active), CPU time: mean = 66.553 us, total = 66.553 us
[state-dump] 	JobInfoGcsService.grpc_client.AddJob - 1 total (0 active), CPU time: mean = 23.962 us, total = 23.962 us
[state-dump] 	NodeManagerService.grpc_server.PinObjectIDs - 1 total (0 active), CPU time: mean = 169.418 us, total = 169.418 us
[state-dump] DebugString() time ms: 0
[state-dump] 
[state-dump] 
[2026-01-30 14:29:31,364 I 3413275 3413375] (raylet) store.cc:551: ========== Plasma store: =================
Current usage: 0 / 200 GB
- num bytes created total: 7953630
0 pending objects of total size 0MB
- objects spillable: 0
- bytes spillable: 0
- objects unsealed: 0
- bytes unsealed: 0
- objects in use: 0
- bytes in use: 0
- objects evictable: 0
- bytes evictable: 0

- objects created by worker: 0
- bytes created by worker: 0
- objects restored: 0
- bytes restored: 0
- objects received: 0
- bytes received: 0
- objects errored: 0
- bytes errored: 0

[2026-01-30 14:29:31,396 I 3413275 3413275] (raylet) node_manager.cc:540: [state-dump] Event stats:
[state-dump] 
[state-dump] 
[state-dump] Global stats: 106460 total (27 active)
[state-dump] Queueing time: mean = 6.895 ms, max = 41.724 s, min = -0.000 s, total = 734.025 s
[state-dump] Execution time:  mean = 18.652 us, total = 1.986 s
[state-dump] Event stats:
[state-dump] 	NodeManagerService.grpc_server.ReportWorkerBacklog - 28166 total (0 active), CPU time: mean = 24.423 us, total = 687.898 ms
[state-dump] 	UNKNOWN - 17821 total (3 active), CPU time: mean = 1.870 us, total = 33.323 ms
[state-dump] 	ObjectManager.UpdateAvailableMemory - 16198 total (0 active), CPU time: mean = 466.690 ns, total = 7.559 ms
[state-dump] 	NodeManagerService.grpc_server.RequestResourceReport - 16063 total (0 active), CPU time: mean = 31.650 us, total = 508.394 ms
[state-dump] 	NodeManagerService.grpc_server.UpdateResourceUsage - 16062 total (0 active), CPU time: mean = 29.803 us, total = 478.688 ms
[state-dump] 	RayletWorkerPool.deadline_timer.kill_idle_workers - 8100 total (1 active), CPU time: mean = 4.407 us, total = 35.694 ms
[state-dump] 	NodeManagerService.grpc_server.GetResourceLoad - 1620 total (0 active), CPU time: mean = 29.112 us, total = 47.162 ms
[state-dump] 	NodeManager.deadline_timer.flush_free_objects - 1620 total (1 active), CPU time: mean = 2.518 us, total = 4.079 ms
[state-dump] 	ClientConnection.async_read.ReadBufferAsync - 328 total (18 active), CPU time: mean = 77.030 us, total = 25.266 ms
[state-dump] 	NodeManager.deadline_timer.debug_state_dump - 162 total (1 active), CPU time: mean = 371.158 us, total = 60.128 ms
[state-dump] 	NodeManager.deadline_timer.record_metrics - 108 total (1 active), CPU time: mean = 199.123 us, total = 21.505 ms
[state-dump] 	CoreWorkerService.grpc_client.LocalGC - 36 total (0 active), CPU time: mean = 8.771 us, total = 315.752 us
[state-dump] 	NodeManager.deadline_timer.print_event_loop_stats - 27 total (1 active, 1 running), CPU time: mean = 537.129 us, total = 14.502 ms
[state-dump] 	ObjectManager.ObjectAdded - 19 total (0 active), CPU time: mean = 22.134 us, total = 420.540 us
[state-dump] 	ObjectManager.ObjectDeleted - 19 total (0 active), CPU time: mean = 11.208 us, total = 212.953 us
[state-dump] 	NodeManagerService.grpc_server.GetSystemConfig - 18 total (0 active), CPU time: mean = 34.279 us, total = 617.027 us
[state-dump] 	ClientConnection.async_write.DoAsyncWrites - 18 total (0 active), CPU time: mean = 435.056 ns, total = 7.831 us
[state-dump] 	NodeManagerService.grpc_server.RequestWorkerLease - 17 total (0 active), CPU time: mean = 1.227 ms, total = 20.867 ms
[state-dump] 	CoreWorkerService.grpc_client.DirectActorCallArgWaitComplete - 16 total (0 active), CPU time: mean = 8.380 us, total = 134.072 us
[state-dump] 	PeriodicalRunner.RunFnPeriodically - 8 total (0 active), CPU time: mean = 273.916 us, total = 2.191 ms
[state-dump] 	CoreWorkerService.grpc_client.PubsubCommandBatch - 8 total (0 active), CPU time: mean = 58.221 us, total = 465.766 us
[state-dump] 	CoreWorkerService.grpc_client.PubsubLongPolling - 7 total (0 active), CPU time: mean = 147.979 us, total = 1.036 ms
[state-dump] 	InternalPubSubGcsService.grpc_client.GcsSubscriberPoll - 4 total (1 active), CPU time: mean = 49.181 us, total = 196.722 us
[state-dump] 	InternalPubSubGcsService.grpc_client.GcsSubscriberCommandBatch - 2 total (0 active), CPU time: mean = 59.350 us, total = 118.700 us
[state-dump] 	Subscriber.HandlePublishedMessage_WORKER_OBJECT_LOCATIONS_CHANNEL - 2 total (0 active), CPU time: mean = 24.247 us, total = 48.493 us
[state-dump] 	CoreWorkerService.grpc_client.UpdateObjectLocationBatch - 2 total (0 active), CPU time: mean = 18.242 us, total = 36.484 us
[state-dump] 	NodeInfoGcsService.grpc_client.GetAllNodeInfo - 1 total (0 active), CPU time: mean = 28.066 us, total = 28.066 us
[state-dump] 	Subscriber.HandlePublishedMessage_GCS_JOB_CHANNEL - 1 total (0 active), CPU time: mean = 47.159 us, total = 47.159 us
[state-dump] 	NodeInfoGcsService.grpc_client.GetInternalConfig - 1 total (0 active), CPU time: mean = 33.796 ms, total = 33.796 ms
[state-dump] 	JobInfoGcsService.grpc_client.GetAllJobInfo - 1 total (0 active), CPU time: mean = 343.023 us, total = 343.023 us
[state-dump] 	NodeInfoGcsService.grpc_client.RegisterNode - 1 total (0 active), CPU time: mean = 203.359 us, total = 203.359 us
[state-dump] 	AgentManagerService.grpc_server.RegisterAgent - 1 total (0 active), CPU time: mean = 194.419 us, total = 194.419 us
[state-dump] 	Subscriber.HandlePublishedMessage_WORKER_OBJECT_EVICTION - 1 total (0 active), CPU time: mean = 66.553 us, total = 66.553 us
[state-dump] 	JobInfoGcsService.grpc_client.AddJob - 1 total (0 active), CPU time: mean = 23.962 us, total = 23.962 us
[state-dump] 	NodeManagerService.grpc_server.PinObjectIDs - 1 total (0 active), CPU time: mean = 169.418 us, total = 169.418 us
[state-dump] 
[state-dump] NodeManager:
[state-dump] Node ID: 435ff685d8e66afce15860cd5b4687480235848d386ffa5d5547bd3d
[state-dump] Node name: 10.137.21.59
[state-dump] InitialConfigResources: {memory: 8135216732160000, GPU: 20000, node:10.137.21.59: 10000, CPU: 170000, object_store_memory: 2000000000000000, accelerator_type:H100: 10000}
[state-dump] ClusterTaskManager:
[state-dump] ========== Node: 435ff685d8e66afce15860cd5b4687480235848d386ffa5d5547bd3d =================
[state-dump] Infeasible queue length: 1
[state-dump] Schedule queue length: 0
[state-dump] Dispatch queue length: 0
[state-dump] num_waiting_for_resource: 0
[state-dump] num_waiting_for_plasma_memory: 0
[state-dump] num_waiting_for_remote_node_resources: 0
[state-dump] num_worker_not_started_by_job_config_not_exist: 0
[state-dump] num_worker_not_started_by_registration_timeout: 0
[state-dump] num_tasks_waiting_for_workers: 0
[state-dump] num_cancelled_tasks: 0
[state-dump] cluster_resource_scheduler state: 
[state-dump] Local id: -8058881002343059789 Local resources: {node:10.137.21.59: [10000]/[10000], CPU: [10000]/[170000], object_store_memory: [2000000000000000]/[2000000000000000], memory: [8135216732160000]/[8135216732160000], GPU: [10000, 10000]/[10000, 10000], accelerator_type:H100: [10000]/[10000]}node id: -8058881002343059789{node:10.137.21.59: 10000/10000, CPU: 10000/170000, object_store_memory: 2000000000000000/2000000000000000, memory: 8135216732160000/8135216732160000, GPU: 20000/20000, accelerator_type:H100: 10000/10000}{ "placment group locations": [], "node to bundles": []}
[state-dump] Waiting tasks size: 0
[state-dump] Number of executing tasks: 0
[state-dump] Number of pinned task arguments: 0
[state-dump] Number of total spilled tasks: 0
[state-dump] Number of spilled waiting tasks: 0
[state-dump] Number of spilled unschedulable tasks: 0
[state-dump] Resource usage {
[state-dump]     - (language=PYTHON actor_or_task=RolloutWorker.__init__ pid=3414093): {CPU: 1.000000}
[state-dump]     - (language=PYTHON actor_or_task=RolloutWorker.__init__ pid=3414092): {CPU: 1.000000}
[state-dump]     - (language=PYTHON actor_or_task=RolloutWorker.__init__ pid=3414084): {CPU: 1.000000}
[state-dump]     - (language=PYTHON actor_or_task=RolloutWorker.__init__ pid=3414091): {CPU: 1.000000}
[state-dump]     - (language=PYTHON actor_or_task=RolloutWorker.__init__ pid=3414089): {CPU: 1.000000}
[state-dump]     - (language=PYTHON actor_or_task=RolloutWorker.__init__ pid=3414085): {CPU: 1.000000}
[state-dump]     - (language=PYTHON actor_or_task=RolloutWorker.__init__ pid=3414094): {CPU: 1.000000}
[state-dump]     - (language=PYTHON actor_or_task=RolloutWorker.__init__ pid=3414083): {CPU: 1.000000}
[state-dump]     - (language=PYTHON actor_or_task=RolloutWorker.__init__ pid=3414088): {CPU: 1.000000}
[state-dump]     - (language=PYTHON actor_or_task=RolloutWorker.__init__ pid=3414080): {CPU: 1.000000}
[state-dump]     - (language=PYTHON actor_or_task=RolloutWorker.__init__ pid=3414095): {CPU: 1.000000}
[state-dump]     - (language=PYTHON actor_or_task=RolloutWorker.__init__ pid=3414081): {CPU: 1.000000}
[state-dump]     - (language=PYTHON actor_or_task=RolloutWorker.__init__ pid=3414082): {CPU: 1.000000}
[state-dump]     - (language=PYTHON actor_or_task=RolloutWorker.__init__ pid=3414087): {CPU: 1.000000}
[state-dump]     - (language=PYTHON actor_or_task=RolloutWorker.__init__ pid=3414086): {CPU: 1.000000}
[state-dump]     - (language=PYTHON actor_or_task=RolloutWorker.__init__ pid=3414090): {CPU: 1.000000}
[state-dump] }
[state-dump] Running tasks by scheduling class:
[state-dump] ==================================================
[state-dump] 
[state-dump] ClusterResources:
[state-dump] LocalObjectManager:
[state-dump] - num pinned objects: 0
[state-dump] - pinned objects size: 0
[state-dump] - num objects pending restore: 0
[state-dump] - num objects pending spill: 0
[state-dump] - num bytes pending spill: 0
[state-dump] - num bytes currently spilled: 0
[state-dump] - cumulative spill requests: 0
[state-dump] - cumulative restore requests: 0
[state-dump] - spilled objects pending delete: 0
[state-dump] 
[state-dump] ObjectManager:
[state-dump] - num local objects: 0
[state-dump] - num unfulfilled push requests: 0
[state-dump] - num object pull requests: 0
[state-dump] - num chunks received total: 0
[state-dump] - num chunks received failed (all): 0
[state-dump] - num chunks received failed / cancelled: 0
[state-dump] - num chunks received failed / plasma error: 0
[state-dump] Event stats:
[state-dump] Global stats: 1 total (0 active)
[state-dump] Queueing time: mean = 25.771 us, max = 25.771 us, min = 25.771 us, total = 25.771 us
[state-dump] Execution time:  mean = 5.425 us, total = 5.425 us
[state-dump] Event stats:
[state-dump] 	ObjectManager.FreeObjects - 1 total (0 active), CPU time: mean = 5.425 us, total = 5.425 us
[state-dump] PushManager:
[state-dump] - num pushes in flight: 0
[state-dump] - num chunks in flight: 0
[state-dump] - num chunks remaining: 0
[state-dump] - max chunks allowed: 409
[state-dump] OwnershipBasedObjectDirectory:
[state-dump] - num listeners: 0
[state-dump] - cumulative location updates: 2
[state-dump] - num location updates per second: 0.000
[state-dump] - num location lookups per second: 0.000
[state-dump] - num locations added per second: 0.000
[state-dump] - num locations removed per second: 0.000
[state-dump] BufferPool:
[state-dump] - create buffer state map size: 0
[state-dump] PullManager:
[state-dump] - num bytes available for pulled objects: 200000000000
[state-dump] - num bytes being pulled (all): 0
[state-dump] - num bytes being pulled / pinned: 0
[state-dump] - get request bundles: BundlePullRequestQueue{0 total, 0 active, 0 inactive, 0 unpullable}
[state-dump] - wait request bundles: BundlePullRequestQueue{0 total, 0 active, 0 inactive, 0 unpullable}
[state-dump] - task request bundles: BundlePullRequestQueue{0 total, 0 active, 0 inactive, 0 unpullable}
[state-dump] - first get request bundle: N/A
[state-dump] - first wait request bundle: N/A
[state-dump] - first task request bundle: N/A
[state-dump] - num objects queued: 0
[state-dump] - num objects actively pulled (all): 0
[state-dump] - num objects actively pulled / pinned: 0
[state-dump] - num bundles being pulled: 0
[state-dump] - num pull retries: 0
[state-dump] - max timeout seconds: 0
[state-dump] - max timeout request is already processed. No entry.
[state-dump] 
[state-dump] WorkerPool:
[state-dump] - registered jobs: 1
[state-dump] - process_failed_job_config_missing: 0
[state-dump] - process_failed_rate_limited: 0
[state-dump] - process_failed_pending_registration: 0
[state-dump] - process_failed_runtime_env_setup_failed: 0
[state-dump] - num JAVA workers: 0
[state-dump] - num JAVA drivers: 0
[state-dump] - num object spill callbacks queued: 0
[state-dump] - num object restore queued: 0
[state-dump] - num util functions queued: 0
[state-dump] - num PYTHON workers: 17
[state-dump] - num PYTHON drivers: 1
[state-dump] - num object spill callbacks queued: 0
[state-dump] - num object restore queued: 0
[state-dump] - num util functions queued: 0
[state-dump] - num idle workers: 1
[state-dump] TaskDependencyManager:
[state-dump] - task deps map size: 0
[state-dump] - get req map size: 0
[state-dump] - wait req map size: 0
[state-dump] - local objects map size: 0
[state-dump] WaitManager:
[state-dump] - num active wait requests: 0
[state-dump] Subscriber:
[state-dump] Channel WORKER_REF_REMOVED_CHANNEL
[state-dump] - cumulative subscribe requests: 0
[state-dump] - cumulative unsubscribe requests: 0
[state-dump] - active subscribed publishers: 0
[state-dump] - cumulative published messages: 0
[state-dump] - cumulative processed messages: 0
[state-dump] Channel WORKER_OBJECT_EVICTION
[state-dump] - cumulative subscribe requests: 1
[state-dump] - cumulative unsubscribe requests: 1
[state-dump] - active subscribed publishers: 0
[state-dump] - cumulative published messages: 1
[state-dump] - cumulative processed messages: 1
[state-dump] Channel WORKER_OBJECT_LOCATIONS_CHANNEL
[state-dump] - cumulative subscribe requests: 5
[state-dump] - cumulative unsubscribe requests: 5
[state-dump] - active subscribed publishers: 0
[state-dump] - cumulative published messages: 2
[state-dump] - cumulative processed messages: 2
[state-dump] num async plasma notifications: 0
[state-dump] Remote node managers: 
[state-dump] Event stats:
[state-dump] Global stats: 106460 total (27 active)
[state-dump] Queueing time: mean = 6.895 ms, max = 41.724 s, min = -0.000 s, total = 734.025 s
[state-dump] Execution time:  mean = 18.652 us, total = 1.986 s
[state-dump] Event stats:
[state-dump] 	NodeManagerService.grpc_server.ReportWorkerBacklog - 28166 total (0 active), CPU time: mean = 24.423 us, total = 687.898 ms
[state-dump] 	UNKNOWN - 17821 total (3 active), CPU time: mean = 1.870 us, total = 33.323 ms
[state-dump] 	ObjectManager.UpdateAvailableMemory - 16198 total (0 active), CPU time: mean = 466.690 ns, total = 7.559 ms
[state-dump] 	NodeManagerService.grpc_server.RequestResourceReport - 16063 total (0 active), CPU time: mean = 31.650 us, total = 508.394 ms
[state-dump] 	NodeManagerService.grpc_server.UpdateResourceUsage - 16062 total (0 active), CPU time: mean = 29.803 us, total = 478.688 ms
[state-dump] 	RayletWorkerPool.deadline_timer.kill_idle_workers - 8100 total (1 active), CPU time: mean = 4.407 us, total = 35.694 ms
[state-dump] 	NodeManagerService.grpc_server.GetResourceLoad - 1620 total (0 active), CPU time: mean = 29.112 us, total = 47.162 ms
[state-dump] 	NodeManager.deadline_timer.flush_free_objects - 1620 total (1 active), CPU time: mean = 2.518 us, total = 4.079 ms
[state-dump] 	ClientConnection.async_read.ReadBufferAsync - 328 total (18 active), CPU time: mean = 77.030 us, total = 25.266 ms
[state-dump] 	NodeManager.deadline_timer.debug_state_dump - 162 total (1 active), CPU time: mean = 371.158 us, total = 60.128 ms
[state-dump] 	NodeManager.deadline_timer.record_metrics - 108 total (1 active), CPU time: mean = 199.123 us, total = 21.505 ms
[state-dump] 	CoreWorkerService.grpc_client.LocalGC - 36 total (0 active), CPU time: mean = 8.771 us, total = 315.752 us
[state-dump] 	NodeManager.deadline_timer.print_event_loop_stats - 27 total (1 active, 1 running), CPU time: mean = 537.129 us, total = 14.502 ms
[state-dump] 	ObjectManager.ObjectAdded - 19 total (0 active), CPU time: mean = 22.134 us, total = 420.540 us
[state-dump] 	ObjectManager.ObjectDeleted - 19 total (0 active), CPU time: mean = 11.208 us, total = 212.953 us
[state-dump] 	NodeManagerService.grpc_server.GetSystemConfig - 18 total (0 active), CPU time: mean = 34.279 us, total = 617.027 us
[state-dump] 	ClientConnection.async_write.DoAsyncWrites - 18 total (0 active), CPU time: mean = 435.056 ns, total = 7.831 us
[state-dump] 	NodeManagerService.grpc_server.RequestWorkerLease - 17 total (0 active), CPU time: mean = 1.227 ms, total = 20.867 ms
[state-dump] 	CoreWorkerService.grpc_client.DirectActorCallArgWaitComplete - 16 total (0 active), CPU time: mean = 8.380 us, total = 134.072 us
[state-dump] 	PeriodicalRunner.RunFnPeriodically - 8 total (0 active), CPU time: mean = 273.916 us, total = 2.191 ms
[state-dump] 	CoreWorkerService.grpc_client.PubsubCommandBatch - 8 total (0 active), CPU time: mean = 58.221 us, total = 465.766 us
[state-dump] 	CoreWorkerService.grpc_client.PubsubLongPolling - 7 total (0 active), CPU time: mean = 147.979 us, total = 1.036 ms
[state-dump] 	InternalPubSubGcsService.grpc_client.GcsSubscriberPoll - 4 total (1 active), CPU time: mean = 49.181 us, total = 196.722 us
[state-dump] 	InternalPubSubGcsService.grpc_client.GcsSubscriberCommandBatch - 2 total (0 active), CPU time: mean = 59.350 us, total = 118.700 us
[state-dump] 	Subscriber.HandlePublishedMessage_WORKER_OBJECT_LOCATIONS_CHANNEL - 2 total (0 active), CPU time: mean = 24.247 us, total = 48.493 us
[state-dump] 	CoreWorkerService.grpc_client.UpdateObjectLocationBatch - 2 total (0 active), CPU time: mean = 18.242 us, total = 36.484 us
[state-dump] 	NodeInfoGcsService.grpc_client.GetAllNodeInfo - 1 total (0 active), CPU time: mean = 28.066 us, total = 28.066 us
[state-dump] 	Subscriber.HandlePublishedMessage_GCS_JOB_CHANNEL - 1 total (0 active), CPU time: mean = 47.159 us, total = 47.159 us
[state-dump] 	NodeInfoGcsService.grpc_client.GetInternalConfig - 1 total (0 active), CPU time: mean = 33.796 ms, total = 33.796 ms
[state-dump] 	JobInfoGcsService.grpc_client.GetAllJobInfo - 1 total (0 active), CPU time: mean = 343.023 us, total = 343.023 us
[state-dump] 	NodeInfoGcsService.grpc_client.RegisterNode - 1 total (0 active), CPU time: mean = 203.359 us, total = 203.359 us
[state-dump] 	AgentManagerService.grpc_server.RegisterAgent - 1 total (0 active), CPU time: mean = 194.419 us, total = 194.419 us
[state-dump] 	Subscriber.HandlePublishedMessage_WORKER_OBJECT_EVICTION - 1 total (0 active), CPU time: mean = 66.553 us, total = 66.553 us
[state-dump] 	JobInfoGcsService.grpc_client.AddJob - 1 total (0 active), CPU time: mean = 23.962 us, total = 23.962 us
[state-dump] 	NodeManagerService.grpc_server.PinObjectIDs - 1 total (0 active), CPU time: mean = 169.418 us, total = 169.418 us
[state-dump] DebugString() time ms: 0
[state-dump] 
[state-dump] 
[2026-01-30 14:30:31,364 I 3413275 3413375] (raylet) store.cc:551: ========== Plasma store: =================
Current usage: 0 / 200 GB
- num bytes created total: 7953630
0 pending objects of total size 0MB
- objects spillable: 0
- bytes spillable: 0
- objects unsealed: 0
- bytes unsealed: 0
- objects in use: 0
- bytes in use: 0
- objects evictable: 0
- bytes evictable: 0

- objects created by worker: 0
- bytes created by worker: 0
- objects restored: 0
- bytes restored: 0
- objects received: 0
- bytes received: 0
- objects errored: 0
- bytes errored: 0

[2026-01-30 14:30:31,397 I 3413275 3413275] (raylet) node_manager.cc:540: [state-dump] Event stats:
[state-dump] 
[state-dump] 
[state-dump] Global stats: 110419 total (27 active)
[state-dump] Queueing time: mean = 6.648 ms, max = 41.724 s, min = -0.000 s, total = 734.068 s
[state-dump] Execution time:  mean = 18.595 us, total = 2.053 s
[state-dump] Event stats:
[state-dump] 	NodeManagerService.grpc_server.ReportWorkerBacklog - 29246 total (0 active), CPU time: mean = 24.391 us, total = 713.331 ms
[state-dump] 	UNKNOWN - 18481 total (3 active), CPU time: mean = 1.871 us, total = 34.578 ms
[state-dump] 	ObjectManager.UpdateAvailableMemory - 16798 total (0 active), CPU time: mean = 463.988 ns, total = 7.794 ms
[state-dump] 	NodeManagerService.grpc_server.RequestResourceReport - 16657 total (0 active), CPU time: mean = 31.594 us, total = 526.261 ms
[state-dump] 	NodeManagerService.grpc_server.UpdateResourceUsage - 16656 total (0 active), CPU time: mean = 29.704 us, total = 494.751 ms
[state-dump] 	RayletWorkerPool.deadline_timer.kill_idle_workers - 8400 total (1 active), CPU time: mean = 4.398 us, total = 36.939 ms
[state-dump] 	NodeManagerService.grpc_server.GetResourceLoad - 1680 total (0 active), CPU time: mean = 29.025 us, total = 48.761 ms
[state-dump] 	NodeManager.deadline_timer.flush_free_objects - 1680 total (1 active), CPU time: mean = 2.512 us, total = 4.220 ms
[state-dump] 	ClientConnection.async_read.ReadBufferAsync - 328 total (18 active), CPU time: mean = 77.030 us, total = 25.266 ms
[state-dump] 	NodeManager.deadline_timer.debug_state_dump - 168 total (1 active), CPU time: mean = 372.205 us, total = 62.530 ms
[state-dump] 	NodeManager.deadline_timer.record_metrics - 112 total (1 active), CPU time: mean = 198.799 us, total = 22.266 ms
[state-dump] 	CoreWorkerService.grpc_client.LocalGC - 36 total (0 active), CPU time: mean = 8.771 us, total = 315.752 us
[state-dump] 	NodeManager.deadline_timer.print_event_loop_stats - 28 total (1 active, 1 running), CPU time: mean = 537.088 us, total = 15.038 ms
[state-dump] 	ObjectManager.ObjectAdded - 19 total (0 active), CPU time: mean = 22.134 us, total = 420.540 us
[state-dump] 	ObjectManager.ObjectDeleted - 19 total (0 active), CPU time: mean = 11.208 us, total = 212.953 us
[state-dump] 	NodeManagerService.grpc_server.GetSystemConfig - 18 total (0 active), CPU time: mean = 34.279 us, total = 617.027 us
[state-dump] 	ClientConnection.async_write.DoAsyncWrites - 18 total (0 active), CPU time: mean = 435.056 ns, total = 7.831 us
[state-dump] 	NodeManagerService.grpc_server.RequestWorkerLease - 17 total (0 active), CPU time: mean = 1.227 ms, total = 20.867 ms
[state-dump] 	CoreWorkerService.grpc_client.DirectActorCallArgWaitComplete - 16 total (0 active), CPU time: mean = 8.380 us, total = 134.072 us
[state-dump] 	PeriodicalRunner.RunFnPeriodically - 8 total (0 active), CPU time: mean = 273.916 us, total = 2.191 ms
[state-dump] 	CoreWorkerService.grpc_client.PubsubCommandBatch - 8 total (0 active), CPU time: mean = 58.221 us, total = 465.766 us
[state-dump] 	CoreWorkerService.grpc_client.PubsubLongPolling - 7 total (0 active), CPU time: mean = 147.979 us, total = 1.036 ms
[state-dump] 	InternalPubSubGcsService.grpc_client.GcsSubscriberPoll - 4 total (1 active), CPU time: mean = 49.181 us, total = 196.722 us
[state-dump] 	InternalPubSubGcsService.grpc_client.GcsSubscriberCommandBatch - 2 total (0 active), CPU time: mean = 59.350 us, total = 118.700 us
[state-dump] 	Subscriber.HandlePublishedMessage_WORKER_OBJECT_LOCATIONS_CHANNEL - 2 total (0 active), CPU time: mean = 24.247 us, total = 48.493 us
[state-dump] 	CoreWorkerService.grpc_client.UpdateObjectLocationBatch - 2 total (0 active), CPU time: mean = 18.242 us, total = 36.484 us
[state-dump] 	NodeInfoGcsService.grpc_client.GetAllNodeInfo - 1 total (0 active), CPU time: mean = 28.066 us, total = 28.066 us
[state-dump] 	Subscriber.HandlePublishedMessage_GCS_JOB_CHANNEL - 1 total (0 active), CPU time: mean = 47.159 us, total = 47.159 us
[state-dump] 	NodeInfoGcsService.grpc_client.GetInternalConfig - 1 total (0 active), CPU time: mean = 33.796 ms, total = 33.796 ms
[state-dump] 	JobInfoGcsService.grpc_client.GetAllJobInfo - 1 total (0 active), CPU time: mean = 343.023 us, total = 343.023 us
[state-dump] 	NodeInfoGcsService.grpc_client.RegisterNode - 1 total (0 active), CPU time: mean = 203.359 us, total = 203.359 us
[state-dump] 	AgentManagerService.grpc_server.RegisterAgent - 1 total (0 active), CPU time: mean = 194.419 us, total = 194.419 us
[state-dump] 	Subscriber.HandlePublishedMessage_WORKER_OBJECT_EVICTION - 1 total (0 active), CPU time: mean = 66.553 us, total = 66.553 us
[state-dump] 	JobInfoGcsService.grpc_client.AddJob - 1 total (0 active), CPU time: mean = 23.962 us, total = 23.962 us
[state-dump] 	NodeManagerService.grpc_server.PinObjectIDs - 1 total (0 active), CPU time: mean = 169.418 us, total = 169.418 us
[state-dump] 
[state-dump] NodeManager:
[state-dump] Node ID: 435ff685d8e66afce15860cd5b4687480235848d386ffa5d5547bd3d
[state-dump] Node name: 10.137.21.59
[state-dump] InitialConfigResources: {memory: 8135216732160000, GPU: 20000, node:10.137.21.59: 10000, CPU: 170000, object_store_memory: 2000000000000000, accelerator_type:H100: 10000}
[state-dump] ClusterTaskManager:
[state-dump] ========== Node: 435ff685d8e66afce15860cd5b4687480235848d386ffa5d5547bd3d =================
[state-dump] Infeasible queue length: 1
[state-dump] Schedule queue length: 0
[state-dump] Dispatch queue length: 0
[state-dump] num_waiting_for_resource: 0
[state-dump] num_waiting_for_plasma_memory: 0
[state-dump] num_waiting_for_remote_node_resources: 0
[state-dump] num_worker_not_started_by_job_config_not_exist: 0
[state-dump] num_worker_not_started_by_registration_timeout: 0
[state-dump] num_tasks_waiting_for_workers: 0
[state-dump] num_cancelled_tasks: 0
[state-dump] cluster_resource_scheduler state: 
[state-dump] Local id: -8058881002343059789 Local resources: {node:10.137.21.59: [10000]/[10000], CPU: [10000]/[170000], object_store_memory: [2000000000000000]/[2000000000000000], memory: [8135216732160000]/[8135216732160000], GPU: [10000, 10000]/[10000, 10000], accelerator_type:H100: [10000]/[10000]}node id: -8058881002343059789{node:10.137.21.59: 10000/10000, CPU: 10000/170000, object_store_memory: 2000000000000000/2000000000000000, memory: 8135216732160000/8135216732160000, GPU: 20000/20000, accelerator_type:H100: 10000/10000}{ "placment group locations": [], "node to bundles": []}
[state-dump] Waiting tasks size: 0
[state-dump] Number of executing tasks: 0
[state-dump] Number of pinned task arguments: 0
[state-dump] Number of total spilled tasks: 0
[state-dump] Number of spilled waiting tasks: 0
[state-dump] Number of spilled unschedulable tasks: 0
[state-dump] Resource usage {
[state-dump]     - (language=PYTHON actor_or_task=RolloutWorker.__init__ pid=3414093): {CPU: 1.000000}
[state-dump]     - (language=PYTHON actor_or_task=RolloutWorker.__init__ pid=3414092): {CPU: 1.000000}
[state-dump]     - (language=PYTHON actor_or_task=RolloutWorker.__init__ pid=3414084): {CPU: 1.000000}
[state-dump]     - (language=PYTHON actor_or_task=RolloutWorker.__init__ pid=3414091): {CPU: 1.000000}
[state-dump]     - (language=PYTHON actor_or_task=RolloutWorker.__init__ pid=3414089): {CPU: 1.000000}
[state-dump]     - (language=PYTHON actor_or_task=RolloutWorker.__init__ pid=3414085): {CPU: 1.000000}
[state-dump]     - (language=PYTHON actor_or_task=RolloutWorker.__init__ pid=3414094): {CPU: 1.000000}
[state-dump]     - (language=PYTHON actor_or_task=RolloutWorker.__init__ pid=3414083): {CPU: 1.000000}
[state-dump]     - (language=PYTHON actor_or_task=RolloutWorker.__init__ pid=3414088): {CPU: 1.000000}
[state-dump]     - (language=PYTHON actor_or_task=RolloutWorker.__init__ pid=3414080): {CPU: 1.000000}
[state-dump]     - (language=PYTHON actor_or_task=RolloutWorker.__init__ pid=3414095): {CPU: 1.000000}
[state-dump]     - (language=PYTHON actor_or_task=RolloutWorker.__init__ pid=3414081): {CPU: 1.000000}
[state-dump]     - (language=PYTHON actor_or_task=RolloutWorker.__init__ pid=3414082): {CPU: 1.000000}
[state-dump]     - (language=PYTHON actor_or_task=RolloutWorker.__init__ pid=3414087): {CPU: 1.000000}
[state-dump]     - (language=PYTHON actor_or_task=RolloutWorker.__init__ pid=3414086): {CPU: 1.000000}
[state-dump]     - (language=PYTHON actor_or_task=RolloutWorker.__init__ pid=3414090): {CPU: 1.000000}
[state-dump] }
[state-dump] Running tasks by scheduling class:
[state-dump] ==================================================
[state-dump] 
[state-dump] ClusterResources:
[state-dump] LocalObjectManager:
[state-dump] - num pinned objects: 0
[state-dump] - pinned objects size: 0
[state-dump] - num objects pending restore: 0
[state-dump] - num objects pending spill: 0
[state-dump] - num bytes pending spill: 0
[state-dump] - num bytes currently spilled: 0
[state-dump] - cumulative spill requests: 0
[state-dump] - cumulative restore requests: 0
[state-dump] - spilled objects pending delete: 0
[state-dump] 
[state-dump] ObjectManager:
[state-dump] - num local objects: 0
[state-dump] - num unfulfilled push requests: 0
[state-dump] - num object pull requests: 0
[state-dump] - num chunks received total: 0
[state-dump] - num chunks received failed (all): 0
[state-dump] - num chunks received failed / cancelled: 0
[state-dump] - num chunks received failed / plasma error: 0
[state-dump] Event stats:
[state-dump] Global stats: 1 total (0 active)
[state-dump] Queueing time: mean = 25.771 us, max = 25.771 us, min = 25.771 us, total = 25.771 us
[state-dump] Execution time:  mean = 5.425 us, total = 5.425 us
[state-dump] Event stats:
[state-dump] 	ObjectManager.FreeObjects - 1 total (0 active), CPU time: mean = 5.425 us, total = 5.425 us
[state-dump] PushManager:
[state-dump] - num pushes in flight: 0
[state-dump] - num chunks in flight: 0
[state-dump] - num chunks remaining: 0
[state-dump] - max chunks allowed: 409
[state-dump] OwnershipBasedObjectDirectory:
[state-dump] - num listeners: 0
[state-dump] - cumulative location updates: 2
[state-dump] - num location updates per second: 0.000
[state-dump] - num location lookups per second: 0.000
[state-dump] - num locations added per second: 0.000
[state-dump] - num locations removed per second: 0.000
[state-dump] BufferPool:
[state-dump] - create buffer state map size: 0
[state-dump] PullManager:
[state-dump] - num bytes available for pulled objects: 200000000000
[state-dump] - num bytes being pulled (all): 0
[state-dump] - num bytes being pulled / pinned: 0
[state-dump] - get request bundles: BundlePullRequestQueue{0 total, 0 active, 0 inactive, 0 unpullable}
[state-dump] - wait request bundles: BundlePullRequestQueue{0 total, 0 active, 0 inactive, 0 unpullable}
[state-dump] - task request bundles: BundlePullRequestQueue{0 total, 0 active, 0 inactive, 0 unpullable}
[state-dump] - first get request bundle: N/A
[state-dump] - first wait request bundle: N/A
[state-dump] - first task request bundle: N/A
[state-dump] - num objects queued: 0
[state-dump] - num objects actively pulled (all): 0
[state-dump] - num objects actively pulled / pinned: 0
[state-dump] - num bundles being pulled: 0
[state-dump] - num pull retries: 0
[state-dump] - max timeout seconds: 0
[state-dump] - max timeout request is already processed. No entry.
[state-dump] 
[state-dump] WorkerPool:
[state-dump] - registered jobs: 1
[state-dump] - process_failed_job_config_missing: 0
[state-dump] - process_failed_rate_limited: 0
[state-dump] - process_failed_pending_registration: 0
[state-dump] - process_failed_runtime_env_setup_failed: 0
[state-dump] - num JAVA workers: 0
[state-dump] - num JAVA drivers: 0
[state-dump] - num object spill callbacks queued: 0
[state-dump] - num object restore queued: 0
[state-dump] - num util functions queued: 0
[state-dump] - num PYTHON workers: 17
[state-dump] - num PYTHON drivers: 1
[state-dump] - num object spill callbacks queued: 0
[state-dump] - num object restore queued: 0
[state-dump] - num util functions queued: 0
[state-dump] - num idle workers: 1
[state-dump] TaskDependencyManager:
[state-dump] - task deps map size: 0
[state-dump] - get req map size: 0
[state-dump] - wait req map size: 0
[state-dump] - local objects map size: 0
[state-dump] WaitManager:
[state-dump] - num active wait requests: 0
[state-dump] Subscriber:
[state-dump] Channel WORKER_REF_REMOVED_CHANNEL
[state-dump] - cumulative subscribe requests: 0
[state-dump] - cumulative unsubscribe requests: 0
[state-dump] - active subscribed publishers: 0
[state-dump] - cumulative published messages: 0
[state-dump] - cumulative processed messages: 0
[state-dump] Channel WORKER_OBJECT_EVICTION
[state-dump] - cumulative subscribe requests: 1
[state-dump] - cumulative unsubscribe requests: 1
[state-dump] - active subscribed publishers: 0
[state-dump] - cumulative published messages: 1
[state-dump] - cumulative processed messages: 1
[state-dump] Channel WORKER_OBJECT_LOCATIONS_CHANNEL
[state-dump] - cumulative subscribe requests: 5
[state-dump] - cumulative unsubscribe requests: 5
[state-dump] - active subscribed publishers: 0
[state-dump] - cumulative published messages: 2
[state-dump] - cumulative processed messages: 2
[state-dump] num async plasma notifications: 0
[state-dump] Remote node managers: 
[state-dump] Event stats:
[state-dump] Global stats: 110419 total (27 active)
[state-dump] Queueing time: mean = 6.648 ms, max = 41.724 s, min = -0.000 s, total = 734.068 s
[state-dump] Execution time:  mean = 18.595 us, total = 2.053 s
[state-dump] Event stats:
[state-dump] 	NodeManagerService.grpc_server.ReportWorkerBacklog - 29246 total (0 active), CPU time: mean = 24.391 us, total = 713.331 ms
[state-dump] 	UNKNOWN - 18481 total (3 active), CPU time: mean = 1.871 us, total = 34.578 ms
[state-dump] 	ObjectManager.UpdateAvailableMemory - 16798 total (0 active), CPU time: mean = 463.988 ns, total = 7.794 ms
[state-dump] 	NodeManagerService.grpc_server.RequestResourceReport - 16657 total (0 active), CPU time: mean = 31.594 us, total = 526.261 ms
[state-dump] 	NodeManagerService.grpc_server.UpdateResourceUsage - 16656 total (0 active), CPU time: mean = 29.704 us, total = 494.751 ms
[state-dump] 	RayletWorkerPool.deadline_timer.kill_idle_workers - 8400 total (1 active), CPU time: mean = 4.398 us, total = 36.939 ms
[state-dump] 	NodeManagerService.grpc_server.GetResourceLoad - 1680 total (0 active), CPU time: mean = 29.025 us, total = 48.761 ms
[state-dump] 	NodeManager.deadline_timer.flush_free_objects - 1680 total (1 active), CPU time: mean = 2.512 us, total = 4.220 ms
[state-dump] 	ClientConnection.async_read.ReadBufferAsync - 328 total (18 active), CPU time: mean = 77.030 us, total = 25.266 ms
[state-dump] 	NodeManager.deadline_timer.debug_state_dump - 168 total (1 active), CPU time: mean = 372.205 us, total = 62.530 ms
[state-dump] 	NodeManager.deadline_timer.record_metrics - 112 total (1 active), CPU time: mean = 198.799 us, total = 22.266 ms
[state-dump] 	CoreWorkerService.grpc_client.LocalGC - 36 total (0 active), CPU time: mean = 8.771 us, total = 315.752 us
[state-dump] 	NodeManager.deadline_timer.print_event_loop_stats - 28 total (1 active, 1 running), CPU time: mean = 537.088 us, total = 15.038 ms
[state-dump] 	ObjectManager.ObjectAdded - 19 total (0 active), CPU time: mean = 22.134 us, total = 420.540 us
[state-dump] 	ObjectManager.ObjectDeleted - 19 total (0 active), CPU time: mean = 11.208 us, total = 212.953 us
[state-dump] 	NodeManagerService.grpc_server.GetSystemConfig - 18 total (0 active), CPU time: mean = 34.279 us, total = 617.027 us
[state-dump] 	ClientConnection.async_write.DoAsyncWrites - 18 total (0 active), CPU time: mean = 435.056 ns, total = 7.831 us
[state-dump] 	NodeManagerService.grpc_server.RequestWorkerLease - 17 total (0 active), CPU time: mean = 1.227 ms, total = 20.867 ms
[state-dump] 	CoreWorkerService.grpc_client.DirectActorCallArgWaitComplete - 16 total (0 active), CPU time: mean = 8.380 us, total = 134.072 us
[state-dump] 	PeriodicalRunner.RunFnPeriodically - 8 total (0 active), CPU time: mean = 273.916 us, total = 2.191 ms
[state-dump] 	CoreWorkerService.grpc_client.PubsubCommandBatch - 8 total (0 active), CPU time: mean = 58.221 us, total = 465.766 us
[state-dump] 	CoreWorkerService.grpc_client.PubsubLongPolling - 7 total (0 active), CPU time: mean = 147.979 us, total = 1.036 ms
[state-dump] 	InternalPubSubGcsService.grpc_client.GcsSubscriberPoll - 4 total (1 active), CPU time: mean = 49.181 us, total = 196.722 us
[state-dump] 	InternalPubSubGcsService.grpc_client.GcsSubscriberCommandBatch - 2 total (0 active), CPU time: mean = 59.350 us, total = 118.700 us
[state-dump] 	Subscriber.HandlePublishedMessage_WORKER_OBJECT_LOCATIONS_CHANNEL - 2 total (0 active), CPU time: mean = 24.247 us, total = 48.493 us
[state-dump] 	CoreWorkerService.grpc_client.UpdateObjectLocationBatch - 2 total (0 active), CPU time: mean = 18.242 us, total = 36.484 us
[state-dump] 	NodeInfoGcsService.grpc_client.GetAllNodeInfo - 1 total (0 active), CPU time: mean = 28.066 us, total = 28.066 us
[state-dump] 	Subscriber.HandlePublishedMessage_GCS_JOB_CHANNEL - 1 total (0 active), CPU time: mean = 47.159 us, total = 47.159 us
[state-dump] 	NodeInfoGcsService.grpc_client.GetInternalConfig - 1 total (0 active), CPU time: mean = 33.796 ms, total = 33.796 ms
[state-dump] 	JobInfoGcsService.grpc_client.GetAllJobInfo - 1 total (0 active), CPU time: mean = 343.023 us, total = 343.023 us
[state-dump] 	NodeInfoGcsService.grpc_client.RegisterNode - 1 total (0 active), CPU time: mean = 203.359 us, total = 203.359 us
[state-dump] 	AgentManagerService.grpc_server.RegisterAgent - 1 total (0 active), CPU time: mean = 194.419 us, total = 194.419 us
[state-dump] 	Subscriber.HandlePublishedMessage_WORKER_OBJECT_EVICTION - 1 total (0 active), CPU time: mean = 66.553 us, total = 66.553 us
[state-dump] 	JobInfoGcsService.grpc_client.AddJob - 1 total (0 active), CPU time: mean = 23.962 us, total = 23.962 us
[state-dump] 	NodeManagerService.grpc_server.PinObjectIDs - 1 total (0 active), CPU time: mean = 169.418 us, total = 169.418 us
[state-dump] DebugString() time ms: 1
[state-dump] 
[state-dump] 
[2026-01-30 14:31:31,364 I 3413275 3413375] (raylet) store.cc:551: ========== Plasma store: =================
Current usage: 0 / 200 GB
- num bytes created total: 7953630
0 pending objects of total size 0MB
- objects spillable: 0
- bytes spillable: 0
- objects unsealed: 0
- bytes unsealed: 0
- objects in use: 0
- bytes in use: 0
- objects evictable: 0
- bytes evictable: 0

- objects created by worker: 0
- bytes created by worker: 0
- objects restored: 0
- bytes restored: 0
- objects received: 0
- bytes received: 0
- objects errored: 0
- bytes errored: 0

[2026-01-30 14:31:31,397 I 3413275 3413275] (raylet) node_manager.cc:540: [state-dump] Event stats:
[state-dump] 
[state-dump] 
[state-dump] Global stats: 114378 total (27 active)
[state-dump] Queueing time: mean = 6.418 ms, max = 41.724 s, min = -0.000 s, total = 734.110 s
[state-dump] Execution time:  mean = 18.538 us, total = 2.120 s
[state-dump] Event stats:
[state-dump] 	NodeManagerService.grpc_server.ReportWorkerBacklog - 30326 total (0 active), CPU time: mean = 24.369 us, total = 739.021 ms
[state-dump] 	UNKNOWN - 19141 total (3 active), CPU time: mean = 1.873 us, total = 35.850 ms
[state-dump] 	ObjectManager.UpdateAvailableMemory - 17398 total (0 active), CPU time: mean = 462.555 ns, total = 8.048 ms
[state-dump] 	NodeManagerService.grpc_server.RequestResourceReport - 17251 total (0 active), CPU time: mean = 31.521 us, total = 543.771 ms
[state-dump] 	NodeManagerService.grpc_server.UpdateResourceUsage - 17250 total (0 active), CPU time: mean = 29.592 us, total = 510.455 ms
[state-dump] 	RayletWorkerPool.deadline_timer.kill_idle_workers - 8700 total (1 active), CPU time: mean = 4.375 us, total = 38.059 ms
[state-dump] 	NodeManagerService.grpc_server.GetResourceLoad - 1740 total (0 active), CPU time: mean = 28.889 us, total = 50.266 ms
[state-dump] 	NodeManager.deadline_timer.flush_free_objects - 1740 total (1 active), CPU time: mean = 2.494 us, total = 4.340 ms
[state-dump] 	ClientConnection.async_read.ReadBufferAsync - 328 total (18 active), CPU time: mean = 77.030 us, total = 25.266 ms
[state-dump] 	NodeManager.deadline_timer.debug_state_dump - 174 total (1 active), CPU time: mean = 371.878 us, total = 64.707 ms
[state-dump] 	NodeManager.deadline_timer.record_metrics - 116 total (1 active), CPU time: mean = 201.743 us, total = 23.402 ms
[state-dump] 	CoreWorkerService.grpc_client.LocalGC - 36 total (0 active), CPU time: mean = 8.771 us, total = 315.752 us
[state-dump] 	NodeManager.deadline_timer.print_event_loop_stats - 29 total (1 active, 1 running), CPU time: mean = 537.171 us, total = 15.578 ms
[state-dump] 	ObjectManager.ObjectAdded - 19 total (0 active), CPU time: mean = 22.134 us, total = 420.540 us
[state-dump] 	ObjectManager.ObjectDeleted - 19 total (0 active), CPU time: mean = 11.208 us, total = 212.953 us
[state-dump] 	NodeManagerService.grpc_server.GetSystemConfig - 18 total (0 active), CPU time: mean = 34.279 us, total = 617.027 us
[state-dump] 	ClientConnection.async_write.DoAsyncWrites - 18 total (0 active), CPU time: mean = 435.056 ns, total = 7.831 us
[state-dump] 	NodeManagerService.grpc_server.RequestWorkerLease - 17 total (0 active), CPU time: mean = 1.227 ms, total = 20.867 ms
[state-dump] 	CoreWorkerService.grpc_client.DirectActorCallArgWaitComplete - 16 total (0 active), CPU time: mean = 8.380 us, total = 134.072 us
[state-dump] 	PeriodicalRunner.RunFnPeriodically - 8 total (0 active), CPU time: mean = 273.916 us, total = 2.191 ms
[state-dump] 	CoreWorkerService.grpc_client.PubsubCommandBatch - 8 total (0 active), CPU time: mean = 58.221 us, total = 465.766 us
[state-dump] 	CoreWorkerService.grpc_client.PubsubLongPolling - 7 total (0 active), CPU time: mean = 147.979 us, total = 1.036 ms
[state-dump] 	InternalPubSubGcsService.grpc_client.GcsSubscriberPoll - 4 total (1 active), CPU time: mean = 49.181 us, total = 196.722 us
[state-dump] 	InternalPubSubGcsService.grpc_client.GcsSubscriberCommandBatch - 2 total (0 active), CPU time: mean = 59.350 us, total = 118.700 us
[state-dump] 	Subscriber.HandlePublishedMessage_WORKER_OBJECT_LOCATIONS_CHANNEL - 2 total (0 active), CPU time: mean = 24.247 us, total = 48.493 us
[state-dump] 	CoreWorkerService.grpc_client.UpdateObjectLocationBatch - 2 total (0 active), CPU time: mean = 18.242 us, total = 36.484 us
[state-dump] 	NodeInfoGcsService.grpc_client.GetAllNodeInfo - 1 total (0 active), CPU time: mean = 28.066 us, total = 28.066 us
[state-dump] 	Subscriber.HandlePublishedMessage_GCS_JOB_CHANNEL - 1 total (0 active), CPU time: mean = 47.159 us, total = 47.159 us
[state-dump] 	NodeInfoGcsService.grpc_client.GetInternalConfig - 1 total (0 active), CPU time: mean = 33.796 ms, total = 33.796 ms
[state-dump] 	JobInfoGcsService.grpc_client.GetAllJobInfo - 1 total (0 active), CPU time: mean = 343.023 us, total = 343.023 us
[state-dump] 	NodeInfoGcsService.grpc_client.RegisterNode - 1 total (0 active), CPU time: mean = 203.359 us, total = 203.359 us
[state-dump] 	AgentManagerService.grpc_server.RegisterAgent - 1 total (0 active), CPU time: mean = 194.419 us, total = 194.419 us
[state-dump] 	Subscriber.HandlePublishedMessage_WORKER_OBJECT_EVICTION - 1 total (0 active), CPU time: mean = 66.553 us, total = 66.553 us
[state-dump] 	JobInfoGcsService.grpc_client.AddJob - 1 total (0 active), CPU time: mean = 23.962 us, total = 23.962 us
[state-dump] 	NodeManagerService.grpc_server.PinObjectIDs - 1 total (0 active), CPU time: mean = 169.418 us, total = 169.418 us
[state-dump] 
[state-dump] NodeManager:
[state-dump] Node ID: 435ff685d8e66afce15860cd5b4687480235848d386ffa5d5547bd3d
[state-dump] Node name: 10.137.21.59
[state-dump] InitialConfigResources: {memory: 8135216732160000, GPU: 20000, node:10.137.21.59: 10000, CPU: 170000, object_store_memory: 2000000000000000, accelerator_type:H100: 10000}
[state-dump] ClusterTaskManager:
[state-dump] ========== Node: 435ff685d8e66afce15860cd5b4687480235848d386ffa5d5547bd3d =================
[state-dump] Infeasible queue length: 1
[state-dump] Schedule queue length: 0
[state-dump] Dispatch queue length: 0
[state-dump] num_waiting_for_resource: 0
[state-dump] num_waiting_for_plasma_memory: 0
[state-dump] num_waiting_for_remote_node_resources: 0
[state-dump] num_worker_not_started_by_job_config_not_exist: 0
[state-dump] num_worker_not_started_by_registration_timeout: 0
[state-dump] num_tasks_waiting_for_workers: 0
[state-dump] num_cancelled_tasks: 0
[state-dump] cluster_resource_scheduler state: 
[state-dump] Local id: -8058881002343059789 Local resources: {node:10.137.21.59: [10000]/[10000], CPU: [10000]/[170000], object_store_memory: [2000000000000000]/[2000000000000000], memory: [8135216732160000]/[8135216732160000], GPU: [10000, 10000]/[10000, 10000], accelerator_type:H100: [10000]/[10000]}node id: -8058881002343059789{node:10.137.21.59: 10000/10000, CPU: 10000/170000, object_store_memory: 2000000000000000/2000000000000000, memory: 8135216732160000/8135216732160000, GPU: 20000/20000, accelerator_type:H100: 10000/10000}{ "placment group locations": [], "node to bundles": []}
[state-dump] Waiting tasks size: 0
[state-dump] Number of executing tasks: 0
[state-dump] Number of pinned task arguments: 0
[state-dump] Number of total spilled tasks: 0
[state-dump] Number of spilled waiting tasks: 0
[state-dump] Number of spilled unschedulable tasks: 0
[state-dump] Resource usage {
[state-dump]     - (language=PYTHON actor_or_task=RolloutWorker.__init__ pid=3414093): {CPU: 1.000000}
[state-dump]     - (language=PYTHON actor_or_task=RolloutWorker.__init__ pid=3414092): {CPU: 1.000000}
[state-dump]     - (language=PYTHON actor_or_task=RolloutWorker.__init__ pid=3414084): {CPU: 1.000000}
[state-dump]     - (language=PYTHON actor_or_task=RolloutWorker.__init__ pid=3414091): {CPU: 1.000000}
[state-dump]     - (language=PYTHON actor_or_task=RolloutWorker.__init__ pid=3414089): {CPU: 1.000000}
[state-dump]     - (language=PYTHON actor_or_task=RolloutWorker.__init__ pid=3414085): {CPU: 1.000000}
[state-dump]     - (language=PYTHON actor_or_task=RolloutWorker.__init__ pid=3414094): {CPU: 1.000000}
[state-dump]     - (language=PYTHON actor_or_task=RolloutWorker.__init__ pid=3414083): {CPU: 1.000000}
[state-dump]     - (language=PYTHON actor_or_task=RolloutWorker.__init__ pid=3414088): {CPU: 1.000000}
[state-dump]     - (language=PYTHON actor_or_task=RolloutWorker.__init__ pid=3414080): {CPU: 1.000000}
[state-dump]     - (language=PYTHON actor_or_task=RolloutWorker.__init__ pid=3414095): {CPU: 1.000000}
[state-dump]     - (language=PYTHON actor_or_task=RolloutWorker.__init__ pid=3414081): {CPU: 1.000000}
[state-dump]     - (language=PYTHON actor_or_task=RolloutWorker.__init__ pid=3414082): {CPU: 1.000000}
[state-dump]     - (language=PYTHON actor_or_task=RolloutWorker.__init__ pid=3414087): {CPU: 1.000000}
[state-dump]     - (language=PYTHON actor_or_task=RolloutWorker.__init__ pid=3414086): {CPU: 1.000000}
[state-dump]     - (language=PYTHON actor_or_task=RolloutWorker.__init__ pid=3414090): {CPU: 1.000000}
[state-dump] }
[state-dump] Running tasks by scheduling class:
[state-dump] ==================================================
[state-dump] 
[state-dump] ClusterResources:
[state-dump] LocalObjectManager:
[state-dump] - num pinned objects: 0
[state-dump] - pinned objects size: 0
[state-dump] - num objects pending restore: 0
[state-dump] - num objects pending spill: 0
[state-dump] - num bytes pending spill: 0
[state-dump] - num bytes currently spilled: 0
[state-dump] - cumulative spill requests: 0
[state-dump] - cumulative restore requests: 0
[state-dump] - spilled objects pending delete: 0
[state-dump] 
[state-dump] ObjectManager:
[state-dump] - num local objects: 0
[state-dump] - num unfulfilled push requests: 0
[state-dump] - num object pull requests: 0
[state-dump] - num chunks received total: 0
[state-dump] - num chunks received failed (all): 0
[state-dump] - num chunks received failed / cancelled: 0
[state-dump] - num chunks received failed / plasma error: 0
[state-dump] Event stats:
[state-dump] Global stats: 1 total (0 active)
[state-dump] Queueing time: mean = 25.771 us, max = 25.771 us, min = 25.771 us, total = 25.771 us
[state-dump] Execution time:  mean = 5.425 us, total = 5.425 us
[state-dump] Event stats:
[state-dump] 	ObjectManager.FreeObjects - 1 total (0 active), CPU time: mean = 5.425 us, total = 5.425 us
[state-dump] PushManager:
[state-dump] - num pushes in flight: 0
[state-dump] - num chunks in flight: 0
[state-dump] - num chunks remaining: 0
[state-dump] - max chunks allowed: 409
[state-dump] OwnershipBasedObjectDirectory:
[state-dump] - num listeners: 0
[state-dump] - cumulative location updates: 2
[state-dump] - num location updates per second: 0.000
[state-dump] - num location lookups per second: 0.000
[state-dump] - num locations added per second: 0.000
[state-dump] - num locations removed per second: 0.000
[state-dump] BufferPool:
[state-dump] - create buffer state map size: 0
[state-dump] PullManager:
[state-dump] - num bytes available for pulled objects: 200000000000
[state-dump] - num bytes being pulled (all): 0
[state-dump] - num bytes being pulled / pinned: 0
[state-dump] - get request bundles: BundlePullRequestQueue{0 total, 0 active, 0 inactive, 0 unpullable}
[state-dump] - wait request bundles: BundlePullRequestQueue{0 total, 0 active, 0 inactive, 0 unpullable}
[state-dump] - task request bundles: BundlePullRequestQueue{0 total, 0 active, 0 inactive, 0 unpullable}
[state-dump] - first get request bundle: N/A
[state-dump] - first wait request bundle: N/A
[state-dump] - first task request bundle: N/A
[state-dump] - num objects queued: 0
[state-dump] - num objects actively pulled (all): 0
[state-dump] - num objects actively pulled / pinned: 0
[state-dump] - num bundles being pulled: 0
[state-dump] - num pull retries: 0
[state-dump] - max timeout seconds: 0
[state-dump] - max timeout request is already processed. No entry.
[state-dump] 
[state-dump] WorkerPool:
[state-dump] - registered jobs: 1
[state-dump] - process_failed_job_config_missing: 0
[state-dump] - process_failed_rate_limited: 0
[state-dump] - process_failed_pending_registration: 0
[state-dump] - process_failed_runtime_env_setup_failed: 0
[state-dump] - num JAVA workers: 0
[state-dump] - num JAVA drivers: 0
[state-dump] - num object spill callbacks queued: 0
[state-dump] - num object restore queued: 0
[state-dump] - num util functions queued: 0
[state-dump] - num PYTHON workers: 17
[state-dump] - num PYTHON drivers: 1
[state-dump] - num object spill callbacks queued: 0
[state-dump] - num object restore queued: 0
[state-dump] - num util functions queued: 0
[state-dump] - num idle workers: 1
[state-dump] TaskDependencyManager:
[state-dump] - task deps map size: 0
[state-dump] - get req map size: 0
[state-dump] - wait req map size: 0
[state-dump] - local objects map size: 0
[state-dump] WaitManager:
[state-dump] - num active wait requests: 0
[state-dump] Subscriber:
[state-dump] Channel WORKER_REF_REMOVED_CHANNEL
[state-dump] - cumulative subscribe requests: 0
[state-dump] - cumulative unsubscribe requests: 0
[state-dump] - active subscribed publishers: 0
[state-dump] - cumulative published messages: 0
[state-dump] - cumulative processed messages: 0
[state-dump] Channel WORKER_OBJECT_EVICTION
[state-dump] - cumulative subscribe requests: 1
[state-dump] - cumulative unsubscribe requests: 1
[state-dump] - active subscribed publishers: 0
[state-dump] - cumulative published messages: 1
[state-dump] - cumulative processed messages: 1
[state-dump] Channel WORKER_OBJECT_LOCATIONS_CHANNEL
[state-dump] - cumulative subscribe requests: 5
[state-dump] - cumulative unsubscribe requests: 5
[state-dump] - active subscribed publishers: 0
[state-dump] - cumulative published messages: 2
[state-dump] - cumulative processed messages: 2
[state-dump] num async plasma notifications: 0
[state-dump] Remote node managers: 
[state-dump] Event stats:
[state-dump] Global stats: 114378 total (27 active)
[state-dump] Queueing time: mean = 6.418 ms, max = 41.724 s, min = -0.000 s, total = 734.110 s
[state-dump] Execution time:  mean = 18.538 us, total = 2.120 s
[state-dump] Event stats:
[state-dump] 	NodeManagerService.grpc_server.ReportWorkerBacklog - 30326 total (0 active), CPU time: mean = 24.369 us, total = 739.021 ms
[state-dump] 	UNKNOWN - 19141 total (3 active), CPU time: mean = 1.873 us, total = 35.850 ms
[state-dump] 	ObjectManager.UpdateAvailableMemory - 17398 total (0 active), CPU time: mean = 462.555 ns, total = 8.048 ms
[state-dump] 	NodeManagerService.grpc_server.RequestResourceReport - 17251 total (0 active), CPU time: mean = 31.521 us, total = 543.771 ms
[state-dump] 	NodeManagerService.grpc_server.UpdateResourceUsage - 17250 total (0 active), CPU time: mean = 29.592 us, total = 510.455 ms
[state-dump] 	RayletWorkerPool.deadline_timer.kill_idle_workers - 8700 total (1 active), CPU time: mean = 4.375 us, total = 38.059 ms
[state-dump] 	NodeManagerService.grpc_server.GetResourceLoad - 1740 total (0 active), CPU time: mean = 28.889 us, total = 50.266 ms
[state-dump] 	NodeManager.deadline_timer.flush_free_objects - 1740 total (1 active), CPU time: mean = 2.494 us, total = 4.340 ms
[state-dump] 	ClientConnection.async_read.ReadBufferAsync - 328 total (18 active), CPU time: mean = 77.030 us, total = 25.266 ms
[state-dump] 	NodeManager.deadline_timer.debug_state_dump - 174 total (1 active), CPU time: mean = 371.878 us, total = 64.707 ms
[state-dump] 	NodeManager.deadline_timer.record_metrics - 116 total (1 active), CPU time: mean = 201.743 us, total = 23.402 ms
[state-dump] 	CoreWorkerService.grpc_client.LocalGC - 36 total (0 active), CPU time: mean = 8.771 us, total = 315.752 us
[state-dump] 	NodeManager.deadline_timer.print_event_loop_stats - 29 total (1 active, 1 running), CPU time: mean = 537.171 us, total = 15.578 ms
[state-dump] 	ObjectManager.ObjectAdded - 19 total (0 active), CPU time: mean = 22.134 us, total = 420.540 us
[state-dump] 	ObjectManager.ObjectDeleted - 19 total (0 active), CPU time: mean = 11.208 us, total = 212.953 us
[state-dump] 	NodeManagerService.grpc_server.GetSystemConfig - 18 total (0 active), CPU time: mean = 34.279 us, total = 617.027 us
[state-dump] 	ClientConnection.async_write.DoAsyncWrites - 18 total (0 active), CPU time: mean = 435.056 ns, total = 7.831 us
[state-dump] 	NodeManagerService.grpc_server.RequestWorkerLease - 17 total (0 active), CPU time: mean = 1.227 ms, total = 20.867 ms
[state-dump] 	CoreWorkerService.grpc_client.DirectActorCallArgWaitComplete - 16 total (0 active), CPU time: mean = 8.380 us, total = 134.072 us
[state-dump] 	PeriodicalRunner.RunFnPeriodically - 8 total (0 active), CPU time: mean = 273.916 us, total = 2.191 ms
[state-dump] 	CoreWorkerService.grpc_client.PubsubCommandBatch - 8 total (0 active), CPU time: mean = 58.221 us, total = 465.766 us
[state-dump] 	CoreWorkerService.grpc_client.PubsubLongPolling - 7 total (0 active), CPU time: mean = 147.979 us, total = 1.036 ms
[state-dump] 	InternalPubSubGcsService.grpc_client.GcsSubscriberPoll - 4 total (1 active), CPU time: mean = 49.181 us, total = 196.722 us
[state-dump] 	InternalPubSubGcsService.grpc_client.GcsSubscriberCommandBatch - 2 total (0 active), CPU time: mean = 59.350 us, total = 118.700 us
[state-dump] 	Subscriber.HandlePublishedMessage_WORKER_OBJECT_LOCATIONS_CHANNEL - 2 total (0 active), CPU time: mean = 24.247 us, total = 48.493 us
[state-dump] 	CoreWorkerService.grpc_client.UpdateObjectLocationBatch - 2 total (0 active), CPU time: mean = 18.242 us, total = 36.484 us
[state-dump] 	NodeInfoGcsService.grpc_client.GetAllNodeInfo - 1 total (0 active), CPU time: mean = 28.066 us, total = 28.066 us
[state-dump] 	Subscriber.HandlePublishedMessage_GCS_JOB_CHANNEL - 1 total (0 active), CPU time: mean = 47.159 us, total = 47.159 us
[state-dump] 	NodeInfoGcsService.grpc_client.GetInternalConfig - 1 total (0 active), CPU time: mean = 33.796 ms, total = 33.796 ms
[state-dump] 	JobInfoGcsService.grpc_client.GetAllJobInfo - 1 total (0 active), CPU time: mean = 343.023 us, total = 343.023 us
[state-dump] 	NodeInfoGcsService.grpc_client.RegisterNode - 1 total (0 active), CPU time: mean = 203.359 us, total = 203.359 us
[state-dump] 	AgentManagerService.grpc_server.RegisterAgent - 1 total (0 active), CPU time: mean = 194.419 us, total = 194.419 us
[state-dump] 	Subscriber.HandlePublishedMessage_WORKER_OBJECT_EVICTION - 1 total (0 active), CPU time: mean = 66.553 us, total = 66.553 us
[state-dump] 	JobInfoGcsService.grpc_client.AddJob - 1 total (0 active), CPU time: mean = 23.962 us, total = 23.962 us
[state-dump] 	NodeManagerService.grpc_server.PinObjectIDs - 1 total (0 active), CPU time: mean = 169.418 us, total = 169.418 us
[state-dump] DebugString() time ms: 0
[state-dump] 
[state-dump] 
[2026-01-30 14:32:31,364 I 3413275 3413375] (raylet) store.cc:551: ========== Plasma store: =================
Current usage: 0 / 200 GB
- num bytes created total: 7953630
0 pending objects of total size 0MB
- objects spillable: 0
- bytes spillable: 0
- objects unsealed: 0
- bytes unsealed: 0
- objects in use: 0
- bytes in use: 0
- objects evictable: 0
- bytes evictable: 0

- objects created by worker: 0
- bytes created by worker: 0
- objects restored: 0
- bytes restored: 0
- objects received: 0
- bytes received: 0
- objects errored: 0
- bytes errored: 0

[2026-01-30 14:32:31,398 I 3413275 3413275] (raylet) node_manager.cc:540: [state-dump] Event stats:
[state-dump] 
[state-dump] 
[state-dump] Global stats: 118339 total (27 active)
[state-dump] Queueing time: mean = 6.204 ms, max = 41.724 s, min = -0.000 s, total = 734.152 s
[state-dump] Execution time:  mean = 18.507 us, total = 2.190 s
[state-dump] Event stats:
[state-dump] 	NodeManagerService.grpc_server.ReportWorkerBacklog - 31406 total (0 active), CPU time: mean = 24.362 us, total = 765.122 ms
[state-dump] 	UNKNOWN - 19802 total (3 active), CPU time: mean = 1.881 us, total = 37.239 ms
[state-dump] 	ObjectManager.UpdateAvailableMemory - 17998 total (0 active), CPU time: mean = 463.085 ns, total = 8.335 ms
[state-dump] 	NodeManagerService.grpc_server.RequestResourceReport - 17845 total (0 active), CPU time: mean = 31.507 us, total = 562.238 ms
[state-dump] 	NodeManagerService.grpc_server.UpdateResourceUsage - 17844 total (0 active), CPU time: mean = 29.554 us, total = 527.360 ms
[state-dump] 	RayletWorkerPool.deadline_timer.kill_idle_workers - 9000 total (1 active), CPU time: mean = 4.362 us, total = 39.255 ms
[state-dump] 	NodeManagerService.grpc_server.GetResourceLoad - 1800 total (0 active), CPU time: mean = 28.827 us, total = 51.889 ms
[state-dump] 	NodeManager.deadline_timer.flush_free_objects - 1800 total (1 active), CPU time: mean = 2.499 us, total = 4.498 ms
[state-dump] 	ClientConnection.async_read.ReadBufferAsync - 328 total (18 active), CPU time: mean = 77.030 us, total = 25.266 ms
[state-dump] 	NodeManager.deadline_timer.debug_state_dump - 180 total (1 active), CPU time: mean = 371.543 us, total = 66.878 ms
[state-dump] 	NodeManager.deadline_timer.record_metrics - 120 total (1 active), CPU time: mean = 200.539 us, total = 24.065 ms
[state-dump] 	CoreWorkerService.grpc_client.LocalGC - 36 total (0 active), CPU time: mean = 8.771 us, total = 315.752 us
[state-dump] 	NodeManager.deadline_timer.print_event_loop_stats - 30 total (1 active, 1 running), CPU time: mean = 543.175 us, total = 16.295 ms
[state-dump] 	ObjectManager.ObjectAdded - 19 total (0 active), CPU time: mean = 22.134 us, total = 420.540 us
[state-dump] 	ObjectManager.ObjectDeleted - 19 total (0 active), CPU time: mean = 11.208 us, total = 212.953 us
[state-dump] 	NodeManagerService.grpc_server.GetSystemConfig - 18 total (0 active), CPU time: mean = 34.279 us, total = 617.027 us
[state-dump] 	ClientConnection.async_write.DoAsyncWrites - 18 total (0 active), CPU time: mean = 435.056 ns, total = 7.831 us
[state-dump] 	NodeManagerService.grpc_server.RequestWorkerLease - 17 total (0 active), CPU time: mean = 1.227 ms, total = 20.867 ms
[state-dump] 	CoreWorkerService.grpc_client.DirectActorCallArgWaitComplete - 16 total (0 active), CPU time: mean = 8.380 us, total = 134.072 us
[state-dump] 	PeriodicalRunner.RunFnPeriodically - 8 total (0 active), CPU time: mean = 273.916 us, total = 2.191 ms
[state-dump] 	CoreWorkerService.grpc_client.PubsubCommandBatch - 8 total (0 active), CPU time: mean = 58.221 us, total = 465.766 us
[state-dump] 	CoreWorkerService.grpc_client.PubsubLongPolling - 7 total (0 active), CPU time: mean = 147.979 us, total = 1.036 ms
[state-dump] 	InternalPubSubGcsService.grpc_client.GcsSubscriberPoll - 5 total (1 active), CPU time: mean = 54.000 us, total = 270.002 us
[state-dump] 	InternalPubSubGcsService.grpc_client.GcsSubscriberCommandBatch - 2 total (0 active), CPU time: mean = 59.350 us, total = 118.700 us
[state-dump] 	Subscriber.HandlePublishedMessage_WORKER_OBJECT_LOCATIONS_CHANNEL - 2 total (0 active), CPU time: mean = 24.247 us, total = 48.493 us
[state-dump] 	CoreWorkerService.grpc_client.UpdateObjectLocationBatch - 2 total (0 active), CPU time: mean = 18.242 us, total = 36.484 us
[state-dump] 	NodeInfoGcsService.grpc_client.GetAllNodeInfo - 1 total (0 active), CPU time: mean = 28.066 us, total = 28.066 us
[state-dump] 	Subscriber.HandlePublishedMessage_GCS_JOB_CHANNEL - 1 total (0 active), CPU time: mean = 47.159 us, total = 47.159 us
[state-dump] 	NodeInfoGcsService.grpc_client.GetInternalConfig - 1 total (0 active), CPU time: mean = 33.796 ms, total = 33.796 ms
[state-dump] 	JobInfoGcsService.grpc_client.GetAllJobInfo - 1 total (0 active), CPU time: mean = 343.023 us, total = 343.023 us
[state-dump] 	NodeInfoGcsService.grpc_client.RegisterNode - 1 total (0 active), CPU time: mean = 203.359 us, total = 203.359 us
[state-dump] 	AgentManagerService.grpc_server.RegisterAgent - 1 total (0 active), CPU time: mean = 194.419 us, total = 194.419 us
[state-dump] 	Subscriber.HandlePublishedMessage_WORKER_OBJECT_EVICTION - 1 total (0 active), CPU time: mean = 66.553 us, total = 66.553 us
[state-dump] 	JobInfoGcsService.grpc_client.AddJob - 1 total (0 active), CPU time: mean = 23.962 us, total = 23.962 us
[state-dump] 	NodeManagerService.grpc_server.PinObjectIDs - 1 total (0 active), CPU time: mean = 169.418 us, total = 169.418 us
[state-dump] 
[state-dump] NodeManager:
[state-dump] Node ID: 435ff685d8e66afce15860cd5b4687480235848d386ffa5d5547bd3d
[state-dump] Node name: 10.137.21.59
[state-dump] InitialConfigResources: {memory: 8135216732160000, GPU: 20000, node:10.137.21.59: 10000, CPU: 170000, object_store_memory: 2000000000000000, accelerator_type:H100: 10000}
[state-dump] ClusterTaskManager:
[state-dump] ========== Node: 435ff685d8e66afce15860cd5b4687480235848d386ffa5d5547bd3d =================
[state-dump] Infeasible queue length: 1
[state-dump] Schedule queue length: 0
[state-dump] Dispatch queue length: 0
[state-dump] num_waiting_for_resource: 0
[state-dump] num_waiting_for_plasma_memory: 0
[state-dump] num_waiting_for_remote_node_resources: 0
[state-dump] num_worker_not_started_by_job_config_not_exist: 0
[state-dump] num_worker_not_started_by_registration_timeout: 0
[state-dump] num_tasks_waiting_for_workers: 0
[state-dump] num_cancelled_tasks: 0
[state-dump] cluster_resource_scheduler state: 
[state-dump] Local id: -8058881002343059789 Local resources: {node:10.137.21.59: [10000]/[10000], CPU: [10000]/[170000], object_store_memory: [2000000000000000]/[2000000000000000], memory: [8135216732160000]/[8135216732160000], GPU: [10000, 10000]/[10000, 10000], accelerator_type:H100: [10000]/[10000]}node id: -8058881002343059789{node:10.137.21.59: 10000/10000, CPU: 10000/170000, object_store_memory: 2000000000000000/2000000000000000, memory: 8135216732160000/8135216732160000, GPU: 20000/20000, accelerator_type:H100: 10000/10000}{ "placment group locations": [], "node to bundles": []}
[state-dump] Waiting tasks size: 0
[state-dump] Number of executing tasks: 0
[state-dump] Number of pinned task arguments: 0
[state-dump] Number of total spilled tasks: 0
[state-dump] Number of spilled waiting tasks: 0
[state-dump] Number of spilled unschedulable tasks: 0
[state-dump] Resource usage {
[state-dump]     - (language=PYTHON actor_or_task=RolloutWorker.__init__ pid=3414093): {CPU: 1.000000}
[state-dump]     - (language=PYTHON actor_or_task=RolloutWorker.__init__ pid=3414092): {CPU: 1.000000}
[state-dump]     - (language=PYTHON actor_or_task=RolloutWorker.__init__ pid=3414084): {CPU: 1.000000}
[state-dump]     - (language=PYTHON actor_or_task=RolloutWorker.__init__ pid=3414091): {CPU: 1.000000}
[state-dump]     - (language=PYTHON actor_or_task=RolloutWorker.__init__ pid=3414089): {CPU: 1.000000}
[state-dump]     - (language=PYTHON actor_or_task=RolloutWorker.__init__ pid=3414085): {CPU: 1.000000}
[state-dump]     - (language=PYTHON actor_or_task=RolloutWorker.__init__ pid=3414094): {CPU: 1.000000}
[state-dump]     - (language=PYTHON actor_or_task=RolloutWorker.__init__ pid=3414083): {CPU: 1.000000}
[state-dump]     - (language=PYTHON actor_or_task=RolloutWorker.__init__ pid=3414088): {CPU: 1.000000}
[state-dump]     - (language=PYTHON actor_or_task=RolloutWorker.__init__ pid=3414080): {CPU: 1.000000}
[state-dump]     - (language=PYTHON actor_or_task=RolloutWorker.__init__ pid=3414095): {CPU: 1.000000}
[state-dump]     - (language=PYTHON actor_or_task=RolloutWorker.__init__ pid=3414081): {CPU: 1.000000}
[state-dump]     - (language=PYTHON actor_or_task=RolloutWorker.__init__ pid=3414082): {CPU: 1.000000}
[state-dump]     - (language=PYTHON actor_or_task=RolloutWorker.__init__ pid=3414087): {CPU: 1.000000}
[state-dump]     - (language=PYTHON actor_or_task=RolloutWorker.__init__ pid=3414086): {CPU: 1.000000}
[state-dump]     - (language=PYTHON actor_or_task=RolloutWorker.__init__ pid=3414090): {CPU: 1.000000}
[state-dump] }
[state-dump] Running tasks by scheduling class:
[state-dump] ==================================================
[state-dump] 
[state-dump] ClusterResources:
[state-dump] LocalObjectManager:
[state-dump] - num pinned objects: 0
[state-dump] - pinned objects size: 0
[state-dump] - num objects pending restore: 0
[state-dump] - num objects pending spill: 0
[state-dump] - num bytes pending spill: 0
[state-dump] - num bytes currently spilled: 0
[state-dump] - cumulative spill requests: 0
[state-dump] - cumulative restore requests: 0
[state-dump] - spilled objects pending delete: 0
[state-dump] 
[state-dump] ObjectManager:
[state-dump] - num local objects: 0
[state-dump] - num unfulfilled push requests: 0
[state-dump] - num object pull requests: 0
[state-dump] - num chunks received total: 0
[state-dump] - num chunks received failed (all): 0
[state-dump] - num chunks received failed / cancelled: 0
[state-dump] - num chunks received failed / plasma error: 0
[state-dump] Event stats:
[state-dump] Global stats: 1 total (0 active)
[state-dump] Queueing time: mean = 25.771 us, max = 25.771 us, min = 25.771 us, total = 25.771 us
[state-dump] Execution time:  mean = 5.425 us, total = 5.425 us
[state-dump] Event stats:
[state-dump] 	ObjectManager.FreeObjects - 1 total (0 active), CPU time: mean = 5.425 us, total = 5.425 us
[state-dump] PushManager:
[state-dump] - num pushes in flight: 0
[state-dump] - num chunks in flight: 0
[state-dump] - num chunks remaining: 0
[state-dump] - max chunks allowed: 409
[state-dump] OwnershipBasedObjectDirectory:
[state-dump] - num listeners: 0
[state-dump] - cumulative location updates: 2
[state-dump] - num location updates per second: 0.000
[state-dump] - num location lookups per second: 0.000
[state-dump] - num locations added per second: 0.000
[state-dump] - num locations removed per second: 0.000
[state-dump] BufferPool:
[state-dump] - create buffer state map size: 0
[state-dump] PullManager:
[state-dump] - num bytes available for pulled objects: 200000000000
[state-dump] - num bytes being pulled (all): 0
[state-dump] - num bytes being pulled / pinned: 0
[state-dump] - get request bundles: BundlePullRequestQueue{0 total, 0 active, 0 inactive, 0 unpullable}
[state-dump] - wait request bundles: BundlePullRequestQueue{0 total, 0 active, 0 inactive, 0 unpullable}
[state-dump] - task request bundles: BundlePullRequestQueue{0 total, 0 active, 0 inactive, 0 unpullable}
[state-dump] - first get request bundle: N/A
[state-dump] - first wait request bundle: N/A
[state-dump] - first task request bundle: N/A
[state-dump] - num objects queued: 0
[state-dump] - num objects actively pulled (all): 0
[state-dump] - num objects actively pulled / pinned: 0
[state-dump] - num bundles being pulled: 0
[state-dump] - num pull retries: 0
[state-dump] - max timeout seconds: 0
[state-dump] - max timeout request is already processed. No entry.
[state-dump] 
[state-dump] WorkerPool:
[state-dump] - registered jobs: 1
[state-dump] - process_failed_job_config_missing: 0
[state-dump] - process_failed_rate_limited: 0
[state-dump] - process_failed_pending_registration: 0
[state-dump] - process_failed_runtime_env_setup_failed: 0
[state-dump] - num JAVA workers: 0
[state-dump] - num JAVA drivers: 0
[state-dump] - num object spill callbacks queued: 0
[state-dump] - num object restore queued: 0
[state-dump] - num util functions queued: 0
[state-dump] - num PYTHON workers: 17
[state-dump] - num PYTHON drivers: 1
[state-dump] - num object spill callbacks queued: 0
[state-dump] - num object restore queued: 0
[state-dump] - num util functions queued: 0
[state-dump] - num idle workers: 1
[state-dump] TaskDependencyManager:
[state-dump] - task deps map size: 0
[state-dump] - get req map size: 0
[state-dump] - wait req map size: 0
[state-dump] - local objects map size: 0
[state-dump] WaitManager:
[state-dump] - num active wait requests: 0
[state-dump] Subscriber:
[state-dump] Channel WORKER_REF_REMOVED_CHANNEL
[state-dump] - cumulative subscribe requests: 0
[state-dump] - cumulative unsubscribe requests: 0
[state-dump] - active subscribed publishers: 0
[state-dump] - cumulative published messages: 0
[state-dump] - cumulative processed messages: 0
[state-dump] Channel WORKER_OBJECT_EVICTION
[state-dump] - cumulative subscribe requests: 1
[state-dump] - cumulative unsubscribe requests: 1
[state-dump] - active subscribed publishers: 0
[state-dump] - cumulative published messages: 1
[state-dump] - cumulative processed messages: 1
[state-dump] Channel WORKER_OBJECT_LOCATIONS_CHANNEL
[state-dump] - cumulative subscribe requests: 5
[state-dump] - cumulative unsubscribe requests: 5
[state-dump] - active subscribed publishers: 0
[state-dump] - cumulative published messages: 2
[state-dump] - cumulative processed messages: 2
[state-dump] num async plasma notifications: 0
[state-dump] Remote node managers: 
[state-dump] Event stats:
[state-dump] Global stats: 118339 total (27 active)
[state-dump] Queueing time: mean = 6.204 ms, max = 41.724 s, min = -0.000 s, total = 734.152 s
[state-dump] Execution time:  mean = 18.507 us, total = 2.190 s
[state-dump] Event stats:
[state-dump] 	NodeManagerService.grpc_server.ReportWorkerBacklog - 31406 total (0 active), CPU time: mean = 24.362 us, total = 765.122 ms
[state-dump] 	UNKNOWN - 19802 total (3 active), CPU time: mean = 1.881 us, total = 37.239 ms
[state-dump] 	ObjectManager.UpdateAvailableMemory - 17998 total (0 active), CPU time: mean = 463.085 ns, total = 8.335 ms
[state-dump] 	NodeManagerService.grpc_server.RequestResourceReport - 17845 total (0 active), CPU time: mean = 31.507 us, total = 562.238 ms
[state-dump] 	NodeManagerService.grpc_server.UpdateResourceUsage - 17844 total (0 active), CPU time: mean = 29.554 us, total = 527.360 ms
[state-dump] 	RayletWorkerPool.deadline_timer.kill_idle_workers - 9000 total (1 active), CPU time: mean = 4.362 us, total = 39.255 ms
[state-dump] 	NodeManagerService.grpc_server.GetResourceLoad - 1800 total (0 active), CPU time: mean = 28.827 us, total = 51.889 ms
[state-dump] 	NodeManager.deadline_timer.flush_free_objects - 1800 total (1 active), CPU time: mean = 2.499 us, total = 4.498 ms
[state-dump] 	ClientConnection.async_read.ReadBufferAsync - 328 total (18 active), CPU time: mean = 77.030 us, total = 25.266 ms
[state-dump] 	NodeManager.deadline_timer.debug_state_dump - 180 total (1 active), CPU time: mean = 371.543 us, total = 66.878 ms
[state-dump] 	NodeManager.deadline_timer.record_metrics - 120 total (1 active), CPU time: mean = 200.539 us, total = 24.065 ms
[state-dump] 	CoreWorkerService.grpc_client.LocalGC - 36 total (0 active), CPU time: mean = 8.771 us, total = 315.752 us
[state-dump] 	NodeManager.deadline_timer.print_event_loop_stats - 30 total (1 active, 1 running), CPU time: mean = 543.175 us, total = 16.295 ms
[state-dump] 	ObjectManager.ObjectAdded - 19 total (0 active), CPU time: mean = 22.134 us, total = 420.540 us
[state-dump] 	ObjectManager.ObjectDeleted - 19 total (0 active), CPU time: mean = 11.208 us, total = 212.953 us
[state-dump] 	NodeManagerService.grpc_server.GetSystemConfig - 18 total (0 active), CPU time: mean = 34.279 us, total = 617.027 us
[state-dump] 	ClientConnection.async_write.DoAsyncWrites - 18 total (0 active), CPU time: mean = 435.056 ns, total = 7.831 us
[state-dump] 	NodeManagerService.grpc_server.RequestWorkerLease - 17 total (0 active), CPU time: mean = 1.227 ms, total = 20.867 ms
[state-dump] 	CoreWorkerService.grpc_client.DirectActorCallArgWaitComplete - 16 total (0 active), CPU time: mean = 8.380 us, total = 134.072 us
[state-dump] 	PeriodicalRunner.RunFnPeriodically - 8 total (0 active), CPU time: mean = 273.916 us, total = 2.191 ms
[state-dump] 	CoreWorkerService.grpc_client.PubsubCommandBatch - 8 total (0 active), CPU time: mean = 58.221 us, total = 465.766 us
[state-dump] 	CoreWorkerService.grpc_client.PubsubLongPolling - 7 total (0 active), CPU time: mean = 147.979 us, total = 1.036 ms
[state-dump] 	InternalPubSubGcsService.grpc_client.GcsSubscriberPoll - 5 total (1 active), CPU time: mean = 54.000 us, total = 270.002 us
[state-dump] 	InternalPubSubGcsService.grpc_client.GcsSubscriberCommandBatch - 2 total (0 active), CPU time: mean = 59.350 us, total = 118.700 us
[state-dump] 	Subscriber.HandlePublishedMessage_WORKER_OBJECT_LOCATIONS_CHANNEL - 2 total (0 active), CPU time: mean = 24.247 us, total = 48.493 us
[state-dump] 	CoreWorkerService.grpc_client.UpdateObjectLocationBatch - 2 total (0 active), CPU time: mean = 18.242 us, total = 36.484 us
[state-dump] 	NodeInfoGcsService.grpc_client.GetAllNodeInfo - 1 total (0 active), CPU time: mean = 28.066 us, total = 28.066 us
[state-dump] 	Subscriber.HandlePublishedMessage_GCS_JOB_CHANNEL - 1 total (0 active), CPU time: mean = 47.159 us, total = 47.159 us
[state-dump] 	NodeInfoGcsService.grpc_client.GetInternalConfig - 1 total (0 active), CPU time: mean = 33.796 ms, total = 33.796 ms
[state-dump] 	JobInfoGcsService.grpc_client.GetAllJobInfo - 1 total (0 active), CPU time: mean = 343.023 us, total = 343.023 us
[state-dump] 	NodeInfoGcsService.grpc_client.RegisterNode - 1 total (0 active), CPU time: mean = 203.359 us, total = 203.359 us
[state-dump] 	AgentManagerService.grpc_server.RegisterAgent - 1 total (0 active), CPU time: mean = 194.419 us, total = 194.419 us
[state-dump] 	Subscriber.HandlePublishedMessage_WORKER_OBJECT_EVICTION - 1 total (0 active), CPU time: mean = 66.553 us, total = 66.553 us
[state-dump] 	JobInfoGcsService.grpc_client.AddJob - 1 total (0 active), CPU time: mean = 23.962 us, total = 23.962 us
[state-dump] 	NodeManagerService.grpc_server.PinObjectIDs - 1 total (0 active), CPU time: mean = 169.418 us, total = 169.418 us
[state-dump] DebugString() time ms: 0
[state-dump] 
[state-dump] 
[2026-01-30 14:32:31,596 I 3413275 3413275] (raylet) node_manager.cc:667: Sending Python GC request to 18 local workers to clean up Python cyclic references.
[2026-01-30 14:33:31,364 I 3413275 3413375] (raylet) store.cc:551: ========== Plasma store: =================
Current usage: 0 / 200 GB
- num bytes created total: 7953630
0 pending objects of total size 0MB
- objects spillable: 0
- bytes spillable: 0
- objects unsealed: 0
- bytes unsealed: 0
- objects in use: 0
- bytes in use: 0
- objects evictable: 0
- bytes evictable: 0

- objects created by worker: 0
- bytes created by worker: 0
- objects restored: 0
- bytes restored: 0
- objects received: 0
- bytes received: 0
- objects errored: 0
- bytes errored: 0

[2026-01-30 14:33:31,399 I 3413275 3413275] (raylet) node_manager.cc:540: [state-dump] Event stats:
[state-dump] 
[state-dump] 
[state-dump] Global stats: 122320 total (27 active)
[state-dump] Queueing time: mean = 6.002 ms, max = 41.724 s, min = -0.000 s, total = 734.192 s
[state-dump] Execution time:  mean = 18.457 us, total = 2.258 s
[state-dump] Event stats:
[state-dump] 	NodeManagerService.grpc_server.ReportWorkerBacklog - 32486 total (0 active), CPU time: mean = 24.346 us, total = 790.898 ms
[state-dump] 	UNKNOWN - 20462 total (3 active), CPU time: mean = 1.883 us, total = 38.531 ms
[state-dump] 	ObjectManager.UpdateAvailableMemory - 18598 total (0 active), CPU time: mean = 461.404 ns, total = 8.581 ms
[state-dump] 	NodeManagerService.grpc_server.RequestResourceReport - 18441 total (0 active), CPU time: mean = 31.442 us, total = 579.816 ms
[state-dump] 	NodeManagerService.grpc_server.UpdateResourceUsage - 18440 total (0 active), CPU time: mean = 29.463 us, total = 543.298 ms
[state-dump] 	RayletWorkerPool.deadline_timer.kill_idle_workers - 9300 total (1 active), CPU time: mean = 4.355 us, total = 40.498 ms
[state-dump] 	NodeManagerService.grpc_server.GetResourceLoad - 1860 total (0 active), CPU time: mean = 28.756 us, total = 53.487 ms
[state-dump] 	NodeManager.deadline_timer.flush_free_objects - 1860 total (1 active), CPU time: mean = 2.515 us, total = 4.678 ms
[state-dump] 	ClientConnection.async_read.ReadBufferAsync - 328 total (18 active), CPU time: mean = 77.030 us, total = 25.266 ms
[state-dump] 	NodeManager.deadline_timer.debug_state_dump - 186 total (1 active), CPU time: mean = 371.710 us, total = 69.138 ms
[state-dump] 	NodeManager.deadline_timer.record_metrics - 124 total (1 active), CPU time: mean = 200.094 us, total = 24.812 ms
[state-dump] 	CoreWorkerService.grpc_client.LocalGC - 54 total (0 active), CPU time: mean = 9.701 us, total = 523.859 us
[state-dump] 	NodeManager.deadline_timer.print_event_loop_stats - 31 total (1 active, 1 running), CPU time: mean = 543.138 us, total = 16.837 ms
[state-dump] 	ObjectManager.ObjectAdded - 19 total (0 active), CPU time: mean = 22.134 us, total = 420.540 us
[state-dump] 	ObjectManager.ObjectDeleted - 19 total (0 active), CPU time: mean = 11.208 us, total = 212.953 us
[state-dump] 	NodeManagerService.grpc_server.GetSystemConfig - 18 total (0 active), CPU time: mean = 34.279 us, total = 617.027 us
[state-dump] 	ClientConnection.async_write.DoAsyncWrites - 18 total (0 active), CPU time: mean = 435.056 ns, total = 7.831 us
[state-dump] 	NodeManagerService.grpc_server.RequestWorkerLease - 17 total (0 active), CPU time: mean = 1.227 ms, total = 20.867 ms
[state-dump] 	CoreWorkerService.grpc_client.DirectActorCallArgWaitComplete - 16 total (0 active), CPU time: mean = 8.380 us, total = 134.072 us
[state-dump] 	PeriodicalRunner.RunFnPeriodically - 8 total (0 active), CPU time: mean = 273.916 us, total = 2.191 ms
[state-dump] 	CoreWorkerService.grpc_client.PubsubCommandBatch - 8 total (0 active), CPU time: mean = 58.221 us, total = 465.766 us
[state-dump] 	CoreWorkerService.grpc_client.PubsubLongPolling - 7 total (0 active), CPU time: mean = 147.979 us, total = 1.036 ms
[state-dump] 	InternalPubSubGcsService.grpc_client.GcsSubscriberPoll - 5 total (1 active), CPU time: mean = 54.000 us, total = 270.002 us
[state-dump] 	InternalPubSubGcsService.grpc_client.GcsSubscriberCommandBatch - 2 total (0 active), CPU time: mean = 59.350 us, total = 118.700 us
[state-dump] 	Subscriber.HandlePublishedMessage_WORKER_OBJECT_LOCATIONS_CHANNEL - 2 total (0 active), CPU time: mean = 24.247 us, total = 48.493 us
[state-dump] 	CoreWorkerService.grpc_client.UpdateObjectLocationBatch - 2 total (0 active), CPU time: mean = 18.242 us, total = 36.484 us
[state-dump] 	NodeInfoGcsService.grpc_client.GetAllNodeInfo - 1 total (0 active), CPU time: mean = 28.066 us, total = 28.066 us
[state-dump] 	Subscriber.HandlePublishedMessage_GCS_JOB_CHANNEL - 1 total (0 active), CPU time: mean = 47.159 us, total = 47.159 us
[state-dump] 	NodeInfoGcsService.grpc_client.GetInternalConfig - 1 total (0 active), CPU time: mean = 33.796 ms, total = 33.796 ms
[state-dump] 	JobInfoGcsService.grpc_client.GetAllJobInfo - 1 total (0 active), CPU time: mean = 343.023 us, total = 343.023 us
[state-dump] 	NodeInfoGcsService.grpc_client.RegisterNode - 1 total (0 active), CPU time: mean = 203.359 us, total = 203.359 us
[state-dump] 	AgentManagerService.grpc_server.RegisterAgent - 1 total (0 active), CPU time: mean = 194.419 us, total = 194.419 us
[state-dump] 	Subscriber.HandlePublishedMessage_WORKER_OBJECT_EVICTION - 1 total (0 active), CPU time: mean = 66.553 us, total = 66.553 us
[state-dump] 	JobInfoGcsService.grpc_client.AddJob - 1 total (0 active), CPU time: mean = 23.962 us, total = 23.962 us
[state-dump] 	NodeManagerService.grpc_server.PinObjectIDs - 1 total (0 active), CPU time: mean = 169.418 us, total = 169.418 us
[state-dump] 
[state-dump] NodeManager:
[state-dump] Node ID: 435ff685d8e66afce15860cd5b4687480235848d386ffa5d5547bd3d
[state-dump] Node name: 10.137.21.59
[state-dump] InitialConfigResources: {memory: 8135216732160000, GPU: 20000, node:10.137.21.59: 10000, CPU: 170000, object_store_memory: 2000000000000000, accelerator_type:H100: 10000}
[state-dump] ClusterTaskManager:
[state-dump] ========== Node: 435ff685d8e66afce15860cd5b4687480235848d386ffa5d5547bd3d =================
[state-dump] Infeasible queue length: 1
[state-dump] Schedule queue length: 0
[state-dump] Dispatch queue length: 0
[state-dump] num_waiting_for_resource: 0
[state-dump] num_waiting_for_plasma_memory: 0
[state-dump] num_waiting_for_remote_node_resources: 0
[state-dump] num_worker_not_started_by_job_config_not_exist: 0
[state-dump] num_worker_not_started_by_registration_timeout: 0
[state-dump] num_tasks_waiting_for_workers: 0
[state-dump] num_cancelled_tasks: 0
[state-dump] cluster_resource_scheduler state: 
[state-dump] Local id: -8058881002343059789 Local resources: {node:10.137.21.59: [10000]/[10000], CPU: [10000]/[170000], object_store_memory: [2000000000000000]/[2000000000000000], memory: [8135216732160000]/[8135216732160000], GPU: [10000, 10000]/[10000, 10000], accelerator_type:H100: [10000]/[10000]}node id: -8058881002343059789{node:10.137.21.59: 10000/10000, CPU: 10000/170000, object_store_memory: 2000000000000000/2000000000000000, memory: 8135216732160000/8135216732160000, GPU: 20000/20000, accelerator_type:H100: 10000/10000}{ "placment group locations": [], "node to bundles": []}
[state-dump] Waiting tasks size: 0
[state-dump] Number of executing tasks: 0
[state-dump] Number of pinned task arguments: 0
[state-dump] Number of total spilled tasks: 0
[state-dump] Number of spilled waiting tasks: 0
[state-dump] Number of spilled unschedulable tasks: 0
[state-dump] Resource usage {
[state-dump]     - (language=PYTHON actor_or_task=RolloutWorker.__init__ pid=3414093): {CPU: 1.000000}
[state-dump]     - (language=PYTHON actor_or_task=RolloutWorker.__init__ pid=3414092): {CPU: 1.000000}
[state-dump]     - (language=PYTHON actor_or_task=RolloutWorker.__init__ pid=3414084): {CPU: 1.000000}
[state-dump]     - (language=PYTHON actor_or_task=RolloutWorker.__init__ pid=3414091): {CPU: 1.000000}
[state-dump]     - (language=PYTHON actor_or_task=RolloutWorker.__init__ pid=3414089): {CPU: 1.000000}
[state-dump]     - (language=PYTHON actor_or_task=RolloutWorker.__init__ pid=3414085): {CPU: 1.000000}
[state-dump]     - (language=PYTHON actor_or_task=RolloutWorker.__init__ pid=3414094): {CPU: 1.000000}
[state-dump]     - (language=PYTHON actor_or_task=RolloutWorker.__init__ pid=3414083): {CPU: 1.000000}
[state-dump]     - (language=PYTHON actor_or_task=RolloutWorker.__init__ pid=3414088): {CPU: 1.000000}
[state-dump]     - (language=PYTHON actor_or_task=RolloutWorker.__init__ pid=3414080): {CPU: 1.000000}
[state-dump]     - (language=PYTHON actor_or_task=RolloutWorker.__init__ pid=3414095): {CPU: 1.000000}
[state-dump]     - (language=PYTHON actor_or_task=RolloutWorker.__init__ pid=3414081): {CPU: 1.000000}
[state-dump]     - (language=PYTHON actor_or_task=RolloutWorker.__init__ pid=3414082): {CPU: 1.000000}
[state-dump]     - (language=PYTHON actor_or_task=RolloutWorker.__init__ pid=3414087): {CPU: 1.000000}
[state-dump]     - (language=PYTHON actor_or_task=RolloutWorker.__init__ pid=3414086): {CPU: 1.000000}
[state-dump]     - (language=PYTHON actor_or_task=RolloutWorker.__init__ pid=3414090): {CPU: 1.000000}
[state-dump] }
[state-dump] Running tasks by scheduling class:
[state-dump] ==================================================
[state-dump] 
[state-dump] ClusterResources:
[state-dump] LocalObjectManager:
[state-dump] - num pinned objects: 0
[state-dump] - pinned objects size: 0
[state-dump] - num objects pending restore: 0
[state-dump] - num objects pending spill: 0
[state-dump] - num bytes pending spill: 0
[state-dump] - num bytes currently spilled: 0
[state-dump] - cumulative spill requests: 0
[state-dump] - cumulative restore requests: 0
[state-dump] - spilled objects pending delete: 0
[state-dump] 
[state-dump] ObjectManager:
[state-dump] - num local objects: 0
[state-dump] - num unfulfilled push requests: 0
[state-dump] - num object pull requests: 0
[state-dump] - num chunks received total: 0
[state-dump] - num chunks received failed (all): 0
[state-dump] - num chunks received failed / cancelled: 0
[state-dump] - num chunks received failed / plasma error: 0
[state-dump] Event stats:
[state-dump] Global stats: 1 total (0 active)
[state-dump] Queueing time: mean = 25.771 us, max = 25.771 us, min = 25.771 us, total = 25.771 us
[state-dump] Execution time:  mean = 5.425 us, total = 5.425 us
[state-dump] Event stats:
[state-dump] 	ObjectManager.FreeObjects - 1 total (0 active), CPU time: mean = 5.425 us, total = 5.425 us
[state-dump] PushManager:
[state-dump] - num pushes in flight: 0
[state-dump] - num chunks in flight: 0
[state-dump] - num chunks remaining: 0
[state-dump] - max chunks allowed: 409
[state-dump] OwnershipBasedObjectDirectory:
[state-dump] - num listeners: 0
[state-dump] - cumulative location updates: 2
[state-dump] - num location updates per second: 0.000
[state-dump] - num location lookups per second: 0.000
[state-dump] - num locations added per second: 0.000
[state-dump] - num locations removed per second: 0.000
[state-dump] BufferPool:
[state-dump] - create buffer state map size: 0
[state-dump] PullManager:
[state-dump] - num bytes available for pulled objects: 200000000000
[state-dump] - num bytes being pulled (all): 0
[state-dump] - num bytes being pulled / pinned: 0
[state-dump] - get request bundles: BundlePullRequestQueue{0 total, 0 active, 0 inactive, 0 unpullable}
[state-dump] - wait request bundles: BundlePullRequestQueue{0 total, 0 active, 0 inactive, 0 unpullable}
[state-dump] - task request bundles: BundlePullRequestQueue{0 total, 0 active, 0 inactive, 0 unpullable}
[state-dump] - first get request bundle: N/A
[state-dump] - first wait request bundle: N/A
[state-dump] - first task request bundle: N/A
[state-dump] - num objects queued: 0
[state-dump] - num objects actively pulled (all): 0
[state-dump] - num objects actively pulled / pinned: 0
[state-dump] - num bundles being pulled: 0
[state-dump] - num pull retries: 0
[state-dump] - max timeout seconds: 0
[state-dump] - max timeout request is already processed. No entry.
[state-dump] 
[state-dump] WorkerPool:
[state-dump] - registered jobs: 1
[state-dump] - process_failed_job_config_missing: 0
[state-dump] - process_failed_rate_limited: 0
[state-dump] - process_failed_pending_registration: 0
[state-dump] - process_failed_runtime_env_setup_failed: 0
[state-dump] - num JAVA workers: 0
[state-dump] - num JAVA drivers: 0
[state-dump] - num object spill callbacks queued: 0
[state-dump] - num object restore queued: 0
[state-dump] - num util functions queued: 0
[state-dump] - num PYTHON workers: 17
[state-dump] - num PYTHON drivers: 1
[state-dump] - num object spill callbacks queued: 0
[state-dump] - num object restore queued: 0
[state-dump] - num util functions queued: 0
[state-dump] - num idle workers: 1
[state-dump] TaskDependencyManager:
[state-dump] - task deps map size: 0
[state-dump] - get req map size: 0
[state-dump] - wait req map size: 0
[state-dump] - local objects map size: 0
[state-dump] WaitManager:
[state-dump] - num active wait requests: 0
[state-dump] Subscriber:
[state-dump] Channel WORKER_REF_REMOVED_CHANNEL
[state-dump] - cumulative subscribe requests: 0
[state-dump] - cumulative unsubscribe requests: 0
[state-dump] - active subscribed publishers: 0
[state-dump] - cumulative published messages: 0
[state-dump] - cumulative processed messages: 0
[state-dump] Channel WORKER_OBJECT_EVICTION
[state-dump] - cumulative subscribe requests: 1
[state-dump] - cumulative unsubscribe requests: 1
[state-dump] - active subscribed publishers: 0
[state-dump] - cumulative published messages: 1
[state-dump] - cumulative processed messages: 1
[state-dump] Channel WORKER_OBJECT_LOCATIONS_CHANNEL
[state-dump] - cumulative subscribe requests: 5
[state-dump] - cumulative unsubscribe requests: 5
[state-dump] - active subscribed publishers: 0
[state-dump] - cumulative published messages: 2
[state-dump] - cumulative processed messages: 2
[state-dump] num async plasma notifications: 0
[state-dump] Remote node managers: 
[state-dump] Event stats:
[state-dump] Global stats: 122320 total (27 active)
[state-dump] Queueing time: mean = 6.002 ms, max = 41.724 s, min = -0.000 s, total = 734.192 s
[state-dump] Execution time:  mean = 18.457 us, total = 2.258 s
[state-dump] Event stats:
[state-dump] 	NodeManagerService.grpc_server.ReportWorkerBacklog - 32486 total (0 active), CPU time: mean = 24.346 us, total = 790.898 ms
[state-dump] 	UNKNOWN - 20462 total (3 active), CPU time: mean = 1.883 us, total = 38.531 ms
[state-dump] 	ObjectManager.UpdateAvailableMemory - 18598 total (0 active), CPU time: mean = 461.404 ns, total = 8.581 ms
[state-dump] 	NodeManagerService.grpc_server.RequestResourceReport - 18441 total (0 active), CPU time: mean = 31.442 us, total = 579.816 ms
[state-dump] 	NodeManagerService.grpc_server.UpdateResourceUsage - 18440 total (0 active), CPU time: mean = 29.463 us, total = 543.298 ms
[state-dump] 	RayletWorkerPool.deadline_timer.kill_idle_workers - 9300 total (1 active), CPU time: mean = 4.355 us, total = 40.498 ms
[state-dump] 	NodeManagerService.grpc_server.GetResourceLoad - 1860 total (0 active), CPU time: mean = 28.756 us, total = 53.487 ms
[state-dump] 	NodeManager.deadline_timer.flush_free_objects - 1860 total (1 active), CPU time: mean = 2.515 us, total = 4.678 ms
[state-dump] 	ClientConnection.async_read.ReadBufferAsync - 328 total (18 active), CPU time: mean = 77.030 us, total = 25.266 ms
[state-dump] 	NodeManager.deadline_timer.debug_state_dump - 186 total (1 active), CPU time: mean = 371.710 us, total = 69.138 ms
[state-dump] 	NodeManager.deadline_timer.record_metrics - 124 total (1 active), CPU time: mean = 200.094 us, total = 24.812 ms
[state-dump] 	CoreWorkerService.grpc_client.LocalGC - 54 total (0 active), CPU time: mean = 9.701 us, total = 523.859 us
[state-dump] 	NodeManager.deadline_timer.print_event_loop_stats - 31 total (1 active, 1 running), CPU time: mean = 543.138 us, total = 16.837 ms
[state-dump] 	ObjectManager.ObjectAdded - 19 total (0 active), CPU time: mean = 22.134 us, total = 420.540 us
[state-dump] 	ObjectManager.ObjectDeleted - 19 total (0 active), CPU time: mean = 11.208 us, total = 212.953 us
[state-dump] 	NodeManagerService.grpc_server.GetSystemConfig - 18 total (0 active), CPU time: mean = 34.279 us, total = 617.027 us
[state-dump] 	ClientConnection.async_write.DoAsyncWrites - 18 total (0 active), CPU time: mean = 435.056 ns, total = 7.831 us
[state-dump] 	NodeManagerService.grpc_server.RequestWorkerLease - 17 total (0 active), CPU time: mean = 1.227 ms, total = 20.867 ms
[state-dump] 	CoreWorkerService.grpc_client.DirectActorCallArgWaitComplete - 16 total (0 active), CPU time: mean = 8.380 us, total = 134.072 us
[state-dump] 	PeriodicalRunner.RunFnPeriodically - 8 total (0 active), CPU time: mean = 273.916 us, total = 2.191 ms
[state-dump] 	CoreWorkerService.grpc_client.PubsubCommandBatch - 8 total (0 active), CPU time: mean = 58.221 us, total = 465.766 us
[state-dump] 	CoreWorkerService.grpc_client.PubsubLongPolling - 7 total (0 active), CPU time: mean = 147.979 us, total = 1.036 ms
[state-dump] 	InternalPubSubGcsService.grpc_client.GcsSubscriberPoll - 5 total (1 active), CPU time: mean = 54.000 us, total = 270.002 us
[state-dump] 	InternalPubSubGcsService.grpc_client.GcsSubscriberCommandBatch - 2 total (0 active), CPU time: mean = 59.350 us, total = 118.700 us
[state-dump] 	Subscriber.HandlePublishedMessage_WORKER_OBJECT_LOCATIONS_CHANNEL - 2 total (0 active), CPU time: mean = 24.247 us, total = 48.493 us
[state-dump] 	CoreWorkerService.grpc_client.UpdateObjectLocationBatch - 2 total (0 active), CPU time: mean = 18.242 us, total = 36.484 us
[state-dump] 	NodeInfoGcsService.grpc_client.GetAllNodeInfo - 1 total (0 active), CPU time: mean = 28.066 us, total = 28.066 us
[state-dump] 	Subscriber.HandlePublishedMessage_GCS_JOB_CHANNEL - 1 total (0 active), CPU time: mean = 47.159 us, total = 47.159 us
[state-dump] 	NodeInfoGcsService.grpc_client.GetInternalConfig - 1 total (0 active), CPU time: mean = 33.796 ms, total = 33.796 ms
[state-dump] 	JobInfoGcsService.grpc_client.GetAllJobInfo - 1 total (0 active), CPU time: mean = 343.023 us, total = 343.023 us
[state-dump] 	NodeInfoGcsService.grpc_client.RegisterNode - 1 total (0 active), CPU time: mean = 203.359 us, total = 203.359 us
[state-dump] 	AgentManagerService.grpc_server.RegisterAgent - 1 total (0 active), CPU time: mean = 194.419 us, total = 194.419 us
[state-dump] 	Subscriber.HandlePublishedMessage_WORKER_OBJECT_EVICTION - 1 total (0 active), CPU time: mean = 66.553 us, total = 66.553 us
[state-dump] 	JobInfoGcsService.grpc_client.AddJob - 1 total (0 active), CPU time: mean = 23.962 us, total = 23.962 us
[state-dump] 	NodeManagerService.grpc_server.PinObjectIDs - 1 total (0 active), CPU time: mean = 169.418 us, total = 169.418 us
[state-dump] DebugString() time ms: 0
[state-dump] 
[state-dump] 
[2026-01-30 14:34:31,364 I 3413275 3413375] (raylet) store.cc:551: ========== Plasma store: =================
Current usage: 0 / 200 GB
- num bytes created total: 7953630
0 pending objects of total size 0MB
- objects spillable: 0
- bytes spillable: 0
- objects unsealed: 0
- bytes unsealed: 0
- objects in use: 0
- bytes in use: 0
- objects evictable: 0
- bytes evictable: 0

- objects created by worker: 0
- bytes created by worker: 0
- objects restored: 0
- bytes restored: 0
- objects received: 0
- bytes received: 0
- objects errored: 0
- bytes errored: 0

[2026-01-30 14:34:31,399 I 3413275 3413275] (raylet) node_manager.cc:540: [state-dump] Event stats:
[state-dump] 
[state-dump] 
[state-dump] Global stats: 126284 total (27 active)
[state-dump] Queueing time: mean = 5.814 ms, max = 41.724 s, min = -0.000 s, total = 734.230 s
[state-dump] Execution time:  mean = 18.405 us, total = 2.324 s
[state-dump] Event stats:
[state-dump] 	NodeManagerService.grpc_server.ReportWorkerBacklog - 33566 total (0 active), CPU time: mean = 24.324 us, total = 816.469 ms
[state-dump] 	UNKNOWN - 21122 total (3 active), CPU time: mean = 1.887 us, total = 39.867 ms
[state-dump] 	ObjectManager.UpdateAvailableMemory - 19198 total (0 active), CPU time: mean = 460.570 ns, total = 8.842 ms
[state-dump] 	NodeManagerService.grpc_server.RequestResourceReport - 19037 total (0 active), CPU time: mean = 31.343 us, total = 596.679 ms
[state-dump] 	NodeManagerService.grpc_server.UpdateResourceUsage - 19037 total (0 active), CPU time: mean = 29.367 us, total = 559.059 ms
[state-dump] 	RayletWorkerPool.deadline_timer.kill_idle_workers - 9600 total (1 active), CPU time: mean = 4.341 us, total = 41.675 ms
[state-dump] 	NodeManagerService.grpc_server.GetResourceLoad - 1920 total (0 active), CPU time: mean = 28.695 us, total = 55.095 ms
[state-dump] 	NodeManager.deadline_timer.flush_free_objects - 1920 total (1 active), CPU time: mean = 2.501 us, total = 4.801 ms
[state-dump] 	ClientConnection.async_read.ReadBufferAsync - 328 total (18 active), CPU time: mean = 77.030 us, total = 25.266 ms
[state-dump] 	NodeManager.deadline_timer.debug_state_dump - 192 total (1 active), CPU time: mean = 371.541 us, total = 71.336 ms
[state-dump] 	NodeManager.deadline_timer.record_metrics - 128 total (1 active), CPU time: mean = 202.878 us, total = 25.968 ms
[state-dump] 	CoreWorkerService.grpc_client.LocalGC - 54 total (0 active), CPU time: mean = 9.701 us, total = 523.859 us
[state-dump] 	NodeManager.deadline_timer.print_event_loop_stats - 32 total (1 active, 1 running), CPU time: mean = 542.984 us, total = 17.375 ms
[state-dump] 	ObjectManager.ObjectAdded - 19 total (0 active), CPU time: mean = 22.134 us, total = 420.540 us
[state-dump] 	ObjectManager.ObjectDeleted - 19 total (0 active), CPU time: mean = 11.208 us, total = 212.953 us
[state-dump] 	NodeManagerService.grpc_server.GetSystemConfig - 18 total (0 active), CPU time: mean = 34.279 us, total = 617.027 us
[state-dump] 	ClientConnection.async_write.DoAsyncWrites - 18 total (0 active), CPU time: mean = 435.056 ns, total = 7.831 us
[state-dump] 	NodeManagerService.grpc_server.RequestWorkerLease - 17 total (0 active), CPU time: mean = 1.227 ms, total = 20.867 ms
[state-dump] 	CoreWorkerService.grpc_client.DirectActorCallArgWaitComplete - 16 total (0 active), CPU time: mean = 8.380 us, total = 134.072 us
[state-dump] 	PeriodicalRunner.RunFnPeriodically - 8 total (0 active), CPU time: mean = 273.916 us, total = 2.191 ms
[state-dump] 	CoreWorkerService.grpc_client.PubsubCommandBatch - 8 total (0 active), CPU time: mean = 58.221 us, total = 465.766 us
[state-dump] 	CoreWorkerService.grpc_client.PubsubLongPolling - 7 total (0 active), CPU time: mean = 147.979 us, total = 1.036 ms
[state-dump] 	InternalPubSubGcsService.grpc_client.GcsSubscriberPoll - 5 total (1 active), CPU time: mean = 54.000 us, total = 270.002 us
[state-dump] 	InternalPubSubGcsService.grpc_client.GcsSubscriberCommandBatch - 2 total (0 active), CPU time: mean = 59.350 us, total = 118.700 us
[state-dump] 	Subscriber.HandlePublishedMessage_WORKER_OBJECT_LOCATIONS_CHANNEL - 2 total (0 active), CPU time: mean = 24.247 us, total = 48.493 us
[state-dump] 	CoreWorkerService.grpc_client.UpdateObjectLocationBatch - 2 total (0 active), CPU time: mean = 18.242 us, total = 36.484 us
[state-dump] 	NodeInfoGcsService.grpc_client.GetAllNodeInfo - 1 total (0 active), CPU time: mean = 28.066 us, total = 28.066 us
[state-dump] 	Subscriber.HandlePublishedMessage_GCS_JOB_CHANNEL - 1 total (0 active), CPU time: mean = 47.159 us, total = 47.159 us
[state-dump] 	NodeInfoGcsService.grpc_client.GetInternalConfig - 1 total (0 active), CPU time: mean = 33.796 ms, total = 33.796 ms
[state-dump] 	JobInfoGcsService.grpc_client.GetAllJobInfo - 1 total (0 active), CPU time: mean = 343.023 us, total = 343.023 us
[state-dump] 	NodeInfoGcsService.grpc_client.RegisterNode - 1 total (0 active), CPU time: mean = 203.359 us, total = 203.359 us
[state-dump] 	AgentManagerService.grpc_server.RegisterAgent - 1 total (0 active), CPU time: mean = 194.419 us, total = 194.419 us
[state-dump] 	Subscriber.HandlePublishedMessage_WORKER_OBJECT_EVICTION - 1 total (0 active), CPU time: mean = 66.553 us, total = 66.553 us
[state-dump] 	JobInfoGcsService.grpc_client.AddJob - 1 total (0 active), CPU time: mean = 23.962 us, total = 23.962 us
[state-dump] 	NodeManagerService.grpc_server.PinObjectIDs - 1 total (0 active), CPU time: mean = 169.418 us, total = 169.418 us
[state-dump] 
[state-dump] NodeManager:
[state-dump] Node ID: 435ff685d8e66afce15860cd5b4687480235848d386ffa5d5547bd3d
[state-dump] Node name: 10.137.21.59
[state-dump] InitialConfigResources: {memory: 8135216732160000, GPU: 20000, node:10.137.21.59: 10000, CPU: 170000, object_store_memory: 2000000000000000, accelerator_type:H100: 10000}
[state-dump] ClusterTaskManager:
[state-dump] ========== Node: 435ff685d8e66afce15860cd5b4687480235848d386ffa5d5547bd3d =================
[state-dump] Infeasible queue length: 1
[state-dump] Schedule queue length: 0
[state-dump] Dispatch queue length: 0
[state-dump] num_waiting_for_resource: 0
[state-dump] num_waiting_for_plasma_memory: 0
[state-dump] num_waiting_for_remote_node_resources: 0
[state-dump] num_worker_not_started_by_job_config_not_exist: 0
[state-dump] num_worker_not_started_by_registration_timeout: 0
[state-dump] num_tasks_waiting_for_workers: 0
[state-dump] num_cancelled_tasks: 0
[state-dump] cluster_resource_scheduler state: 
[state-dump] Local id: -8058881002343059789 Local resources: {node:10.137.21.59: [10000]/[10000], CPU: [10000]/[170000], object_store_memory: [2000000000000000]/[2000000000000000], memory: [8135216732160000]/[8135216732160000], GPU: [10000, 10000]/[10000, 10000], accelerator_type:H100: [10000]/[10000]}node id: -8058881002343059789{node:10.137.21.59: 10000/10000, CPU: 10000/170000, object_store_memory: 2000000000000000/2000000000000000, memory: 8135216732160000/8135216732160000, GPU: 20000/20000, accelerator_type:H100: 10000/10000}{ "placment group locations": [], "node to bundles": []}
[state-dump] Waiting tasks size: 0
[state-dump] Number of executing tasks: 0
[state-dump] Number of pinned task arguments: 0
[state-dump] Number of total spilled tasks: 0
[state-dump] Number of spilled waiting tasks: 0
[state-dump] Number of spilled unschedulable tasks: 0
[state-dump] Resource usage {
[state-dump]     - (language=PYTHON actor_or_task=RolloutWorker.__init__ pid=3414093): {CPU: 1.000000}
[state-dump]     - (language=PYTHON actor_or_task=RolloutWorker.__init__ pid=3414092): {CPU: 1.000000}
[state-dump]     - (language=PYTHON actor_or_task=RolloutWorker.__init__ pid=3414084): {CPU: 1.000000}
[state-dump]     - (language=PYTHON actor_or_task=RolloutWorker.__init__ pid=3414091): {CPU: 1.000000}
[state-dump]     - (language=PYTHON actor_or_task=RolloutWorker.__init__ pid=3414089): {CPU: 1.000000}
[state-dump]     - (language=PYTHON actor_or_task=RolloutWorker.__init__ pid=3414085): {CPU: 1.000000}
[state-dump]     - (language=PYTHON actor_or_task=RolloutWorker.__init__ pid=3414094): {CPU: 1.000000}
[state-dump]     - (language=PYTHON actor_or_task=RolloutWorker.__init__ pid=3414083): {CPU: 1.000000}
[state-dump]     - (language=PYTHON actor_or_task=RolloutWorker.__init__ pid=3414088): {CPU: 1.000000}
[state-dump]     - (language=PYTHON actor_or_task=RolloutWorker.__init__ pid=3414080): {CPU: 1.000000}
[state-dump]     - (language=PYTHON actor_or_task=RolloutWorker.__init__ pid=3414095): {CPU: 1.000000}
[state-dump]     - (language=PYTHON actor_or_task=RolloutWorker.__init__ pid=3414081): {CPU: 1.000000}
[state-dump]     - (language=PYTHON actor_or_task=RolloutWorker.__init__ pid=3414082): {CPU: 1.000000}
[state-dump]     - (language=PYTHON actor_or_task=RolloutWorker.__init__ pid=3414087): {CPU: 1.000000}
[state-dump]     - (language=PYTHON actor_or_task=RolloutWorker.__init__ pid=3414086): {CPU: 1.000000}
[state-dump]     - (language=PYTHON actor_or_task=RolloutWorker.__init__ pid=3414090): {CPU: 1.000000}
[state-dump] }
[state-dump] Running tasks by scheduling class:
[state-dump] ==================================================
[state-dump] 
[state-dump] ClusterResources:
[state-dump] LocalObjectManager:
[state-dump] - num pinned objects: 0
[state-dump] - pinned objects size: 0
[state-dump] - num objects pending restore: 0
[state-dump] - num objects pending spill: 0
[state-dump] - num bytes pending spill: 0
[state-dump] - num bytes currently spilled: 0
[state-dump] - cumulative spill requests: 0
[state-dump] - cumulative restore requests: 0
[state-dump] - spilled objects pending delete: 0
[state-dump] 
[state-dump] ObjectManager:
[state-dump] - num local objects: 0
[state-dump] - num unfulfilled push requests: 0
[state-dump] - num object pull requests: 0
[state-dump] - num chunks received total: 0
[state-dump] - num chunks received failed (all): 0
[state-dump] - num chunks received failed / cancelled: 0
[state-dump] - num chunks received failed / plasma error: 0
[state-dump] Event stats:
[state-dump] Global stats: 1 total (0 active)
[state-dump] Queueing time: mean = 25.771 us, max = 25.771 us, min = 25.771 us, total = 25.771 us
[state-dump] Execution time:  mean = 5.425 us, total = 5.425 us
[state-dump] Event stats:
[state-dump] 	ObjectManager.FreeObjects - 1 total (0 active), CPU time: mean = 5.425 us, total = 5.425 us
[state-dump] PushManager:
[state-dump] - num pushes in flight: 0
[state-dump] - num chunks in flight: 0
[state-dump] - num chunks remaining: 0
[state-dump] - max chunks allowed: 409
[state-dump] OwnershipBasedObjectDirectory:
[state-dump] - num listeners: 0
[state-dump] - cumulative location updates: 2
[state-dump] - num location updates per second: 0.000
[state-dump] - num location lookups per second: 0.000
[state-dump] - num locations added per second: 0.000
[state-dump] - num locations removed per second: 0.000
[state-dump] BufferPool:
[state-dump] - create buffer state map size: 0
[state-dump] PullManager:
[state-dump] - num bytes available for pulled objects: 200000000000
[state-dump] - num bytes being pulled (all): 0
[state-dump] - num bytes being pulled / pinned: 0
[state-dump] - get request bundles: BundlePullRequestQueue{0 total, 0 active, 0 inactive, 0 unpullable}
[state-dump] - wait request bundles: BundlePullRequestQueue{0 total, 0 active, 0 inactive, 0 unpullable}
[state-dump] - task request bundles: BundlePullRequestQueue{0 total, 0 active, 0 inactive, 0 unpullable}
[state-dump] - first get request bundle: N/A
[state-dump] - first wait request bundle: N/A
[state-dump] - first task request bundle: N/A
[state-dump] - num objects queued: 0
[state-dump] - num objects actively pulled (all): 0
[state-dump] - num objects actively pulled / pinned: 0
[state-dump] - num bundles being pulled: 0
[state-dump] - num pull retries: 0
[state-dump] - max timeout seconds: 0
[state-dump] - max timeout request is already processed. No entry.
[state-dump] 
[state-dump] WorkerPool:
[state-dump] - registered jobs: 1
[state-dump] - process_failed_job_config_missing: 0
[state-dump] - process_failed_rate_limited: 0
[state-dump] - process_failed_pending_registration: 0
[state-dump] - process_failed_runtime_env_setup_failed: 0
[state-dump] - num JAVA workers: 0
[state-dump] - num JAVA drivers: 0
[state-dump] - num object spill callbacks queued: 0
[state-dump] - num object restore queued: 0
[state-dump] - num util functions queued: 0
[state-dump] - num PYTHON workers: 17
[state-dump] - num PYTHON drivers: 1
[state-dump] - num object spill callbacks queued: 0
[state-dump] - num object restore queued: 0
[state-dump] - num util functions queued: 0
[state-dump] - num idle workers: 1
[state-dump] TaskDependencyManager:
[state-dump] - task deps map size: 0
[state-dump] - get req map size: 0
[state-dump] - wait req map size: 0
[state-dump] - local objects map size: 0
[state-dump] WaitManager:
[state-dump] - num active wait requests: 0
[state-dump] Subscriber:
[state-dump] Channel WORKER_REF_REMOVED_CHANNEL
[state-dump] - cumulative subscribe requests: 0
[state-dump] - cumulative unsubscribe requests: 0
[state-dump] - active subscribed publishers: 0
[state-dump] - cumulative published messages: 0
[state-dump] - cumulative processed messages: 0
[state-dump] Channel WORKER_OBJECT_EVICTION
[state-dump] - cumulative subscribe requests: 1
[state-dump] - cumulative unsubscribe requests: 1
[state-dump] - active subscribed publishers: 0
[state-dump] - cumulative published messages: 1
[state-dump] - cumulative processed messages: 1
[state-dump] Channel WORKER_OBJECT_LOCATIONS_CHANNEL
[state-dump] - cumulative subscribe requests: 5
[state-dump] - cumulative unsubscribe requests: 5
[state-dump] - active subscribed publishers: 0
[state-dump] - cumulative published messages: 2
[state-dump] - cumulative processed messages: 2
[state-dump] num async plasma notifications: 0
[state-dump] Remote node managers: 
[state-dump] Event stats:
[state-dump] Global stats: 126284 total (27 active)
[state-dump] Queueing time: mean = 5.814 ms, max = 41.724 s, min = -0.000 s, total = 734.230 s
[state-dump] Execution time:  mean = 18.405 us, total = 2.324 s
[state-dump] Event stats:
[state-dump] 	NodeManagerService.grpc_server.ReportWorkerBacklog - 33566 total (0 active), CPU time: mean = 24.324 us, total = 816.469 ms
[state-dump] 	UNKNOWN - 21122 total (3 active), CPU time: mean = 1.887 us, total = 39.867 ms
[state-dump] 	ObjectManager.UpdateAvailableMemory - 19198 total (0 active), CPU time: mean = 460.570 ns, total = 8.842 ms
[state-dump] 	NodeManagerService.grpc_server.RequestResourceReport - 19037 total (0 active), CPU time: mean = 31.343 us, total = 596.679 ms
[state-dump] 	NodeManagerService.grpc_server.UpdateResourceUsage - 19037 total (0 active), CPU time: mean = 29.367 us, total = 559.059 ms
[state-dump] 	RayletWorkerPool.deadline_timer.kill_idle_workers - 9600 total (1 active), CPU time: mean = 4.341 us, total = 41.675 ms
[state-dump] 	NodeManagerService.grpc_server.GetResourceLoad - 1920 total (0 active), CPU time: mean = 28.695 us, total = 55.095 ms
[state-dump] 	NodeManager.deadline_timer.flush_free_objects - 1920 total (1 active), CPU time: mean = 2.501 us, total = 4.801 ms
[state-dump] 	ClientConnection.async_read.ReadBufferAsync - 328 total (18 active), CPU time: mean = 77.030 us, total = 25.266 ms
[state-dump] 	NodeManager.deadline_timer.debug_state_dump - 192 total (1 active), CPU time: mean = 371.541 us, total = 71.336 ms
[state-dump] 	NodeManager.deadline_timer.record_metrics - 128 total (1 active), CPU time: mean = 202.878 us, total = 25.968 ms
[state-dump] 	CoreWorkerService.grpc_client.LocalGC - 54 total (0 active), CPU time: mean = 9.701 us, total = 523.859 us
[state-dump] 	NodeManager.deadline_timer.print_event_loop_stats - 32 total (1 active, 1 running), CPU time: mean = 542.984 us, total = 17.375 ms
[state-dump] 	ObjectManager.ObjectAdded - 19 total (0 active), CPU time: mean = 22.134 us, total = 420.540 us
[state-dump] 	ObjectManager.ObjectDeleted - 19 total (0 active), CPU time: mean = 11.208 us, total = 212.953 us
[state-dump] 	NodeManagerService.grpc_server.GetSystemConfig - 18 total (0 active), CPU time: mean = 34.279 us, total = 617.027 us
[state-dump] 	ClientConnection.async_write.DoAsyncWrites - 18 total (0 active), CPU time: mean = 435.056 ns, total = 7.831 us
[state-dump] 	NodeManagerService.grpc_server.RequestWorkerLease - 17 total (0 active), CPU time: mean = 1.227 ms, total = 20.867 ms
[state-dump] 	CoreWorkerService.grpc_client.DirectActorCallArgWaitComplete - 16 total (0 active), CPU time: mean = 8.380 us, total = 134.072 us
[state-dump] 	PeriodicalRunner.RunFnPeriodically - 8 total (0 active), CPU time: mean = 273.916 us, total = 2.191 ms
[state-dump] 	CoreWorkerService.grpc_client.PubsubCommandBatch - 8 total (0 active), CPU time: mean = 58.221 us, total = 465.766 us
[state-dump] 	CoreWorkerService.grpc_client.PubsubLongPolling - 7 total (0 active), CPU time: mean = 147.979 us, total = 1.036 ms
[state-dump] 	InternalPubSubGcsService.grpc_client.GcsSubscriberPoll - 5 total (1 active), CPU time: mean = 54.000 us, total = 270.002 us
[state-dump] 	InternalPubSubGcsService.grpc_client.GcsSubscriberCommandBatch - 2 total (0 active), CPU time: mean = 59.350 us, total = 118.700 us
[state-dump] 	Subscriber.HandlePublishedMessage_WORKER_OBJECT_LOCATIONS_CHANNEL - 2 total (0 active), CPU time: mean = 24.247 us, total = 48.493 us
[state-dump] 	CoreWorkerService.grpc_client.UpdateObjectLocationBatch - 2 total (0 active), CPU time: mean = 18.242 us, total = 36.484 us
[state-dump] 	NodeInfoGcsService.grpc_client.GetAllNodeInfo - 1 total (0 active), CPU time: mean = 28.066 us, total = 28.066 us
[state-dump] 	Subscriber.HandlePublishedMessage_GCS_JOB_CHANNEL - 1 total (0 active), CPU time: mean = 47.159 us, total = 47.159 us
[state-dump] 	NodeInfoGcsService.grpc_client.GetInternalConfig - 1 total (0 active), CPU time: mean = 33.796 ms, total = 33.796 ms
[state-dump] 	JobInfoGcsService.grpc_client.GetAllJobInfo - 1 total (0 active), CPU time: mean = 343.023 us, total = 343.023 us
[state-dump] 	NodeInfoGcsService.grpc_client.RegisterNode - 1 total (0 active), CPU time: mean = 203.359 us, total = 203.359 us
[state-dump] 	AgentManagerService.grpc_server.RegisterAgent - 1 total (0 active), CPU time: mean = 194.419 us, total = 194.419 us
[state-dump] 	Subscriber.HandlePublishedMessage_WORKER_OBJECT_EVICTION - 1 total (0 active), CPU time: mean = 66.553 us, total = 66.553 us
[state-dump] 	JobInfoGcsService.grpc_client.AddJob - 1 total (0 active), CPU time: mean = 23.962 us, total = 23.962 us
[state-dump] 	NodeManagerService.grpc_server.PinObjectIDs - 1 total (0 active), CPU time: mean = 169.418 us, total = 169.418 us
[state-dump] DebugString() time ms: 0
[state-dump] 
[state-dump] 
[2026-01-30 14:35:31,364 I 3413275 3413375] (raylet) store.cc:551: ========== Plasma store: =================
Current usage: 0 / 200 GB
- num bytes created total: 7953630
0 pending objects of total size 0MB
- objects spillable: 0
- bytes spillable: 0
- objects unsealed: 0
- bytes unsealed: 0
- objects in use: 0
- bytes in use: 0
- objects evictable: 0
- bytes evictable: 0

- objects created by worker: 0
- bytes created by worker: 0
- objects restored: 0
- bytes restored: 0
- objects received: 0
- bytes received: 0
- objects errored: 0
- bytes errored: 0

[2026-01-30 14:35:31,400 I 3413275 3413275] (raylet) node_manager.cc:540: [state-dump] Event stats:
[state-dump] 
[state-dump] 
[state-dump] Global stats: 130243 total (27 active)
[state-dump] Queueing time: mean = 5.638 ms, max = 41.724 s, min = -0.000 s, total = 734.269 s
[state-dump] Execution time:  mean = 18.369 us, total = 2.392 s
[state-dump] Event stats:
[state-dump] 	NodeManagerService.grpc_server.ReportWorkerBacklog - 34646 total (0 active), CPU time: mean = 24.311 us, total = 842.294 ms
[state-dump] 	UNKNOWN - 21781 total (3 active), CPU time: mean = 1.893 us, total = 41.236 ms
[state-dump] 	ObjectManager.UpdateAvailableMemory - 19797 total (0 active), CPU time: mean = 459.477 ns, total = 9.096 ms
[state-dump] 	NodeManagerService.grpc_server.RequestResourceReport - 19632 total (0 active), CPU time: mean = 31.283 us, total = 614.145 ms
[state-dump] 	NodeManagerService.grpc_server.UpdateResourceUsage - 19632 total (0 active), CPU time: mean = 29.328 us, total = 575.773 ms
[state-dump] 	RayletWorkerPool.deadline_timer.kill_idle_workers - 9900 total (1 active), CPU time: mean = 4.325 us, total = 42.822 ms
[state-dump] 	NodeManagerService.grpc_server.GetResourceLoad - 1980 total (0 active), CPU time: mean = 28.640 us, total = 56.707 ms
[state-dump] 	NodeManager.deadline_timer.flush_free_objects - 1980 total (1 active), CPU time: mean = 2.514 us, total = 4.977 ms
[state-dump] 	ClientConnection.async_read.ReadBufferAsync - 328 total (18 active), CPU time: mean = 77.030 us, total = 25.266 ms
[state-dump] 	NodeManager.deadline_timer.debug_state_dump - 198 total (1 active), CPU time: mean = 371.586 us, total = 73.574 ms
[state-dump] 	NodeManager.deadline_timer.record_metrics - 132 total (1 active), CPU time: mean = 202.797 us, total = 26.769 ms
[state-dump] 	CoreWorkerService.grpc_client.LocalGC - 54 total (0 active), CPU time: mean = 9.701 us, total = 523.859 us
[state-dump] 	NodeManager.deadline_timer.print_event_loop_stats - 33 total (1 active, 1 running), CPU time: mean = 543.641 us, total = 17.940 ms
[state-dump] 	ObjectManager.ObjectAdded - 19 total (0 active), CPU time: mean = 22.134 us, total = 420.540 us
[state-dump] 	ObjectManager.ObjectDeleted - 19 total (0 active), CPU time: mean = 11.208 us, total = 212.953 us
[state-dump] 	NodeManagerService.grpc_server.GetSystemConfig - 18 total (0 active), CPU time: mean = 34.279 us, total = 617.027 us
[state-dump] 	ClientConnection.async_write.DoAsyncWrites - 18 total (0 active), CPU time: mean = 435.056 ns, total = 7.831 us
[state-dump] 	NodeManagerService.grpc_server.RequestWorkerLease - 17 total (0 active), CPU time: mean = 1.227 ms, total = 20.867 ms
[state-dump] 	CoreWorkerService.grpc_client.DirectActorCallArgWaitComplete - 16 total (0 active), CPU time: mean = 8.380 us, total = 134.072 us
[state-dump] 	PeriodicalRunner.RunFnPeriodically - 8 total (0 active), CPU time: mean = 273.916 us, total = 2.191 ms
[state-dump] 	CoreWorkerService.grpc_client.PubsubCommandBatch - 8 total (0 active), CPU time: mean = 58.221 us, total = 465.766 us
[state-dump] 	CoreWorkerService.grpc_client.PubsubLongPolling - 7 total (0 active), CPU time: mean = 147.979 us, total = 1.036 ms
[state-dump] 	InternalPubSubGcsService.grpc_client.GcsSubscriberPoll - 5 total (1 active), CPU time: mean = 54.000 us, total = 270.002 us
[state-dump] 	InternalPubSubGcsService.grpc_client.GcsSubscriberCommandBatch - 2 total (0 active), CPU time: mean = 59.350 us, total = 118.700 us
[state-dump] 	Subscriber.HandlePublishedMessage_WORKER_OBJECT_LOCATIONS_CHANNEL - 2 total (0 active), CPU time: mean = 24.247 us, total = 48.493 us
[state-dump] 	CoreWorkerService.grpc_client.UpdateObjectLocationBatch - 2 total (0 active), CPU time: mean = 18.242 us, total = 36.484 us
[state-dump] 	NodeInfoGcsService.grpc_client.GetAllNodeInfo - 1 total (0 active), CPU time: mean = 28.066 us, total = 28.066 us
[state-dump] 	Subscriber.HandlePublishedMessage_GCS_JOB_CHANNEL - 1 total (0 active), CPU time: mean = 47.159 us, total = 47.159 us
[state-dump] 	NodeInfoGcsService.grpc_client.GetInternalConfig - 1 total (0 active), CPU time: mean = 33.796 ms, total = 33.796 ms
[state-dump] 	JobInfoGcsService.grpc_client.GetAllJobInfo - 1 total (0 active), CPU time: mean = 343.023 us, total = 343.023 us
[state-dump] 	NodeInfoGcsService.grpc_client.RegisterNode - 1 total (0 active), CPU time: mean = 203.359 us, total = 203.359 us
[state-dump] 	AgentManagerService.grpc_server.RegisterAgent - 1 total (0 active), CPU time: mean = 194.419 us, total = 194.419 us
[state-dump] 	Subscriber.HandlePublishedMessage_WORKER_OBJECT_EVICTION - 1 total (0 active), CPU time: mean = 66.553 us, total = 66.553 us
[state-dump] 	JobInfoGcsService.grpc_client.AddJob - 1 total (0 active), CPU time: mean = 23.962 us, total = 23.962 us
[state-dump] 	NodeManagerService.grpc_server.PinObjectIDs - 1 total (0 active), CPU time: mean = 169.418 us, total = 169.418 us
[state-dump] 
[state-dump] NodeManager:
[state-dump] Node ID: 435ff685d8e66afce15860cd5b4687480235848d386ffa5d5547bd3d
[state-dump] Node name: 10.137.21.59
[state-dump] InitialConfigResources: {memory: 8135216732160000, GPU: 20000, node:10.137.21.59: 10000, CPU: 170000, object_store_memory: 2000000000000000, accelerator_type:H100: 10000}
[state-dump] ClusterTaskManager:
[state-dump] ========== Node: 435ff685d8e66afce15860cd5b4687480235848d386ffa5d5547bd3d =================
[state-dump] Infeasible queue length: 1
[state-dump] Schedule queue length: 0
[state-dump] Dispatch queue length: 0
[state-dump] num_waiting_for_resource: 0
[state-dump] num_waiting_for_plasma_memory: 0
[state-dump] num_waiting_for_remote_node_resources: 0
[state-dump] num_worker_not_started_by_job_config_not_exist: 0
[state-dump] num_worker_not_started_by_registration_timeout: 0
[state-dump] num_tasks_waiting_for_workers: 0
[state-dump] num_cancelled_tasks: 0
[state-dump] cluster_resource_scheduler state: 
[state-dump] Local id: -8058881002343059789 Local resources: {node:10.137.21.59: [10000]/[10000], CPU: [10000]/[170000], object_store_memory: [2000000000000000]/[2000000000000000], memory: [8135216732160000]/[8135216732160000], GPU: [10000, 10000]/[10000, 10000], accelerator_type:H100: [10000]/[10000]}node id: -8058881002343059789{node:10.137.21.59: 10000/10000, CPU: 10000/170000, object_store_memory: 2000000000000000/2000000000000000, memory: 8135216732160000/8135216732160000, GPU: 20000/20000, accelerator_type:H100: 10000/10000}{ "placment group locations": [], "node to bundles": []}
[state-dump] Waiting tasks size: 0
[state-dump] Number of executing tasks: 0
[state-dump] Number of pinned task arguments: 0
[state-dump] Number of total spilled tasks: 0
[state-dump] Number of spilled waiting tasks: 0
[state-dump] Number of spilled unschedulable tasks: 0
[state-dump] Resource usage {
[state-dump]     - (language=PYTHON actor_or_task=RolloutWorker.__init__ pid=3414093): {CPU: 1.000000}
[state-dump]     - (language=PYTHON actor_or_task=RolloutWorker.__init__ pid=3414092): {CPU: 1.000000}
[state-dump]     - (language=PYTHON actor_or_task=RolloutWorker.__init__ pid=3414084): {CPU: 1.000000}
[state-dump]     - (language=PYTHON actor_or_task=RolloutWorker.__init__ pid=3414091): {CPU: 1.000000}
[state-dump]     - (language=PYTHON actor_or_task=RolloutWorker.__init__ pid=3414089): {CPU: 1.000000}
[state-dump]     - (language=PYTHON actor_or_task=RolloutWorker.__init__ pid=3414085): {CPU: 1.000000}
[state-dump]     - (language=PYTHON actor_or_task=RolloutWorker.__init__ pid=3414094): {CPU: 1.000000}
[state-dump]     - (language=PYTHON actor_or_task=RolloutWorker.__init__ pid=3414083): {CPU: 1.000000}
[state-dump]     - (language=PYTHON actor_or_task=RolloutWorker.__init__ pid=3414088): {CPU: 1.000000}
[state-dump]     - (language=PYTHON actor_or_task=RolloutWorker.__init__ pid=3414080): {CPU: 1.000000}
[state-dump]     - (language=PYTHON actor_or_task=RolloutWorker.__init__ pid=3414095): {CPU: 1.000000}
[state-dump]     - (language=PYTHON actor_or_task=RolloutWorker.__init__ pid=3414081): {CPU: 1.000000}
[state-dump]     - (language=PYTHON actor_or_task=RolloutWorker.__init__ pid=3414082): {CPU: 1.000000}
[state-dump]     - (language=PYTHON actor_or_task=RolloutWorker.__init__ pid=3414087): {CPU: 1.000000}
[state-dump]     - (language=PYTHON actor_or_task=RolloutWorker.__init__ pid=3414086): {CPU: 1.000000}
[state-dump]     - (language=PYTHON actor_or_task=RolloutWorker.__init__ pid=3414090): {CPU: 1.000000}
[state-dump] }
[state-dump] Running tasks by scheduling class:
[state-dump] ==================================================
[state-dump] 
[state-dump] ClusterResources:
[state-dump] LocalObjectManager:
[state-dump] - num pinned objects: 0
[state-dump] - pinned objects size: 0
[state-dump] - num objects pending restore: 0
[state-dump] - num objects pending spill: 0
[state-dump] - num bytes pending spill: 0
[state-dump] - num bytes currently spilled: 0
[state-dump] - cumulative spill requests: 0
[state-dump] - cumulative restore requests: 0
[state-dump] - spilled objects pending delete: 0
[state-dump] 
[state-dump] ObjectManager:
[state-dump] - num local objects: 0
[state-dump] - num unfulfilled push requests: 0
[state-dump] - num object pull requests: 0
[state-dump] - num chunks received total: 0
[state-dump] - num chunks received failed (all): 0
[state-dump] - num chunks received failed / cancelled: 0
[state-dump] - num chunks received failed / plasma error: 0
[state-dump] Event stats:
[state-dump] Global stats: 1 total (0 active)
[state-dump] Queueing time: mean = 25.771 us, max = 25.771 us, min = 25.771 us, total = 25.771 us
[state-dump] Execution time:  mean = 5.425 us, total = 5.425 us
[state-dump] Event stats:
[state-dump] 	ObjectManager.FreeObjects - 1 total (0 active), CPU time: mean = 5.425 us, total = 5.425 us
[state-dump] PushManager:
[state-dump] - num pushes in flight: 0
[state-dump] - num chunks in flight: 0
[state-dump] - num chunks remaining: 0
[state-dump] - max chunks allowed: 409
[state-dump] OwnershipBasedObjectDirectory:
[state-dump] - num listeners: 0
[state-dump] - cumulative location updates: 2
[state-dump] - num location updates per second: 0.000
[state-dump] - num location lookups per second: 0.000
[state-dump] - num locations added per second: 0.000
[state-dump] - num locations removed per second: 0.000
[state-dump] BufferPool:
[state-dump] - create buffer state map size: 0
[state-dump] PullManager:
[state-dump] - num bytes available for pulled objects: 200000000000
[state-dump] - num bytes being pulled (all): 0
[state-dump] - num bytes being pulled / pinned: 0
[state-dump] - get request bundles: BundlePullRequestQueue{0 total, 0 active, 0 inactive, 0 unpullable}
[state-dump] - wait request bundles: BundlePullRequestQueue{0 total, 0 active, 0 inactive, 0 unpullable}
[state-dump] - task request bundles: BundlePullRequestQueue{0 total, 0 active, 0 inactive, 0 unpullable}
[state-dump] - first get request bundle: N/A
[state-dump] - first wait request bundle: N/A
[state-dump] - first task request bundle: N/A
[state-dump] - num objects queued: 0
[state-dump] - num objects actively pulled (all): 0
[state-dump] - num objects actively pulled / pinned: 0
[state-dump] - num bundles being pulled: 0
[state-dump] - num pull retries: 0
[state-dump] - max timeout seconds: 0
[state-dump] - max timeout request is already processed. No entry.
[state-dump] 
[state-dump] WorkerPool:
[state-dump] - registered jobs: 1
[state-dump] - process_failed_job_config_missing: 0
[state-dump] - process_failed_rate_limited: 0
[state-dump] - process_failed_pending_registration: 0
[state-dump] - process_failed_runtime_env_setup_failed: 0
[state-dump] - num JAVA workers: 0
[state-dump] - num JAVA drivers: 0
[state-dump] - num object spill callbacks queued: 0
[state-dump] - num object restore queued: 0
[state-dump] - num util functions queued: 0
[state-dump] - num PYTHON workers: 17
[state-dump] - num PYTHON drivers: 1
[state-dump] - num object spill callbacks queued: 0
[state-dump] - num object restore queued: 0
[state-dump] - num util functions queued: 0
[state-dump] - num idle workers: 1
[state-dump] TaskDependencyManager:
[state-dump] - task deps map size: 0
[state-dump] - get req map size: 0
[state-dump] - wait req map size: 0
[state-dump] - local objects map size: 0
[state-dump] WaitManager:
[state-dump] - num active wait requests: 0
[state-dump] Subscriber:
[state-dump] Channel WORKER_REF_REMOVED_CHANNEL
[state-dump] - cumulative subscribe requests: 0
[state-dump] - cumulative unsubscribe requests: 0
[state-dump] - active subscribed publishers: 0
[state-dump] - cumulative published messages: 0
[state-dump] - cumulative processed messages: 0
[state-dump] Channel WORKER_OBJECT_EVICTION
[state-dump] - cumulative subscribe requests: 1
[state-dump] - cumulative unsubscribe requests: 1
[state-dump] - active subscribed publishers: 0
[state-dump] - cumulative published messages: 1
[state-dump] - cumulative processed messages: 1
[state-dump] Channel WORKER_OBJECT_LOCATIONS_CHANNEL
[state-dump] - cumulative subscribe requests: 5
[state-dump] - cumulative unsubscribe requests: 5
[state-dump] - active subscribed publishers: 0
[state-dump] - cumulative published messages: 2
[state-dump] - cumulative processed messages: 2
[state-dump] num async plasma notifications: 0
[state-dump] Remote node managers: 
[state-dump] Event stats:
[state-dump] Global stats: 130243 total (27 active)
[state-dump] Queueing time: mean = 5.638 ms, max = 41.724 s, min = -0.000 s, total = 734.269 s
[state-dump] Execution time:  mean = 18.369 us, total = 2.392 s
[state-dump] Event stats:
[state-dump] 	NodeManagerService.grpc_server.ReportWorkerBacklog - 34646 total (0 active), CPU time: mean = 24.311 us, total = 842.294 ms
[state-dump] 	UNKNOWN - 21781 total (3 active), CPU time: mean = 1.893 us, total = 41.236 ms
[state-dump] 	ObjectManager.UpdateAvailableMemory - 19797 total (0 active), CPU time: mean = 459.477 ns, total = 9.096 ms
[state-dump] 	NodeManagerService.grpc_server.RequestResourceReport - 19632 total (0 active), CPU time: mean = 31.283 us, total = 614.145 ms
[state-dump] 	NodeManagerService.grpc_server.UpdateResourceUsage - 19632 total (0 active), CPU time: mean = 29.328 us, total = 575.773 ms
[state-dump] 	RayletWorkerPool.deadline_timer.kill_idle_workers - 9900 total (1 active), CPU time: mean = 4.325 us, total = 42.822 ms
[state-dump] 	NodeManagerService.grpc_server.GetResourceLoad - 1980 total (0 active), CPU time: mean = 28.640 us, total = 56.707 ms
[state-dump] 	NodeManager.deadline_timer.flush_free_objects - 1980 total (1 active), CPU time: mean = 2.514 us, total = 4.977 ms
[state-dump] 	ClientConnection.async_read.ReadBufferAsync - 328 total (18 active), CPU time: mean = 77.030 us, total = 25.266 ms
[state-dump] 	NodeManager.deadline_timer.debug_state_dump - 198 total (1 active), CPU time: mean = 371.586 us, total = 73.574 ms
[state-dump] 	NodeManager.deadline_timer.record_metrics - 132 total (1 active), CPU time: mean = 202.797 us, total = 26.769 ms
[state-dump] 	CoreWorkerService.grpc_client.LocalGC - 54 total (0 active), CPU time: mean = 9.701 us, total = 523.859 us
[state-dump] 	NodeManager.deadline_timer.print_event_loop_stats - 33 total (1 active, 1 running), CPU time: mean = 543.641 us, total = 17.940 ms
[state-dump] 	ObjectManager.ObjectAdded - 19 total (0 active), CPU time: mean = 22.134 us, total = 420.540 us
[state-dump] 	ObjectManager.ObjectDeleted - 19 total (0 active), CPU time: mean = 11.208 us, total = 212.953 us
[state-dump] 	NodeManagerService.grpc_server.GetSystemConfig - 18 total (0 active), CPU time: mean = 34.279 us, total = 617.027 us
[state-dump] 	ClientConnection.async_write.DoAsyncWrites - 18 total (0 active), CPU time: mean = 435.056 ns, total = 7.831 us
[state-dump] 	NodeManagerService.grpc_server.RequestWorkerLease - 17 total (0 active), CPU time: mean = 1.227 ms, total = 20.867 ms
[state-dump] 	CoreWorkerService.grpc_client.DirectActorCallArgWaitComplete - 16 total (0 active), CPU time: mean = 8.380 us, total = 134.072 us
[state-dump] 	PeriodicalRunner.RunFnPeriodically - 8 total (0 active), CPU time: mean = 273.916 us, total = 2.191 ms
[state-dump] 	CoreWorkerService.grpc_client.PubsubCommandBatch - 8 total (0 active), CPU time: mean = 58.221 us, total = 465.766 us
[state-dump] 	CoreWorkerService.grpc_client.PubsubLongPolling - 7 total (0 active), CPU time: mean = 147.979 us, total = 1.036 ms
[state-dump] 	InternalPubSubGcsService.grpc_client.GcsSubscriberPoll - 5 total (1 active), CPU time: mean = 54.000 us, total = 270.002 us
[state-dump] 	InternalPubSubGcsService.grpc_client.GcsSubscriberCommandBatch - 2 total (0 active), CPU time: mean = 59.350 us, total = 118.700 us
[state-dump] 	Subscriber.HandlePublishedMessage_WORKER_OBJECT_LOCATIONS_CHANNEL - 2 total (0 active), CPU time: mean = 24.247 us, total = 48.493 us
[state-dump] 	CoreWorkerService.grpc_client.UpdateObjectLocationBatch - 2 total (0 active), CPU time: mean = 18.242 us, total = 36.484 us
[state-dump] 	NodeInfoGcsService.grpc_client.GetAllNodeInfo - 1 total (0 active), CPU time: mean = 28.066 us, total = 28.066 us
[state-dump] 	Subscriber.HandlePublishedMessage_GCS_JOB_CHANNEL - 1 total (0 active), CPU time: mean = 47.159 us, total = 47.159 us
[state-dump] 	NodeInfoGcsService.grpc_client.GetInternalConfig - 1 total (0 active), CPU time: mean = 33.796 ms, total = 33.796 ms
[state-dump] 	JobInfoGcsService.grpc_client.GetAllJobInfo - 1 total (0 active), CPU time: mean = 343.023 us, total = 343.023 us
[state-dump] 	NodeInfoGcsService.grpc_client.RegisterNode - 1 total (0 active), CPU time: mean = 203.359 us, total = 203.359 us
[state-dump] 	AgentManagerService.grpc_server.RegisterAgent - 1 total (0 active), CPU time: mean = 194.419 us, total = 194.419 us
[state-dump] 	Subscriber.HandlePublishedMessage_WORKER_OBJECT_EVICTION - 1 total (0 active), CPU time: mean = 66.553 us, total = 66.553 us
[state-dump] 	JobInfoGcsService.grpc_client.AddJob - 1 total (0 active), CPU time: mean = 23.962 us, total = 23.962 us
[state-dump] 	NodeManagerService.grpc_server.PinObjectIDs - 1 total (0 active), CPU time: mean = 169.418 us, total = 169.418 us
[state-dump] DebugString() time ms: 0
[state-dump] 
[state-dump] 
[2026-01-30 14:36:31,364 I 3413275 3413375] (raylet) store.cc:551: ========== Plasma store: =================
Current usage: 0 / 200 GB
- num bytes created total: 7953630
0 pending objects of total size 0MB
- objects spillable: 0
- bytes spillable: 0
- objects unsealed: 0
- bytes unsealed: 0
- objects in use: 0
- bytes in use: 0
- objects evictable: 0
- bytes evictable: 0

- objects created by worker: 0
- bytes created by worker: 0
- objects restored: 0
- bytes restored: 0
- objects received: 0
- bytes received: 0
- objects errored: 0
- bytes errored: 0

[2026-01-30 14:36:31,400 I 3413275 3413275] (raylet) node_manager.cc:540: [state-dump] Event stats:
[state-dump] 
[state-dump] 
[state-dump] Global stats: 134206 total (27 active)
[state-dump] Queueing time: mean = 5.472 ms, max = 41.724 s, min = -0.000 s, total = 734.308 s
[state-dump] Execution time:  mean = 18.345 us, total = 2.462 s
[state-dump] Event stats:
[state-dump] 	NodeManagerService.grpc_server.ReportWorkerBacklog - 35726 total (0 active), CPU time: mean = 24.304 us, total = 868.290 ms
[state-dump] 	UNKNOWN - 22441 total (3 active), CPU time: mean = 1.903 us, total = 42.715 ms
[state-dump] 	ObjectManager.UpdateAvailableMemory - 20397 total (0 active), CPU time: mean = 459.475 ns, total = 9.372 ms
[state-dump] 	NodeManagerService.grpc_server.RequestResourceReport - 20228 total (0 active), CPU time: mean = 31.228 us, total = 631.679 ms
[state-dump] 	NodeManagerService.grpc_server.UpdateResourceUsage - 20228 total (0 active), CPU time: mean = 29.337 us, total = 593.421 ms
[state-dump] 	RayletWorkerPool.deadline_timer.kill_idle_workers - 10200 total (1 active), CPU time: mean = 4.323 us, total = 44.091 ms
[state-dump] 	NodeManagerService.grpc_server.GetResourceLoad - 2040 total (0 active), CPU time: mean = 28.631 us, total = 58.407 ms
[state-dump] 	NodeManager.deadline_timer.flush_free_objects - 2040 total (1 active), CPU time: mean = 2.507 us, total = 5.113 ms
[state-dump] 	ClientConnection.async_read.ReadBufferAsync - 328 total (18 active), CPU time: mean = 77.030 us, total = 25.266 ms
[state-dump] 	NodeManager.deadline_timer.debug_state_dump - 204 total (1 active), CPU time: mean = 371.565 us, total = 75.799 ms
[state-dump] 	NodeManager.deadline_timer.record_metrics - 136 total (1 active), CPU time: mean = 202.291 us, total = 27.512 ms
[state-dump] 	CoreWorkerService.grpc_client.LocalGC - 54 total (0 active), CPU time: mean = 9.701 us, total = 523.859 us
[state-dump] 	NodeManager.deadline_timer.print_event_loop_stats - 34 total (1 active, 1 running), CPU time: mean = 543.296 us, total = 18.472 ms
[state-dump] 	ObjectManager.ObjectAdded - 19 total (0 active), CPU time: mean = 22.134 us, total = 420.540 us
[state-dump] 	ObjectManager.ObjectDeleted - 19 total (0 active), CPU time: mean = 11.208 us, total = 212.953 us
[state-dump] 	NodeManagerService.grpc_server.GetSystemConfig - 18 total (0 active), CPU time: mean = 34.279 us, total = 617.027 us
[state-dump] 	ClientConnection.async_write.DoAsyncWrites - 18 total (0 active), CPU time: mean = 435.056 ns, total = 7.831 us
[state-dump] 	NodeManagerService.grpc_server.RequestWorkerLease - 17 total (0 active), CPU time: mean = 1.227 ms, total = 20.867 ms
[state-dump] 	CoreWorkerService.grpc_client.DirectActorCallArgWaitComplete - 16 total (0 active), CPU time: mean = 8.380 us, total = 134.072 us
[state-dump] 	PeriodicalRunner.RunFnPeriodically - 8 total (0 active), CPU time: mean = 273.916 us, total = 2.191 ms
[state-dump] 	CoreWorkerService.grpc_client.PubsubCommandBatch - 8 total (0 active), CPU time: mean = 58.221 us, total = 465.766 us
[state-dump] 	CoreWorkerService.grpc_client.PubsubLongPolling - 7 total (0 active), CPU time: mean = 147.979 us, total = 1.036 ms
[state-dump] 	InternalPubSubGcsService.grpc_client.GcsSubscriberPoll - 5 total (1 active), CPU time: mean = 54.000 us, total = 270.002 us
[state-dump] 	InternalPubSubGcsService.grpc_client.GcsSubscriberCommandBatch - 2 total (0 active), CPU time: mean = 59.350 us, total = 118.700 us
[state-dump] 	Subscriber.HandlePublishedMessage_WORKER_OBJECT_LOCATIONS_CHANNEL - 2 total (0 active), CPU time: mean = 24.247 us, total = 48.493 us
[state-dump] 	CoreWorkerService.grpc_client.UpdateObjectLocationBatch - 2 total (0 active), CPU time: mean = 18.242 us, total = 36.484 us
[state-dump] 	NodeInfoGcsService.grpc_client.GetAllNodeInfo - 1 total (0 active), CPU time: mean = 28.066 us, total = 28.066 us
[state-dump] 	Subscriber.HandlePublishedMessage_GCS_JOB_CHANNEL - 1 total (0 active), CPU time: mean = 47.159 us, total = 47.159 us
[state-dump] 	NodeInfoGcsService.grpc_client.GetInternalConfig - 1 total (0 active), CPU time: mean = 33.796 ms, total = 33.796 ms
[state-dump] 	JobInfoGcsService.grpc_client.GetAllJobInfo - 1 total (0 active), CPU time: mean = 343.023 us, total = 343.023 us
[state-dump] 	NodeInfoGcsService.grpc_client.RegisterNode - 1 total (0 active), CPU time: mean = 203.359 us, total = 203.359 us
[state-dump] 	AgentManagerService.grpc_server.RegisterAgent - 1 total (0 active), CPU time: mean = 194.419 us, total = 194.419 us
[state-dump] 	Subscriber.HandlePublishedMessage_WORKER_OBJECT_EVICTION - 1 total (0 active), CPU time: mean = 66.553 us, total = 66.553 us
[state-dump] 	JobInfoGcsService.grpc_client.AddJob - 1 total (0 active), CPU time: mean = 23.962 us, total = 23.962 us
[state-dump] 	NodeManagerService.grpc_server.PinObjectIDs - 1 total (0 active), CPU time: mean = 169.418 us, total = 169.418 us
[state-dump] 
[state-dump] NodeManager:
[state-dump] Node ID: 435ff685d8e66afce15860cd5b4687480235848d386ffa5d5547bd3d
[state-dump] Node name: 10.137.21.59
[state-dump] InitialConfigResources: {memory: 8135216732160000, GPU: 20000, node:10.137.21.59: 10000, CPU: 170000, object_store_memory: 2000000000000000, accelerator_type:H100: 10000}
[state-dump] ClusterTaskManager:
[state-dump] ========== Node: 435ff685d8e66afce15860cd5b4687480235848d386ffa5d5547bd3d =================
[state-dump] Infeasible queue length: 1
[state-dump] Schedule queue length: 0
[state-dump] Dispatch queue length: 0
[state-dump] num_waiting_for_resource: 0
[state-dump] num_waiting_for_plasma_memory: 0
[state-dump] num_waiting_for_remote_node_resources: 0
[state-dump] num_worker_not_started_by_job_config_not_exist: 0
[state-dump] num_worker_not_started_by_registration_timeout: 0
[state-dump] num_tasks_waiting_for_workers: 0
[state-dump] num_cancelled_tasks: 0
[state-dump] cluster_resource_scheduler state: 
[state-dump] Local id: -8058881002343059789 Local resources: {node:10.137.21.59: [10000]/[10000], CPU: [10000]/[170000], object_store_memory: [2000000000000000]/[2000000000000000], memory: [8135216732160000]/[8135216732160000], GPU: [10000, 10000]/[10000, 10000], accelerator_type:H100: [10000]/[10000]}node id: -8058881002343059789{node:10.137.21.59: 10000/10000, CPU: 10000/170000, object_store_memory: 2000000000000000/2000000000000000, memory: 8135216732160000/8135216732160000, GPU: 20000/20000, accelerator_type:H100: 10000/10000}{ "placment group locations": [], "node to bundles": []}
[state-dump] Waiting tasks size: 0
[state-dump] Number of executing tasks: 0
[state-dump] Number of pinned task arguments: 0
[state-dump] Number of total spilled tasks: 0
[state-dump] Number of spilled waiting tasks: 0
[state-dump] Number of spilled unschedulable tasks: 0
[state-dump] Resource usage {
[state-dump]     - (language=PYTHON actor_or_task=RolloutWorker.__init__ pid=3414093): {CPU: 1.000000}
[state-dump]     - (language=PYTHON actor_or_task=RolloutWorker.__init__ pid=3414092): {CPU: 1.000000}
[state-dump]     - (language=PYTHON actor_or_task=RolloutWorker.__init__ pid=3414084): {CPU: 1.000000}
[state-dump]     - (language=PYTHON actor_or_task=RolloutWorker.__init__ pid=3414091): {CPU: 1.000000}
[state-dump]     - (language=PYTHON actor_or_task=RolloutWorker.__init__ pid=3414089): {CPU: 1.000000}
[state-dump]     - (language=PYTHON actor_or_task=RolloutWorker.__init__ pid=3414085): {CPU: 1.000000}
[state-dump]     - (language=PYTHON actor_or_task=RolloutWorker.__init__ pid=3414094): {CPU: 1.000000}
[state-dump]     - (language=PYTHON actor_or_task=RolloutWorker.__init__ pid=3414083): {CPU: 1.000000}
[state-dump]     - (language=PYTHON actor_or_task=RolloutWorker.__init__ pid=3414088): {CPU: 1.000000}
[state-dump]     - (language=PYTHON actor_or_task=RolloutWorker.__init__ pid=3414080): {CPU: 1.000000}
[state-dump]     - (language=PYTHON actor_or_task=RolloutWorker.__init__ pid=3414095): {CPU: 1.000000}
[state-dump]     - (language=PYTHON actor_or_task=RolloutWorker.__init__ pid=3414081): {CPU: 1.000000}
[state-dump]     - (language=PYTHON actor_or_task=RolloutWorker.__init__ pid=3414082): {CPU: 1.000000}
[state-dump]     - (language=PYTHON actor_or_task=RolloutWorker.__init__ pid=3414087): {CPU: 1.000000}
[state-dump]     - (language=PYTHON actor_or_task=RolloutWorker.__init__ pid=3414086): {CPU: 1.000000}
[state-dump]     - (language=PYTHON actor_or_task=RolloutWorker.__init__ pid=3414090): {CPU: 1.000000}
[state-dump] }
[state-dump] Running tasks by scheduling class:
[state-dump] ==================================================
[state-dump] 
[state-dump] ClusterResources:
[state-dump] LocalObjectManager:
[state-dump] - num pinned objects: 0
[state-dump] - pinned objects size: 0
[state-dump] - num objects pending restore: 0
[state-dump] - num objects pending spill: 0
[state-dump] - num bytes pending spill: 0
[state-dump] - num bytes currently spilled: 0
[state-dump] - cumulative spill requests: 0
[state-dump] - cumulative restore requests: 0
[state-dump] - spilled objects pending delete: 0
[state-dump] 
[state-dump] ObjectManager:
[state-dump] - num local objects: 0
[state-dump] - num unfulfilled push requests: 0
[state-dump] - num object pull requests: 0
[state-dump] - num chunks received total: 0
[state-dump] - num chunks received failed (all): 0
[state-dump] - num chunks received failed / cancelled: 0
[state-dump] - num chunks received failed / plasma error: 0
[state-dump] Event stats:
[state-dump] Global stats: 1 total (0 active)
[state-dump] Queueing time: mean = 25.771 us, max = 25.771 us, min = 25.771 us, total = 25.771 us
[state-dump] Execution time:  mean = 5.425 us, total = 5.425 us
[state-dump] Event stats:
[state-dump] 	ObjectManager.FreeObjects - 1 total (0 active), CPU time: mean = 5.425 us, total = 5.425 us
[state-dump] PushManager:
[state-dump] - num pushes in flight: 0
[state-dump] - num chunks in flight: 0
[state-dump] - num chunks remaining: 0
[state-dump] - max chunks allowed: 409
[state-dump] OwnershipBasedObjectDirectory:
[state-dump] - num listeners: 0
[state-dump] - cumulative location updates: 2
[state-dump] - num location updates per second: 0.000
[state-dump] - num location lookups per second: 0.000
[state-dump] - num locations added per second: 0.000
[state-dump] - num locations removed per second: 0.000
[state-dump] BufferPool:
[state-dump] - create buffer state map size: 0
[state-dump] PullManager:
[state-dump] - num bytes available for pulled objects: 200000000000
[state-dump] - num bytes being pulled (all): 0
[state-dump] - num bytes being pulled / pinned: 0
[state-dump] - get request bundles: BundlePullRequestQueue{0 total, 0 active, 0 inactive, 0 unpullable}
[state-dump] - wait request bundles: BundlePullRequestQueue{0 total, 0 active, 0 inactive, 0 unpullable}
[state-dump] - task request bundles: BundlePullRequestQueue{0 total, 0 active, 0 inactive, 0 unpullable}
[state-dump] - first get request bundle: N/A
[state-dump] - first wait request bundle: N/A
[state-dump] - first task request bundle: N/A
[state-dump] - num objects queued: 0
[state-dump] - num objects actively pulled (all): 0
[state-dump] - num objects actively pulled / pinned: 0
[state-dump] - num bundles being pulled: 0
[state-dump] - num pull retries: 0
[state-dump] - max timeout seconds: 0
[state-dump] - max timeout request is already processed. No entry.
[state-dump] 
[state-dump] WorkerPool:
[state-dump] - registered jobs: 1
[state-dump] - process_failed_job_config_missing: 0
[state-dump] - process_failed_rate_limited: 0
[state-dump] - process_failed_pending_registration: 0
[state-dump] - process_failed_runtime_env_setup_failed: 0
[state-dump] - num JAVA workers: 0
[state-dump] - num JAVA drivers: 0
[state-dump] - num object spill callbacks queued: 0
[state-dump] - num object restore queued: 0
[state-dump] - num util functions queued: 0
[state-dump] - num PYTHON workers: 17
[state-dump] - num PYTHON drivers: 1
[state-dump] - num object spill callbacks queued: 0
[state-dump] - num object restore queued: 0
[state-dump] - num util functions queued: 0
[state-dump] - num idle workers: 1
[state-dump] TaskDependencyManager:
[state-dump] - task deps map size: 0
[state-dump] - get req map size: 0
[state-dump] - wait req map size: 0
[state-dump] - local objects map size: 0
[state-dump] WaitManager:
[state-dump] - num active wait requests: 0
[state-dump] Subscriber:
[state-dump] Channel WORKER_REF_REMOVED_CHANNEL
[state-dump] - cumulative subscribe requests: 0
[state-dump] - cumulative unsubscribe requests: 0
[state-dump] - active subscribed publishers: 0
[state-dump] - cumulative published messages: 0
[state-dump] - cumulative processed messages: 0
[state-dump] Channel WORKER_OBJECT_EVICTION
[state-dump] - cumulative subscribe requests: 1
[state-dump] - cumulative unsubscribe requests: 1
[state-dump] - active subscribed publishers: 0
[state-dump] - cumulative published messages: 1
[state-dump] - cumulative processed messages: 1
[state-dump] Channel WORKER_OBJECT_LOCATIONS_CHANNEL
[state-dump] - cumulative subscribe requests: 5
[state-dump] - cumulative unsubscribe requests: 5
[state-dump] - active subscribed publishers: 0
[state-dump] - cumulative published messages: 2
[state-dump] - cumulative processed messages: 2
[state-dump] num async plasma notifications: 0
[state-dump] Remote node managers: 
[state-dump] Event stats:
[state-dump] Global stats: 134206 total (27 active)
[state-dump] Queueing time: mean = 5.472 ms, max = 41.724 s, min = -0.000 s, total = 734.308 s
[state-dump] Execution time:  mean = 18.345 us, total = 2.462 s
[state-dump] Event stats:
[state-dump] 	NodeManagerService.grpc_server.ReportWorkerBacklog - 35726 total (0 active), CPU time: mean = 24.304 us, total = 868.290 ms
[state-dump] 	UNKNOWN - 22441 total (3 active), CPU time: mean = 1.903 us, total = 42.715 ms
[state-dump] 	ObjectManager.UpdateAvailableMemory - 20397 total (0 active), CPU time: mean = 459.475 ns, total = 9.372 ms
[state-dump] 	NodeManagerService.grpc_server.RequestResourceReport - 20228 total (0 active), CPU time: mean = 31.228 us, total = 631.679 ms
[state-dump] 	NodeManagerService.grpc_server.UpdateResourceUsage - 20228 total (0 active), CPU time: mean = 29.337 us, total = 593.421 ms
[state-dump] 	RayletWorkerPool.deadline_timer.kill_idle_workers - 10200 total (1 active), CPU time: mean = 4.323 us, total = 44.091 ms
[state-dump] 	NodeManagerService.grpc_server.GetResourceLoad - 2040 total (0 active), CPU time: mean = 28.631 us, total = 58.407 ms
[state-dump] 	NodeManager.deadline_timer.flush_free_objects - 2040 total (1 active), CPU time: mean = 2.507 us, total = 5.113 ms
[state-dump] 	ClientConnection.async_read.ReadBufferAsync - 328 total (18 active), CPU time: mean = 77.030 us, total = 25.266 ms
[state-dump] 	NodeManager.deadline_timer.debug_state_dump - 204 total (1 active), CPU time: mean = 371.565 us, total = 75.799 ms
[state-dump] 	NodeManager.deadline_timer.record_metrics - 136 total (1 active), CPU time: mean = 202.291 us, total = 27.512 ms
[state-dump] 	CoreWorkerService.grpc_client.LocalGC - 54 total (0 active), CPU time: mean = 9.701 us, total = 523.859 us
[state-dump] 	NodeManager.deadline_timer.print_event_loop_stats - 34 total (1 active, 1 running), CPU time: mean = 543.296 us, total = 18.472 ms
[state-dump] 	ObjectManager.ObjectAdded - 19 total (0 active), CPU time: mean = 22.134 us, total = 420.540 us
[state-dump] 	ObjectManager.ObjectDeleted - 19 total (0 active), CPU time: mean = 11.208 us, total = 212.953 us
[state-dump] 	NodeManagerService.grpc_server.GetSystemConfig - 18 total (0 active), CPU time: mean = 34.279 us, total = 617.027 us
[state-dump] 	ClientConnection.async_write.DoAsyncWrites - 18 total (0 active), CPU time: mean = 435.056 ns, total = 7.831 us
[state-dump] 	NodeManagerService.grpc_server.RequestWorkerLease - 17 total (0 active), CPU time: mean = 1.227 ms, total = 20.867 ms
[state-dump] 	CoreWorkerService.grpc_client.DirectActorCallArgWaitComplete - 16 total (0 active), CPU time: mean = 8.380 us, total = 134.072 us
[state-dump] 	PeriodicalRunner.RunFnPeriodically - 8 total (0 active), CPU time: mean = 273.916 us, total = 2.191 ms
[state-dump] 	CoreWorkerService.grpc_client.PubsubCommandBatch - 8 total (0 active), CPU time: mean = 58.221 us, total = 465.766 us
[state-dump] 	CoreWorkerService.grpc_client.PubsubLongPolling - 7 total (0 active), CPU time: mean = 147.979 us, total = 1.036 ms
[state-dump] 	InternalPubSubGcsService.grpc_client.GcsSubscriberPoll - 5 total (1 active), CPU time: mean = 54.000 us, total = 270.002 us
[state-dump] 	InternalPubSubGcsService.grpc_client.GcsSubscriberCommandBatch - 2 total (0 active), CPU time: mean = 59.350 us, total = 118.700 us
[state-dump] 	Subscriber.HandlePublishedMessage_WORKER_OBJECT_LOCATIONS_CHANNEL - 2 total (0 active), CPU time: mean = 24.247 us, total = 48.493 us
[state-dump] 	CoreWorkerService.grpc_client.UpdateObjectLocationBatch - 2 total (0 active), CPU time: mean = 18.242 us, total = 36.484 us
[state-dump] 	NodeInfoGcsService.grpc_client.GetAllNodeInfo - 1 total (0 active), CPU time: mean = 28.066 us, total = 28.066 us
[state-dump] 	Subscriber.HandlePublishedMessage_GCS_JOB_CHANNEL - 1 total (0 active), CPU time: mean = 47.159 us, total = 47.159 us
[state-dump] 	NodeInfoGcsService.grpc_client.GetInternalConfig - 1 total (0 active), CPU time: mean = 33.796 ms, total = 33.796 ms
[state-dump] 	JobInfoGcsService.grpc_client.GetAllJobInfo - 1 total (0 active), CPU time: mean = 343.023 us, total = 343.023 us
[state-dump] 	NodeInfoGcsService.grpc_client.RegisterNode - 1 total (0 active), CPU time: mean = 203.359 us, total = 203.359 us
[state-dump] 	AgentManagerService.grpc_server.RegisterAgent - 1 total (0 active), CPU time: mean = 194.419 us, total = 194.419 us
[state-dump] 	Subscriber.HandlePublishedMessage_WORKER_OBJECT_EVICTION - 1 total (0 active), CPU time: mean = 66.553 us, total = 66.553 us
[state-dump] 	JobInfoGcsService.grpc_client.AddJob - 1 total (0 active), CPU time: mean = 23.962 us, total = 23.962 us
[state-dump] 	NodeManagerService.grpc_server.PinObjectIDs - 1 total (0 active), CPU time: mean = 169.418 us, total = 169.418 us
[state-dump] DebugString() time ms: 0
[state-dump] 
[state-dump] 
[2026-01-30 14:37:31,364 I 3413275 3413375] (raylet) store.cc:551: ========== Plasma store: =================
Current usage: 0 / 200 GB
- num bytes created total: 7953630
0 pending objects of total size 0MB
- objects spillable: 0
- bytes spillable: 0
- objects unsealed: 0
- bytes unsealed: 0
- objects in use: 0
- bytes in use: 0
- objects evictable: 0
- bytes evictable: 0

- objects created by worker: 0
- bytes created by worker: 0
- objects restored: 0
- bytes restored: 0
- objects received: 0
- bytes received: 0
- objects errored: 0
- bytes errored: 0

[2026-01-30 14:37:31,401 I 3413275 3413275] (raylet) node_manager.cc:540: [state-dump] Event stats:
[state-dump] 
[state-dump] 
[state-dump] Global stats: 138171 total (27 active)
[state-dump] Queueing time: mean = 5.315 ms, max = 41.724 s, min = -0.000 s, total = 734.346 s
[state-dump] Execution time:  mean = 18.290 us, total = 2.527 s
[state-dump] Event stats:
[state-dump] 	NodeManagerService.grpc_server.ReportWorkerBacklog - 36806 total (0 active), CPU time: mean = 24.274 us, total = 893.419 ms
[state-dump] 	UNKNOWN - 23101 total (3 active), CPU time: mean = 1.907 us, total = 44.059 ms
[state-dump] 	ObjectManager.UpdateAvailableMemory - 20997 total (0 active), CPU time: mean = 457.934 ns, total = 9.615 ms
[state-dump] 	NodeManagerService.grpc_server.RequestResourceReport - 20825 total (0 active), CPU time: mean = 31.124 us, total = 648.167 ms
[state-dump] 	NodeManagerService.grpc_server.UpdateResourceUsage - 20824 total (0 active), CPU time: mean = 29.227 us, total = 608.632 ms
[state-dump] 	RayletWorkerPool.deadline_timer.kill_idle_workers - 10500 total (1 active), CPU time: mean = 4.303 us, total = 45.179 ms
[state-dump] 	NodeManagerService.grpc_server.GetResourceLoad - 2100 total (0 active), CPU time: mean = 28.551 us, total = 59.957 ms
[state-dump] 	NodeManager.deadline_timer.flush_free_objects - 2100 total (1 active), CPU time: mean = 2.513 us, total = 5.278 ms
[state-dump] 	ClientConnection.async_read.ReadBufferAsync - 328 total (18 active), CPU time: mean = 77.030 us, total = 25.266 ms
[state-dump] 	NodeManager.deadline_timer.debug_state_dump - 210 total (1 active), CPU time: mean = 371.089 us, total = 77.929 ms
[state-dump] 	NodeManager.deadline_timer.record_metrics - 140 total (1 active), CPU time: mean = 204.318 us, total = 28.604 ms
[state-dump] 	CoreWorkerService.grpc_client.LocalGC - 54 total (0 active), CPU time: mean = 9.701 us, total = 523.859 us
[state-dump] 	NodeManager.deadline_timer.print_event_loop_stats - 35 total (1 active, 1 running), CPU time: mean = 546.040 us, total = 19.111 ms
[state-dump] 	ObjectManager.ObjectAdded - 19 total (0 active), CPU time: mean = 22.134 us, total = 420.540 us
[state-dump] 	ObjectManager.ObjectDeleted - 19 total (0 active), CPU time: mean = 11.208 us, total = 212.953 us
[state-dump] 	NodeManagerService.grpc_server.GetSystemConfig - 18 total (0 active), CPU time: mean = 34.279 us, total = 617.027 us
[state-dump] 	ClientConnection.async_write.DoAsyncWrites - 18 total (0 active), CPU time: mean = 435.056 ns, total = 7.831 us
[state-dump] 	NodeManagerService.grpc_server.RequestWorkerLease - 17 total (0 active), CPU time: mean = 1.227 ms, total = 20.867 ms
[state-dump] 	CoreWorkerService.grpc_client.DirectActorCallArgWaitComplete - 16 total (0 active), CPU time: mean = 8.380 us, total = 134.072 us
[state-dump] 	PeriodicalRunner.RunFnPeriodically - 8 total (0 active), CPU time: mean = 273.916 us, total = 2.191 ms
[state-dump] 	CoreWorkerService.grpc_client.PubsubCommandBatch - 8 total (0 active), CPU time: mean = 58.221 us, total = 465.766 us
[state-dump] 	CoreWorkerService.grpc_client.PubsubLongPolling - 7 total (0 active), CPU time: mean = 147.979 us, total = 1.036 ms
[state-dump] 	InternalPubSubGcsService.grpc_client.GcsSubscriberPoll - 6 total (1 active), CPU time: mean = 55.647 us, total = 333.881 us
[state-dump] 	InternalPubSubGcsService.grpc_client.GcsSubscriberCommandBatch - 2 total (0 active), CPU time: mean = 59.350 us, total = 118.700 us
[state-dump] 	Subscriber.HandlePublishedMessage_WORKER_OBJECT_LOCATIONS_CHANNEL - 2 total (0 active), CPU time: mean = 24.247 us, total = 48.493 us
[state-dump] 	CoreWorkerService.grpc_client.UpdateObjectLocationBatch - 2 total (0 active), CPU time: mean = 18.242 us, total = 36.484 us
[state-dump] 	NodeInfoGcsService.grpc_client.GetAllNodeInfo - 1 total (0 active), CPU time: mean = 28.066 us, total = 28.066 us
[state-dump] 	Subscriber.HandlePublishedMessage_GCS_JOB_CHANNEL - 1 total (0 active), CPU time: mean = 47.159 us, total = 47.159 us
[state-dump] 	NodeInfoGcsService.grpc_client.GetInternalConfig - 1 total (0 active), CPU time: mean = 33.796 ms, total = 33.796 ms
[state-dump] 	JobInfoGcsService.grpc_client.GetAllJobInfo - 1 total (0 active), CPU time: mean = 343.023 us, total = 343.023 us
[state-dump] 	NodeInfoGcsService.grpc_client.RegisterNode - 1 total (0 active), CPU time: mean = 203.359 us, total = 203.359 us
[state-dump] 	AgentManagerService.grpc_server.RegisterAgent - 1 total (0 active), CPU time: mean = 194.419 us, total = 194.419 us
[state-dump] 	Subscriber.HandlePublishedMessage_WORKER_OBJECT_EVICTION - 1 total (0 active), CPU time: mean = 66.553 us, total = 66.553 us
[state-dump] 	JobInfoGcsService.grpc_client.AddJob - 1 total (0 active), CPU time: mean = 23.962 us, total = 23.962 us
[state-dump] 	NodeManagerService.grpc_server.PinObjectIDs - 1 total (0 active), CPU time: mean = 169.418 us, total = 169.418 us
[state-dump] 
[state-dump] NodeManager:
[state-dump] Node ID: 435ff685d8e66afce15860cd5b4687480235848d386ffa5d5547bd3d
[state-dump] Node name: 10.137.21.59
[state-dump] InitialConfigResources: {memory: 8135216732160000, GPU: 20000, node:10.137.21.59: 10000, CPU: 170000, object_store_memory: 2000000000000000, accelerator_type:H100: 10000}
[state-dump] ClusterTaskManager:
[state-dump] ========== Node: 435ff685d8e66afce15860cd5b4687480235848d386ffa5d5547bd3d =================
[state-dump] Infeasible queue length: 1
[state-dump] Schedule queue length: 0
[state-dump] Dispatch queue length: 0
[state-dump] num_waiting_for_resource: 0
[state-dump] num_waiting_for_plasma_memory: 0
[state-dump] num_waiting_for_remote_node_resources: 0
[state-dump] num_worker_not_started_by_job_config_not_exist: 0
[state-dump] num_worker_not_started_by_registration_timeout: 0
[state-dump] num_tasks_waiting_for_workers: 0
[state-dump] num_cancelled_tasks: 0
[state-dump] cluster_resource_scheduler state: 
[state-dump] Local id: -8058881002343059789 Local resources: {node:10.137.21.59: [10000]/[10000], CPU: [10000]/[170000], object_store_memory: [2000000000000000]/[2000000000000000], memory: [8135216732160000]/[8135216732160000], GPU: [10000, 10000]/[10000, 10000], accelerator_type:H100: [10000]/[10000]}node id: -8058881002343059789{node:10.137.21.59: 10000/10000, CPU: 10000/170000, object_store_memory: 2000000000000000/2000000000000000, memory: 8135216732160000/8135216732160000, GPU: 20000/20000, accelerator_type:H100: 10000/10000}{ "placment group locations": [], "node to bundles": []}
[state-dump] Waiting tasks size: 0
[state-dump] Number of executing tasks: 0
[state-dump] Number of pinned task arguments: 0
[state-dump] Number of total spilled tasks: 0
[state-dump] Number of spilled waiting tasks: 0
[state-dump] Number of spilled unschedulable tasks: 0
[state-dump] Resource usage {
[state-dump]     - (language=PYTHON actor_or_task=RolloutWorker.__init__ pid=3414093): {CPU: 1.000000}
[state-dump]     - (language=PYTHON actor_or_task=RolloutWorker.__init__ pid=3414092): {CPU: 1.000000}
[state-dump]     - (language=PYTHON actor_or_task=RolloutWorker.__init__ pid=3414084): {CPU: 1.000000}
[state-dump]     - (language=PYTHON actor_or_task=RolloutWorker.__init__ pid=3414091): {CPU: 1.000000}
[state-dump]     - (language=PYTHON actor_or_task=RolloutWorker.__init__ pid=3414089): {CPU: 1.000000}
[state-dump]     - (language=PYTHON actor_or_task=RolloutWorker.__init__ pid=3414085): {CPU: 1.000000}
[state-dump]     - (language=PYTHON actor_or_task=RolloutWorker.__init__ pid=3414094): {CPU: 1.000000}
[state-dump]     - (language=PYTHON actor_or_task=RolloutWorker.__init__ pid=3414083): {CPU: 1.000000}
[state-dump]     - (language=PYTHON actor_or_task=RolloutWorker.__init__ pid=3414088): {CPU: 1.000000}
[state-dump]     - (language=PYTHON actor_or_task=RolloutWorker.__init__ pid=3414080): {CPU: 1.000000}
[state-dump]     - (language=PYTHON actor_or_task=RolloutWorker.__init__ pid=3414095): {CPU: 1.000000}
[state-dump]     - (language=PYTHON actor_or_task=RolloutWorker.__init__ pid=3414081): {CPU: 1.000000}
[state-dump]     - (language=PYTHON actor_or_task=RolloutWorker.__init__ pid=3414082): {CPU: 1.000000}
[state-dump]     - (language=PYTHON actor_or_task=RolloutWorker.__init__ pid=3414087): {CPU: 1.000000}
[state-dump]     - (language=PYTHON actor_or_task=RolloutWorker.__init__ pid=3414086): {CPU: 1.000000}
[state-dump]     - (language=PYTHON actor_or_task=RolloutWorker.__init__ pid=3414090): {CPU: 1.000000}
[state-dump] }
[state-dump] Running tasks by scheduling class:
[state-dump] ==================================================
[state-dump] 
[state-dump] ClusterResources:
[state-dump] LocalObjectManager:
[state-dump] - num pinned objects: 0
[state-dump] - pinned objects size: 0
[state-dump] - num objects pending restore: 0
[state-dump] - num objects pending spill: 0
[state-dump] - num bytes pending spill: 0
[state-dump] - num bytes currently spilled: 0
[state-dump] - cumulative spill requests: 0
[state-dump] - cumulative restore requests: 0
[state-dump] - spilled objects pending delete: 0
[state-dump] 
[state-dump] ObjectManager:
[state-dump] - num local objects: 0
[state-dump] - num unfulfilled push requests: 0
[state-dump] - num object pull requests: 0
[state-dump] - num chunks received total: 0
[state-dump] - num chunks received failed (all): 0
[state-dump] - num chunks received failed / cancelled: 0
[state-dump] - num chunks received failed / plasma error: 0
[state-dump] Event stats:
[state-dump] Global stats: 1 total (0 active)
[state-dump] Queueing time: mean = 25.771 us, max = 25.771 us, min = 25.771 us, total = 25.771 us
[state-dump] Execution time:  mean = 5.425 us, total = 5.425 us
[state-dump] Event stats:
[state-dump] 	ObjectManager.FreeObjects - 1 total (0 active), CPU time: mean = 5.425 us, total = 5.425 us
[state-dump] PushManager:
[state-dump] - num pushes in flight: 0
[state-dump] - num chunks in flight: 0
[state-dump] - num chunks remaining: 0
[state-dump] - max chunks allowed: 409
[state-dump] OwnershipBasedObjectDirectory:
[state-dump] - num listeners: 0
[state-dump] - cumulative location updates: 2
[state-dump] - num location updates per second: 0.000
[state-dump] - num location lookups per second: 0.000
[state-dump] - num locations added per second: 0.000
[state-dump] - num locations removed per second: 0.000
[state-dump] BufferPool:
[state-dump] - create buffer state map size: 0
[state-dump] PullManager:
[state-dump] - num bytes available for pulled objects: 200000000000
[state-dump] - num bytes being pulled (all): 0
[state-dump] - num bytes being pulled / pinned: 0
[state-dump] - get request bundles: BundlePullRequestQueue{0 total, 0 active, 0 inactive, 0 unpullable}
[state-dump] - wait request bundles: BundlePullRequestQueue{0 total, 0 active, 0 inactive, 0 unpullable}
[state-dump] - task request bundles: BundlePullRequestQueue{0 total, 0 active, 0 inactive, 0 unpullable}
[state-dump] - first get request bundle: N/A
[state-dump] - first wait request bundle: N/A
[state-dump] - first task request bundle: N/A
[state-dump] - num objects queued: 0
[state-dump] - num objects actively pulled (all): 0
[state-dump] - num objects actively pulled / pinned: 0
[state-dump] - num bundles being pulled: 0
[state-dump] - num pull retries: 0
[state-dump] - max timeout seconds: 0
[state-dump] - max timeout request is already processed. No entry.
[state-dump] 
[state-dump] WorkerPool:
[state-dump] - registered jobs: 1
[state-dump] - process_failed_job_config_missing: 0
[state-dump] - process_failed_rate_limited: 0
[state-dump] - process_failed_pending_registration: 0
[state-dump] - process_failed_runtime_env_setup_failed: 0
[state-dump] - num JAVA workers: 0
[state-dump] - num JAVA drivers: 0
[state-dump] - num object spill callbacks queued: 0
[state-dump] - num object restore queued: 0
[state-dump] - num util functions queued: 0
[state-dump] - num PYTHON workers: 17
[state-dump] - num PYTHON drivers: 1
[state-dump] - num object spill callbacks queued: 0
[state-dump] - num object restore queued: 0
[state-dump] - num util functions queued: 0
[state-dump] - num idle workers: 1
[state-dump] TaskDependencyManager:
[state-dump] - task deps map size: 0
[state-dump] - get req map size: 0
[state-dump] - wait req map size: 0
[state-dump] - local objects map size: 0
[state-dump] WaitManager:
[state-dump] - num active wait requests: 0
[state-dump] Subscriber:
[state-dump] Channel WORKER_REF_REMOVED_CHANNEL
[state-dump] - cumulative subscribe requests: 0
[state-dump] - cumulative unsubscribe requests: 0
[state-dump] - active subscribed publishers: 0
[state-dump] - cumulative published messages: 0
[state-dump] - cumulative processed messages: 0
[state-dump] Channel WORKER_OBJECT_EVICTION
[state-dump] - cumulative subscribe requests: 1
[state-dump] - cumulative unsubscribe requests: 1
[state-dump] - active subscribed publishers: 0
[state-dump] - cumulative published messages: 1
[state-dump] - cumulative processed messages: 1
[state-dump] Channel WORKER_OBJECT_LOCATIONS_CHANNEL
[state-dump] - cumulative subscribe requests: 5
[state-dump] - cumulative unsubscribe requests: 5
[state-dump] - active subscribed publishers: 0
[state-dump] - cumulative published messages: 2
[state-dump] - cumulative processed messages: 2
[state-dump] num async plasma notifications: 0
[state-dump] Remote node managers: 
[state-dump] Event stats:
[state-dump] Global stats: 138171 total (27 active)
[state-dump] Queueing time: mean = 5.315 ms, max = 41.724 s, min = -0.000 s, total = 734.346 s
[state-dump] Execution time:  mean = 18.290 us, total = 2.527 s
[state-dump] Event stats:
[state-dump] 	NodeManagerService.grpc_server.ReportWorkerBacklog - 36806 total (0 active), CPU time: mean = 24.274 us, total = 893.419 ms
[state-dump] 	UNKNOWN - 23101 total (3 active), CPU time: mean = 1.907 us, total = 44.059 ms
[state-dump] 	ObjectManager.UpdateAvailableMemory - 20997 total (0 active), CPU time: mean = 457.934 ns, total = 9.615 ms
[state-dump] 	NodeManagerService.grpc_server.RequestResourceReport - 20825 total (0 active), CPU time: mean = 31.124 us, total = 648.167 ms
[state-dump] 	NodeManagerService.grpc_server.UpdateResourceUsage - 20824 total (0 active), CPU time: mean = 29.227 us, total = 608.632 ms
[state-dump] 	RayletWorkerPool.deadline_timer.kill_idle_workers - 10500 total (1 active), CPU time: mean = 4.303 us, total = 45.179 ms
[state-dump] 	NodeManagerService.grpc_server.GetResourceLoad - 2100 total (0 active), CPU time: mean = 28.551 us, total = 59.957 ms
[state-dump] 	NodeManager.deadline_timer.flush_free_objects - 2100 total (1 active), CPU time: mean = 2.513 us, total = 5.278 ms
[state-dump] 	ClientConnection.async_read.ReadBufferAsync - 328 total (18 active), CPU time: mean = 77.030 us, total = 25.266 ms
[state-dump] 	NodeManager.deadline_timer.debug_state_dump - 210 total (1 active), CPU time: mean = 371.089 us, total = 77.929 ms
[state-dump] 	NodeManager.deadline_timer.record_metrics - 140 total (1 active), CPU time: mean = 204.318 us, total = 28.604 ms
[state-dump] 	CoreWorkerService.grpc_client.LocalGC - 54 total (0 active), CPU time: mean = 9.701 us, total = 523.859 us
[state-dump] 	NodeManager.deadline_timer.print_event_loop_stats - 35 total (1 active, 1 running), CPU time: mean = 546.040 us, total = 19.111 ms
[state-dump] 	ObjectManager.ObjectAdded - 19 total (0 active), CPU time: mean = 22.134 us, total = 420.540 us
[state-dump] 	ObjectManager.ObjectDeleted - 19 total (0 active), CPU time: mean = 11.208 us, total = 212.953 us
[state-dump] 	NodeManagerService.grpc_server.GetSystemConfig - 18 total (0 active), CPU time: mean = 34.279 us, total = 617.027 us
[state-dump] 	ClientConnection.async_write.DoAsyncWrites - 18 total (0 active), CPU time: mean = 435.056 ns, total = 7.831 us
[state-dump] 	NodeManagerService.grpc_server.RequestWorkerLease - 17 total (0 active), CPU time: mean = 1.227 ms, total = 20.867 ms
[state-dump] 	CoreWorkerService.grpc_client.DirectActorCallArgWaitComplete - 16 total (0 active), CPU time: mean = 8.380 us, total = 134.072 us
[state-dump] 	PeriodicalRunner.RunFnPeriodically - 8 total (0 active), CPU time: mean = 273.916 us, total = 2.191 ms
[state-dump] 	CoreWorkerService.grpc_client.PubsubCommandBatch - 8 total (0 active), CPU time: mean = 58.221 us, total = 465.766 us
[state-dump] 	CoreWorkerService.grpc_client.PubsubLongPolling - 7 total (0 active), CPU time: mean = 147.979 us, total = 1.036 ms
[state-dump] 	InternalPubSubGcsService.grpc_client.GcsSubscriberPoll - 6 total (1 active), CPU time: mean = 55.647 us, total = 333.881 us
[state-dump] 	InternalPubSubGcsService.grpc_client.GcsSubscriberCommandBatch - 2 total (0 active), CPU time: mean = 59.350 us, total = 118.700 us
[state-dump] 	Subscriber.HandlePublishedMessage_WORKER_OBJECT_LOCATIONS_CHANNEL - 2 total (0 active), CPU time: mean = 24.247 us, total = 48.493 us
[state-dump] 	CoreWorkerService.grpc_client.UpdateObjectLocationBatch - 2 total (0 active), CPU time: mean = 18.242 us, total = 36.484 us
[state-dump] 	NodeInfoGcsService.grpc_client.GetAllNodeInfo - 1 total (0 active), CPU time: mean = 28.066 us, total = 28.066 us
[state-dump] 	Subscriber.HandlePublishedMessage_GCS_JOB_CHANNEL - 1 total (0 active), CPU time: mean = 47.159 us, total = 47.159 us
[state-dump] 	NodeInfoGcsService.grpc_client.GetInternalConfig - 1 total (0 active), CPU time: mean = 33.796 ms, total = 33.796 ms
[state-dump] 	JobInfoGcsService.grpc_client.GetAllJobInfo - 1 total (0 active), CPU time: mean = 343.023 us, total = 343.023 us
[state-dump] 	NodeInfoGcsService.grpc_client.RegisterNode - 1 total (0 active), CPU time: mean = 203.359 us, total = 203.359 us
[state-dump] 	AgentManagerService.grpc_server.RegisterAgent - 1 total (0 active), CPU time: mean = 194.419 us, total = 194.419 us
[state-dump] 	Subscriber.HandlePublishedMessage_WORKER_OBJECT_EVICTION - 1 total (0 active), CPU time: mean = 66.553 us, total = 66.553 us
[state-dump] 	JobInfoGcsService.grpc_client.AddJob - 1 total (0 active), CPU time: mean = 23.962 us, total = 23.962 us
[state-dump] 	NodeManagerService.grpc_server.PinObjectIDs - 1 total (0 active), CPU time: mean = 169.418 us, total = 169.418 us
[state-dump] DebugString() time ms: 1
[state-dump] 
[state-dump] 
[2026-01-30 14:38:31,364 I 3413275 3413375] (raylet) store.cc:551: ========== Plasma store: =================
Current usage: 0 / 200 GB
- num bytes created total: 7953630
0 pending objects of total size 0MB
- objects spillable: 0
- bytes spillable: 0
- objects unsealed: 0
- bytes unsealed: 0
- objects in use: 0
- bytes in use: 0
- objects evictable: 0
- bytes evictable: 0

- objects created by worker: 0
- bytes created by worker: 0
- objects restored: 0
- bytes restored: 0
- objects received: 0
- bytes received: 0
- objects errored: 0
- bytes errored: 0

[2026-01-30 14:38:31,401 I 3413275 3413275] (raylet) node_manager.cc:540: [state-dump] Event stats:
[state-dump] 
[state-dump] 
[state-dump] Global stats: 142135 total (27 active)
[state-dump] Queueing time: mean = 5.167 ms, max = 41.724 s, min = -0.000 s, total = 734.386 s
[state-dump] Execution time:  mean = 18.249 us, total = 2.594 s
[state-dump] Event stats:
[state-dump] 	NodeManagerService.grpc_server.ReportWorkerBacklog - 37886 total (0 active), CPU time: mean = 24.257 us, total = 918.997 ms
[state-dump] 	UNKNOWN - 23761 total (3 active), CPU time: mean = 1.909 us, total = 45.362 ms
[state-dump] 	ObjectManager.UpdateAvailableMemory - 21597 total (0 active), CPU time: mean = 455.772 ns, total = 9.843 ms
[state-dump] 	NodeManagerService.grpc_server.RequestResourceReport - 21421 total (0 active), CPU time: mean = 31.045 us, total = 665.009 ms
[state-dump] 	NodeManagerService.grpc_server.UpdateResourceUsage - 21421 total (0 active), CPU time: mean = 29.184 us, total = 625.143 ms
[state-dump] 	RayletWorkerPool.deadline_timer.kill_idle_workers - 10800 total (1 active), CPU time: mean = 4.278 us, total = 46.198 ms
[state-dump] 	NodeManagerService.grpc_server.GetResourceLoad - 2160 total (0 active), CPU time: mean = 28.503 us, total = 61.566 ms
[state-dump] 	NodeManager.deadline_timer.flush_free_objects - 2160 total (1 active), CPU time: mean = 2.502 us, total = 5.405 ms
[state-dump] 	ClientConnection.async_read.ReadBufferAsync - 328 total (18 active), CPU time: mean = 77.030 us, total = 25.266 ms
[state-dump] 	NodeManager.deadline_timer.debug_state_dump - 216 total (1 active), CPU time: mean = 371.683 us, total = 80.284 ms
[state-dump] 	NodeManager.deadline_timer.record_metrics - 144 total (1 active), CPU time: mean = 203.092 us, total = 29.245 ms
[state-dump] 	CoreWorkerService.grpc_client.LocalGC - 54 total (0 active), CPU time: mean = 9.701 us, total = 523.859 us
[state-dump] 	NodeManager.deadline_timer.print_event_loop_stats - 36 total (1 active, 1 running), CPU time: mean = 546.300 us, total = 19.667 ms
[state-dump] 	ObjectManager.ObjectAdded - 19 total (0 active), CPU time: mean = 22.134 us, total = 420.540 us
[state-dump] 	ObjectManager.ObjectDeleted - 19 total (0 active), CPU time: mean = 11.208 us, total = 212.953 us
[state-dump] 	NodeManagerService.grpc_server.GetSystemConfig - 18 total (0 active), CPU time: mean = 34.279 us, total = 617.027 us
[state-dump] 	ClientConnection.async_write.DoAsyncWrites - 18 total (0 active), CPU time: mean = 435.056 ns, total = 7.831 us
[state-dump] 	NodeManagerService.grpc_server.RequestWorkerLease - 17 total (0 active), CPU time: mean = 1.227 ms, total = 20.867 ms
[state-dump] 	CoreWorkerService.grpc_client.DirectActorCallArgWaitComplete - 16 total (0 active), CPU time: mean = 8.380 us, total = 134.072 us
[state-dump] 	PeriodicalRunner.RunFnPeriodically - 8 total (0 active), CPU time: mean = 273.916 us, total = 2.191 ms
[state-dump] 	CoreWorkerService.grpc_client.PubsubCommandBatch - 8 total (0 active), CPU time: mean = 58.221 us, total = 465.766 us
[state-dump] 	CoreWorkerService.grpc_client.PubsubLongPolling - 7 total (0 active), CPU time: mean = 147.979 us, total = 1.036 ms
[state-dump] 	InternalPubSubGcsService.grpc_client.GcsSubscriberPoll - 6 total (1 active), CPU time: mean = 55.647 us, total = 333.881 us
[state-dump] 	InternalPubSubGcsService.grpc_client.GcsSubscriberCommandBatch - 2 total (0 active), CPU time: mean = 59.350 us, total = 118.700 us
[state-dump] 	Subscriber.HandlePublishedMessage_WORKER_OBJECT_LOCATIONS_CHANNEL - 2 total (0 active), CPU time: mean = 24.247 us, total = 48.493 us
[state-dump] 	CoreWorkerService.grpc_client.UpdateObjectLocationBatch - 2 total (0 active), CPU time: mean = 18.242 us, total = 36.484 us
[state-dump] 	NodeInfoGcsService.grpc_client.GetAllNodeInfo - 1 total (0 active), CPU time: mean = 28.066 us, total = 28.066 us
[state-dump] 	Subscriber.HandlePublishedMessage_GCS_JOB_CHANNEL - 1 total (0 active), CPU time: mean = 47.159 us, total = 47.159 us
[state-dump] 	NodeInfoGcsService.grpc_client.GetInternalConfig - 1 total (0 active), CPU time: mean = 33.796 ms, total = 33.796 ms
[state-dump] 	JobInfoGcsService.grpc_client.GetAllJobInfo - 1 total (0 active), CPU time: mean = 343.023 us, total = 343.023 us
[state-dump] 	NodeInfoGcsService.grpc_client.RegisterNode - 1 total (0 active), CPU time: mean = 203.359 us, total = 203.359 us
[state-dump] 	AgentManagerService.grpc_server.RegisterAgent - 1 total (0 active), CPU time: mean = 194.419 us, total = 194.419 us
[state-dump] 	Subscriber.HandlePublishedMessage_WORKER_OBJECT_EVICTION - 1 total (0 active), CPU time: mean = 66.553 us, total = 66.553 us
[state-dump] 	JobInfoGcsService.grpc_client.AddJob - 1 total (0 active), CPU time: mean = 23.962 us, total = 23.962 us
[state-dump] 	NodeManagerService.grpc_server.PinObjectIDs - 1 total (0 active), CPU time: mean = 169.418 us, total = 169.418 us
[state-dump] 
[state-dump] NodeManager:
[state-dump] Node ID: 435ff685d8e66afce15860cd5b4687480235848d386ffa5d5547bd3d
[state-dump] Node name: 10.137.21.59
[state-dump] InitialConfigResources: {memory: 8135216732160000, GPU: 20000, node:10.137.21.59: 10000, CPU: 170000, object_store_memory: 2000000000000000, accelerator_type:H100: 10000}
[state-dump] ClusterTaskManager:
[state-dump] ========== Node: 435ff685d8e66afce15860cd5b4687480235848d386ffa5d5547bd3d =================
[state-dump] Infeasible queue length: 1
[state-dump] Schedule queue length: 0
[state-dump] Dispatch queue length: 0
[state-dump] num_waiting_for_resource: 0
[state-dump] num_waiting_for_plasma_memory: 0
[state-dump] num_waiting_for_remote_node_resources: 0
[state-dump] num_worker_not_started_by_job_config_not_exist: 0
[state-dump] num_worker_not_started_by_registration_timeout: 0
[state-dump] num_tasks_waiting_for_workers: 0
[state-dump] num_cancelled_tasks: 0
[state-dump] cluster_resource_scheduler state: 
[state-dump] Local id: -8058881002343059789 Local resources: {node:10.137.21.59: [10000]/[10000], CPU: [10000]/[170000], object_store_memory: [2000000000000000]/[2000000000000000], memory: [8135216732160000]/[8135216732160000], GPU: [10000, 10000]/[10000, 10000], accelerator_type:H100: [10000]/[10000]}node id: -8058881002343059789{node:10.137.21.59: 10000/10000, CPU: 10000/170000, object_store_memory: 2000000000000000/2000000000000000, memory: 8135216732160000/8135216732160000, GPU: 20000/20000, accelerator_type:H100: 10000/10000}{ "placment group locations": [], "node to bundles": []}
[state-dump] Waiting tasks size: 0
[state-dump] Number of executing tasks: 0
[state-dump] Number of pinned task arguments: 0
[state-dump] Number of total spilled tasks: 0
[state-dump] Number of spilled waiting tasks: 0
[state-dump] Number of spilled unschedulable tasks: 0
[state-dump] Resource usage {
[state-dump]     - (language=PYTHON actor_or_task=RolloutWorker.__init__ pid=3414093): {CPU: 1.000000}
[state-dump]     - (language=PYTHON actor_or_task=RolloutWorker.__init__ pid=3414092): {CPU: 1.000000}
[state-dump]     - (language=PYTHON actor_or_task=RolloutWorker.__init__ pid=3414084): {CPU: 1.000000}
[state-dump]     - (language=PYTHON actor_or_task=RolloutWorker.__init__ pid=3414091): {CPU: 1.000000}
[state-dump]     - (language=PYTHON actor_or_task=RolloutWorker.__init__ pid=3414089): {CPU: 1.000000}
[state-dump]     - (language=PYTHON actor_or_task=RolloutWorker.__init__ pid=3414085): {CPU: 1.000000}
[state-dump]     - (language=PYTHON actor_or_task=RolloutWorker.__init__ pid=3414094): {CPU: 1.000000}
[state-dump]     - (language=PYTHON actor_or_task=RolloutWorker.__init__ pid=3414083): {CPU: 1.000000}
[state-dump]     - (language=PYTHON actor_or_task=RolloutWorker.__init__ pid=3414088): {CPU: 1.000000}
[state-dump]     - (language=PYTHON actor_or_task=RolloutWorker.__init__ pid=3414080): {CPU: 1.000000}
[state-dump]     - (language=PYTHON actor_or_task=RolloutWorker.__init__ pid=3414095): {CPU: 1.000000}
[state-dump]     - (language=PYTHON actor_or_task=RolloutWorker.__init__ pid=3414081): {CPU: 1.000000}
[state-dump]     - (language=PYTHON actor_or_task=RolloutWorker.__init__ pid=3414082): {CPU: 1.000000}
[state-dump]     - (language=PYTHON actor_or_task=RolloutWorker.__init__ pid=3414087): {CPU: 1.000000}
[state-dump]     - (language=PYTHON actor_or_task=RolloutWorker.__init__ pid=3414086): {CPU: 1.000000}
[state-dump]     - (language=PYTHON actor_or_task=RolloutWorker.__init__ pid=3414090): {CPU: 1.000000}
[state-dump] }
[state-dump] Running tasks by scheduling class:
[state-dump] ==================================================
[state-dump] 
[state-dump] ClusterResources:
[state-dump] LocalObjectManager:
[state-dump] - num pinned objects: 0
[state-dump] - pinned objects size: 0
[state-dump] - num objects pending restore: 0
[state-dump] - num objects pending spill: 0
[state-dump] - num bytes pending spill: 0
[state-dump] - num bytes currently spilled: 0
[state-dump] - cumulative spill requests: 0
[state-dump] - cumulative restore requests: 0
[state-dump] - spilled objects pending delete: 0
[state-dump] 
[state-dump] ObjectManager:
[state-dump] - num local objects: 0
[state-dump] - num unfulfilled push requests: 0
[state-dump] - num object pull requests: 0
[state-dump] - num chunks received total: 0
[state-dump] - num chunks received failed (all): 0
[state-dump] - num chunks received failed / cancelled: 0
[state-dump] - num chunks received failed / plasma error: 0
[state-dump] Event stats:
[state-dump] Global stats: 1 total (0 active)
[state-dump] Queueing time: mean = 25.771 us, max = 25.771 us, min = 25.771 us, total = 25.771 us
[state-dump] Execution time:  mean = 5.425 us, total = 5.425 us
[state-dump] Event stats:
[state-dump] 	ObjectManager.FreeObjects - 1 total (0 active), CPU time: mean = 5.425 us, total = 5.425 us
[state-dump] PushManager:
[state-dump] - num pushes in flight: 0
[state-dump] - num chunks in flight: 0
[state-dump] - num chunks remaining: 0
[state-dump] - max chunks allowed: 409
[state-dump] OwnershipBasedObjectDirectory:
[state-dump] - num listeners: 0
[state-dump] - cumulative location updates: 2
[state-dump] - num location updates per second: 0.000
[state-dump] - num location lookups per second: 0.000
[state-dump] - num locations added per second: 0.000
[state-dump] - num locations removed per second: 0.000
[state-dump] BufferPool:
[state-dump] - create buffer state map size: 0
[state-dump] PullManager:
[state-dump] - num bytes available for pulled objects: 200000000000
[state-dump] - num bytes being pulled (all): 0
[state-dump] - num bytes being pulled / pinned: 0
[state-dump] - get request bundles: BundlePullRequestQueue{0 total, 0 active, 0 inactive, 0 unpullable}
[state-dump] - wait request bundles: BundlePullRequestQueue{0 total, 0 active, 0 inactive, 0 unpullable}
[state-dump] - task request bundles: BundlePullRequestQueue{0 total, 0 active, 0 inactive, 0 unpullable}
[state-dump] - first get request bundle: N/A
[state-dump] - first wait request bundle: N/A
[state-dump] - first task request bundle: N/A
[state-dump] - num objects queued: 0
[state-dump] - num objects actively pulled (all): 0
[state-dump] - num objects actively pulled / pinned: 0
[state-dump] - num bundles being pulled: 0
[state-dump] - num pull retries: 0
[state-dump] - max timeout seconds: 0
[state-dump] - max timeout request is already processed. No entry.
[state-dump] 
[state-dump] WorkerPool:
[state-dump] - registered jobs: 1
[state-dump] - process_failed_job_config_missing: 0
[state-dump] - process_failed_rate_limited: 0
[state-dump] - process_failed_pending_registration: 0
[state-dump] - process_failed_runtime_env_setup_failed: 0
[state-dump] - num JAVA workers: 0
[state-dump] - num JAVA drivers: 0
[state-dump] - num object spill callbacks queued: 0
[state-dump] - num object restore queued: 0
[state-dump] - num util functions queued: 0
[state-dump] - num PYTHON workers: 17
[state-dump] - num PYTHON drivers: 1
[state-dump] - num object spill callbacks queued: 0
[state-dump] - num object restore queued: 0
[state-dump] - num util functions queued: 0
[state-dump] - num idle workers: 1
[state-dump] TaskDependencyManager:
[state-dump] - task deps map size: 0
[state-dump] - get req map size: 0
[state-dump] - wait req map size: 0
[state-dump] - local objects map size: 0
[state-dump] WaitManager:
[state-dump] - num active wait requests: 0
[state-dump] Subscriber:
[state-dump] Channel WORKER_REF_REMOVED_CHANNEL
[state-dump] - cumulative subscribe requests: 0
[state-dump] - cumulative unsubscribe requests: 0
[state-dump] - active subscribed publishers: 0
[state-dump] - cumulative published messages: 0
[state-dump] - cumulative processed messages: 0
[state-dump] Channel WORKER_OBJECT_EVICTION
[state-dump] - cumulative subscribe requests: 1
[state-dump] - cumulative unsubscribe requests: 1
[state-dump] - active subscribed publishers: 0
[state-dump] - cumulative published messages: 1
[state-dump] - cumulative processed messages: 1
[state-dump] Channel WORKER_OBJECT_LOCATIONS_CHANNEL
[state-dump] - cumulative subscribe requests: 5
[state-dump] - cumulative unsubscribe requests: 5
[state-dump] - active subscribed publishers: 0
[state-dump] - cumulative published messages: 2
[state-dump] - cumulative processed messages: 2
[state-dump] num async plasma notifications: 0
[state-dump] Remote node managers: 
[state-dump] Event stats:
[state-dump] Global stats: 142135 total (27 active)
[state-dump] Queueing time: mean = 5.167 ms, max = 41.724 s, min = -0.000 s, total = 734.386 s
[state-dump] Execution time:  mean = 18.249 us, total = 2.594 s
[state-dump] Event stats:
[state-dump] 	NodeManagerService.grpc_server.ReportWorkerBacklog - 37886 total (0 active), CPU time: mean = 24.257 us, total = 918.997 ms
[state-dump] 	UNKNOWN - 23761 total (3 active), CPU time: mean = 1.909 us, total = 45.362 ms
[state-dump] 	ObjectManager.UpdateAvailableMemory - 21597 total (0 active), CPU time: mean = 455.772 ns, total = 9.843 ms
[state-dump] 	NodeManagerService.grpc_server.RequestResourceReport - 21421 total (0 active), CPU time: mean = 31.045 us, total = 665.009 ms
[state-dump] 	NodeManagerService.grpc_server.UpdateResourceUsage - 21421 total (0 active), CPU time: mean = 29.184 us, total = 625.143 ms
[state-dump] 	RayletWorkerPool.deadline_timer.kill_idle_workers - 10800 total (1 active), CPU time: mean = 4.278 us, total = 46.198 ms
[state-dump] 	NodeManagerService.grpc_server.GetResourceLoad - 2160 total (0 active), CPU time: mean = 28.503 us, total = 61.566 ms
[state-dump] 	NodeManager.deadline_timer.flush_free_objects - 2160 total (1 active), CPU time: mean = 2.502 us, total = 5.405 ms
[state-dump] 	ClientConnection.async_read.ReadBufferAsync - 328 total (18 active), CPU time: mean = 77.030 us, total = 25.266 ms
[state-dump] 	NodeManager.deadline_timer.debug_state_dump - 216 total (1 active), CPU time: mean = 371.683 us, total = 80.284 ms
[state-dump] 	NodeManager.deadline_timer.record_metrics - 144 total (1 active), CPU time: mean = 203.092 us, total = 29.245 ms
[state-dump] 	CoreWorkerService.grpc_client.LocalGC - 54 total (0 active), CPU time: mean = 9.701 us, total = 523.859 us
[state-dump] 	NodeManager.deadline_timer.print_event_loop_stats - 36 total (1 active, 1 running), CPU time: mean = 546.300 us, total = 19.667 ms
[state-dump] 	ObjectManager.ObjectAdded - 19 total (0 active), CPU time: mean = 22.134 us, total = 420.540 us
[state-dump] 	ObjectManager.ObjectDeleted - 19 total (0 active), CPU time: mean = 11.208 us, total = 212.953 us
[state-dump] 	NodeManagerService.grpc_server.GetSystemConfig - 18 total (0 active), CPU time: mean = 34.279 us, total = 617.027 us
[state-dump] 	ClientConnection.async_write.DoAsyncWrites - 18 total (0 active), CPU time: mean = 435.056 ns, total = 7.831 us
[state-dump] 	NodeManagerService.grpc_server.RequestWorkerLease - 17 total (0 active), CPU time: mean = 1.227 ms, total = 20.867 ms
[state-dump] 	CoreWorkerService.grpc_client.DirectActorCallArgWaitComplete - 16 total (0 active), CPU time: mean = 8.380 us, total = 134.072 us
[state-dump] 	PeriodicalRunner.RunFnPeriodically - 8 total (0 active), CPU time: mean = 273.916 us, total = 2.191 ms
[state-dump] 	CoreWorkerService.grpc_client.PubsubCommandBatch - 8 total (0 active), CPU time: mean = 58.221 us, total = 465.766 us
[state-dump] 	CoreWorkerService.grpc_client.PubsubLongPolling - 7 total (0 active), CPU time: mean = 147.979 us, total = 1.036 ms
[state-dump] 	InternalPubSubGcsService.grpc_client.GcsSubscriberPoll - 6 total (1 active), CPU time: mean = 55.647 us, total = 333.881 us
[state-dump] 	InternalPubSubGcsService.grpc_client.GcsSubscriberCommandBatch - 2 total (0 active), CPU time: mean = 59.350 us, total = 118.700 us
[state-dump] 	Subscriber.HandlePublishedMessage_WORKER_OBJECT_LOCATIONS_CHANNEL - 2 total (0 active), CPU time: mean = 24.247 us, total = 48.493 us
[state-dump] 	CoreWorkerService.grpc_client.UpdateObjectLocationBatch - 2 total (0 active), CPU time: mean = 18.242 us, total = 36.484 us
[state-dump] 	NodeInfoGcsService.grpc_client.GetAllNodeInfo - 1 total (0 active), CPU time: mean = 28.066 us, total = 28.066 us
[state-dump] 	Subscriber.HandlePublishedMessage_GCS_JOB_CHANNEL - 1 total (0 active), CPU time: mean = 47.159 us, total = 47.159 us
[state-dump] 	NodeInfoGcsService.grpc_client.GetInternalConfig - 1 total (0 active), CPU time: mean = 33.796 ms, total = 33.796 ms
[state-dump] 	JobInfoGcsService.grpc_client.GetAllJobInfo - 1 total (0 active), CPU time: mean = 343.023 us, total = 343.023 us
[state-dump] 	NodeInfoGcsService.grpc_client.RegisterNode - 1 total (0 active), CPU time: mean = 203.359 us, total = 203.359 us
[state-dump] 	AgentManagerService.grpc_server.RegisterAgent - 1 total (0 active), CPU time: mean = 194.419 us, total = 194.419 us
[state-dump] 	Subscriber.HandlePublishedMessage_WORKER_OBJECT_EVICTION - 1 total (0 active), CPU time: mean = 66.553 us, total = 66.553 us
[state-dump] 	JobInfoGcsService.grpc_client.AddJob - 1 total (0 active), CPU time: mean = 23.962 us, total = 23.962 us
[state-dump] 	NodeManagerService.grpc_server.PinObjectIDs - 1 total (0 active), CPU time: mean = 169.418 us, total = 169.418 us
[state-dump] DebugString() time ms: 0
[state-dump] 
[state-dump] 
[2026-01-30 14:39:31,364 I 3413275 3413375] (raylet) store.cc:551: ========== Plasma store: =================
Current usage: 0 / 200 GB
- num bytes created total: 7953630
0 pending objects of total size 0MB
- objects spillable: 0
- bytes spillable: 0
- objects unsealed: 0
- bytes unsealed: 0
- objects in use: 0
- bytes in use: 0
- objects evictable: 0
- bytes evictable: 0

- objects created by worker: 0
- bytes created by worker: 0
- objects restored: 0
- bytes restored: 0
- objects received: 0
- bytes received: 0
- objects errored: 0
- bytes errored: 0

[2026-01-30 14:39:31,402 I 3413275 3413275] (raylet) node_manager.cc:540: [state-dump] Event stats:
[state-dump] 
[state-dump] 
[state-dump] Global stats: 146100 total (27 active)
[state-dump] Queueing time: mean = 5.027 ms, max = 41.724 s, min = -0.000 s, total = 734.425 s
[state-dump] Execution time:  mean = 18.201 us, total = 2.659 s
[state-dump] Event stats:
[state-dump] 	NodeManagerService.grpc_server.ReportWorkerBacklog - 38966 total (0 active), CPU time: mean = 24.228 us, total = 944.065 ms
[state-dump] 	UNKNOWN - 24421 total (3 active), CPU time: mean = 1.909 us, total = 46.616 ms
[state-dump] 	ObjectManager.UpdateAvailableMemory - 22197 total (0 active), CPU time: mean = 453.995 ns, total = 10.077 ms
[state-dump] 	NodeManagerService.grpc_server.RequestResourceReport - 22018 total (0 active), CPU time: mean = 30.956 us, total = 681.582 ms
[state-dump] 	NodeManagerService.grpc_server.UpdateResourceUsage - 22018 total (0 active), CPU time: mean = 29.119 us, total = 641.148 ms
[state-dump] 	RayletWorkerPool.deadline_timer.kill_idle_workers - 11100 total (1 active), CPU time: mean = 4.252 us, total = 47.194 ms
[state-dump] 	NodeManagerService.grpc_server.GetResourceLoad - 2220 total (0 active), CPU time: mean = 28.443 us, total = 63.144 ms
[state-dump] 	NodeManager.deadline_timer.flush_free_objects - 2220 total (1 active), CPU time: mean = 2.487 us, total = 5.521 ms
[state-dump] 	ClientConnection.async_read.ReadBufferAsync - 328 total (18 active), CPU time: mean = 77.030 us, total = 25.266 ms
[state-dump] 	NodeManager.deadline_timer.debug_state_dump - 222 total (1 active), CPU time: mean = 371.490 us, total = 82.471 ms
[state-dump] 	NodeManager.deadline_timer.record_metrics - 148 total (1 active), CPU time: mean = 202.842 us, total = 30.021 ms
[state-dump] 	CoreWorkerService.grpc_client.LocalGC - 54 total (0 active), CPU time: mean = 9.701 us, total = 523.859 us
[state-dump] 	NodeManager.deadline_timer.print_event_loop_stats - 37 total (1 active, 1 running), CPU time: mean = 545.904 us, total = 20.198 ms
[state-dump] 	ObjectManager.ObjectAdded - 19 total (0 active), CPU time: mean = 22.134 us, total = 420.540 us
[state-dump] 	ObjectManager.ObjectDeleted - 19 total (0 active), CPU time: mean = 11.208 us, total = 212.953 us
[state-dump] 	NodeManagerService.grpc_server.GetSystemConfig - 18 total (0 active), CPU time: mean = 34.279 us, total = 617.027 us
[state-dump] 	ClientConnection.async_write.DoAsyncWrites - 18 total (0 active), CPU time: mean = 435.056 ns, total = 7.831 us
[state-dump] 	NodeManagerService.grpc_server.RequestWorkerLease - 17 total (0 active), CPU time: mean = 1.227 ms, total = 20.867 ms
[state-dump] 	CoreWorkerService.grpc_client.DirectActorCallArgWaitComplete - 16 total (0 active), CPU time: mean = 8.380 us, total = 134.072 us
[state-dump] 	PeriodicalRunner.RunFnPeriodically - 8 total (0 active), CPU time: mean = 273.916 us, total = 2.191 ms
[state-dump] 	CoreWorkerService.grpc_client.PubsubCommandBatch - 8 total (0 active), CPU time: mean = 58.221 us, total = 465.766 us
[state-dump] 	CoreWorkerService.grpc_client.PubsubLongPolling - 7 total (0 active), CPU time: mean = 147.979 us, total = 1.036 ms
[state-dump] 	InternalPubSubGcsService.grpc_client.GcsSubscriberPoll - 6 total (1 active), CPU time: mean = 55.647 us, total = 333.881 us
[state-dump] 	InternalPubSubGcsService.grpc_client.GcsSubscriberCommandBatch - 2 total (0 active), CPU time: mean = 59.350 us, total = 118.700 us
[state-dump] 	Subscriber.HandlePublishedMessage_WORKER_OBJECT_LOCATIONS_CHANNEL - 2 total (0 active), CPU time: mean = 24.247 us, total = 48.493 us
[state-dump] 	CoreWorkerService.grpc_client.UpdateObjectLocationBatch - 2 total (0 active), CPU time: mean = 18.242 us, total = 36.484 us
[state-dump] 	NodeInfoGcsService.grpc_client.GetAllNodeInfo - 1 total (0 active), CPU time: mean = 28.066 us, total = 28.066 us
[state-dump] 	Subscriber.HandlePublishedMessage_GCS_JOB_CHANNEL - 1 total (0 active), CPU time: mean = 47.159 us, total = 47.159 us
[state-dump] 	NodeInfoGcsService.grpc_client.GetInternalConfig - 1 total (0 active), CPU time: mean = 33.796 ms, total = 33.796 ms
[state-dump] 	JobInfoGcsService.grpc_client.GetAllJobInfo - 1 total (0 active), CPU time: mean = 343.023 us, total = 343.023 us
[state-dump] 	NodeInfoGcsService.grpc_client.RegisterNode - 1 total (0 active), CPU time: mean = 203.359 us, total = 203.359 us
[state-dump] 	AgentManagerService.grpc_server.RegisterAgent - 1 total (0 active), CPU time: mean = 194.419 us, total = 194.419 us
[state-dump] 	Subscriber.HandlePublishedMessage_WORKER_OBJECT_EVICTION - 1 total (0 active), CPU time: mean = 66.553 us, total = 66.553 us
[state-dump] 	JobInfoGcsService.grpc_client.AddJob - 1 total (0 active), CPU time: mean = 23.962 us, total = 23.962 us
[state-dump] 	NodeManagerService.grpc_server.PinObjectIDs - 1 total (0 active), CPU time: mean = 169.418 us, total = 169.418 us
[state-dump] 
[state-dump] NodeManager:
[state-dump] Node ID: 435ff685d8e66afce15860cd5b4687480235848d386ffa5d5547bd3d
[state-dump] Node name: 10.137.21.59
[state-dump] InitialConfigResources: {memory: 8135216732160000, GPU: 20000, node:10.137.21.59: 10000, CPU: 170000, object_store_memory: 2000000000000000, accelerator_type:H100: 10000}
[state-dump] ClusterTaskManager:
[state-dump] ========== Node: 435ff685d8e66afce15860cd5b4687480235848d386ffa5d5547bd3d =================
[state-dump] Infeasible queue length: 1
[state-dump] Schedule queue length: 0
[state-dump] Dispatch queue length: 0
[state-dump] num_waiting_for_resource: 0
[state-dump] num_waiting_for_plasma_memory: 0
[state-dump] num_waiting_for_remote_node_resources: 0
[state-dump] num_worker_not_started_by_job_config_not_exist: 0
[state-dump] num_worker_not_started_by_registration_timeout: 0
[state-dump] num_tasks_waiting_for_workers: 0
[state-dump] num_cancelled_tasks: 0
[state-dump] cluster_resource_scheduler state: 
[state-dump] Local id: -8058881002343059789 Local resources: {node:10.137.21.59: [10000]/[10000], CPU: [10000]/[170000], object_store_memory: [2000000000000000]/[2000000000000000], memory: [8135216732160000]/[8135216732160000], GPU: [10000, 10000]/[10000, 10000], accelerator_type:H100: [10000]/[10000]}node id: -8058881002343059789{node:10.137.21.59: 10000/10000, CPU: 10000/170000, object_store_memory: 2000000000000000/2000000000000000, memory: 8135216732160000/8135216732160000, GPU: 20000/20000, accelerator_type:H100: 10000/10000}{ "placment group locations": [], "node to bundles": []}
[state-dump] Waiting tasks size: 0
[state-dump] Number of executing tasks: 0
[state-dump] Number of pinned task arguments: 0
[state-dump] Number of total spilled tasks: 0
[state-dump] Number of spilled waiting tasks: 0
[state-dump] Number of spilled unschedulable tasks: 0
[state-dump] Resource usage {
[state-dump]     - (language=PYTHON actor_or_task=RolloutWorker.__init__ pid=3414093): {CPU: 1.000000}
[state-dump]     - (language=PYTHON actor_or_task=RolloutWorker.__init__ pid=3414092): {CPU: 1.000000}
[state-dump]     - (language=PYTHON actor_or_task=RolloutWorker.__init__ pid=3414084): {CPU: 1.000000}
[state-dump]     - (language=PYTHON actor_or_task=RolloutWorker.__init__ pid=3414091): {CPU: 1.000000}
[state-dump]     - (language=PYTHON actor_or_task=RolloutWorker.__init__ pid=3414089): {CPU: 1.000000}
[state-dump]     - (language=PYTHON actor_or_task=RolloutWorker.__init__ pid=3414085): {CPU: 1.000000}
[state-dump]     - (language=PYTHON actor_or_task=RolloutWorker.__init__ pid=3414094): {CPU: 1.000000}
[state-dump]     - (language=PYTHON actor_or_task=RolloutWorker.__init__ pid=3414083): {CPU: 1.000000}
[state-dump]     - (language=PYTHON actor_or_task=RolloutWorker.__init__ pid=3414088): {CPU: 1.000000}
[state-dump]     - (language=PYTHON actor_or_task=RolloutWorker.__init__ pid=3414080): {CPU: 1.000000}
[state-dump]     - (language=PYTHON actor_or_task=RolloutWorker.__init__ pid=3414095): {CPU: 1.000000}
[state-dump]     - (language=PYTHON actor_or_task=RolloutWorker.__init__ pid=3414081): {CPU: 1.000000}
[state-dump]     - (language=PYTHON actor_or_task=RolloutWorker.__init__ pid=3414082): {CPU: 1.000000}
[state-dump]     - (language=PYTHON actor_or_task=RolloutWorker.__init__ pid=3414087): {CPU: 1.000000}
[state-dump]     - (language=PYTHON actor_or_task=RolloutWorker.__init__ pid=3414086): {CPU: 1.000000}
[state-dump]     - (language=PYTHON actor_or_task=RolloutWorker.__init__ pid=3414090): {CPU: 1.000000}
[state-dump] }
[state-dump] Running tasks by scheduling class:
[state-dump] ==================================================
[state-dump] 
[state-dump] ClusterResources:
[state-dump] LocalObjectManager:
[state-dump] - num pinned objects: 0
[state-dump] - pinned objects size: 0
[state-dump] - num objects pending restore: 0
[state-dump] - num objects pending spill: 0
[state-dump] - num bytes pending spill: 0
[state-dump] - num bytes currently spilled: 0
[state-dump] - cumulative spill requests: 0
[state-dump] - cumulative restore requests: 0
[state-dump] - spilled objects pending delete: 0
[state-dump] 
[state-dump] ObjectManager:
[state-dump] - num local objects: 0
[state-dump] - num unfulfilled push requests: 0
[state-dump] - num object pull requests: 0
[state-dump] - num chunks received total: 0
[state-dump] - num chunks received failed (all): 0
[state-dump] - num chunks received failed / cancelled: 0
[state-dump] - num chunks received failed / plasma error: 0
[state-dump] Event stats:
[state-dump] Global stats: 1 total (0 active)
[state-dump] Queueing time: mean = 25.771 us, max = 25.771 us, min = 25.771 us, total = 25.771 us
[state-dump] Execution time:  mean = 5.425 us, total = 5.425 us
[state-dump] Event stats:
[state-dump] 	ObjectManager.FreeObjects - 1 total (0 active), CPU time: mean = 5.425 us, total = 5.425 us
[state-dump] PushManager:
[state-dump] - num pushes in flight: 0
[state-dump] - num chunks in flight: 0
[state-dump] - num chunks remaining: 0
[state-dump] - max chunks allowed: 409
[state-dump] OwnershipBasedObjectDirectory:
[state-dump] - num listeners: 0
[state-dump] - cumulative location updates: 2
[state-dump] - num location updates per second: 0.000
[state-dump] - num location lookups per second: 0.000
[state-dump] - num locations added per second: 0.000
[state-dump] - num locations removed per second: 0.000
[state-dump] BufferPool:
[state-dump] - create buffer state map size: 0
[state-dump] PullManager:
[state-dump] - num bytes available for pulled objects: 200000000000
[state-dump] - num bytes being pulled (all): 0
[state-dump] - num bytes being pulled / pinned: 0
[state-dump] - get request bundles: BundlePullRequestQueue{0 total, 0 active, 0 inactive, 0 unpullable}
[state-dump] - wait request bundles: BundlePullRequestQueue{0 total, 0 active, 0 inactive, 0 unpullable}
[state-dump] - task request bundles: BundlePullRequestQueue{0 total, 0 active, 0 inactive, 0 unpullable}
[state-dump] - first get request bundle: N/A
[state-dump] - first wait request bundle: N/A
[state-dump] - first task request bundle: N/A
[state-dump] - num objects queued: 0
[state-dump] - num objects actively pulled (all): 0
[state-dump] - num objects actively pulled / pinned: 0
[state-dump] - num bundles being pulled: 0
[state-dump] - num pull retries: 0
[state-dump] - max timeout seconds: 0
[state-dump] - max timeout request is already processed. No entry.
[state-dump] 
[state-dump] WorkerPool:
[state-dump] - registered jobs: 1
[state-dump] - process_failed_job_config_missing: 0
[state-dump] - process_failed_rate_limited: 0
[state-dump] - process_failed_pending_registration: 0
[state-dump] - process_failed_runtime_env_setup_failed: 0
[state-dump] - num JAVA workers: 0
[state-dump] - num JAVA drivers: 0
[state-dump] - num object spill callbacks queued: 0
[state-dump] - num object restore queued: 0
[state-dump] - num util functions queued: 0
[state-dump] - num PYTHON workers: 17
[state-dump] - num PYTHON drivers: 1
[state-dump] - num object spill callbacks queued: 0
[state-dump] - num object restore queued: 0
[state-dump] - num util functions queued: 0
[state-dump] - num idle workers: 1
[state-dump] TaskDependencyManager:
[state-dump] - task deps map size: 0
[state-dump] - get req map size: 0
[state-dump] - wait req map size: 0
[state-dump] - local objects map size: 0
[state-dump] WaitManager:
[state-dump] - num active wait requests: 0
[state-dump] Subscriber:
[state-dump] Channel WORKER_REF_REMOVED_CHANNEL
[state-dump] - cumulative subscribe requests: 0
[state-dump] - cumulative unsubscribe requests: 0
[state-dump] - active subscribed publishers: 0
[state-dump] - cumulative published messages: 0
[state-dump] - cumulative processed messages: 0
[state-dump] Channel WORKER_OBJECT_EVICTION
[state-dump] - cumulative subscribe requests: 1
[state-dump] - cumulative unsubscribe requests: 1
[state-dump] - active subscribed publishers: 0
[state-dump] - cumulative published messages: 1
[state-dump] - cumulative processed messages: 1
[state-dump] Channel WORKER_OBJECT_LOCATIONS_CHANNEL
[state-dump] - cumulative subscribe requests: 5
[state-dump] - cumulative unsubscribe requests: 5
[state-dump] - active subscribed publishers: 0
[state-dump] - cumulative published messages: 2
[state-dump] - cumulative processed messages: 2
[state-dump] num async plasma notifications: 0
[state-dump] Remote node managers: 
[state-dump] Event stats:
[state-dump] Global stats: 146100 total (27 active)
[state-dump] Queueing time: mean = 5.027 ms, max = 41.724 s, min = -0.000 s, total = 734.425 s
[state-dump] Execution time:  mean = 18.201 us, total = 2.659 s
[state-dump] Event stats:
[state-dump] 	NodeManagerService.grpc_server.ReportWorkerBacklog - 38966 total (0 active), CPU time: mean = 24.228 us, total = 944.065 ms
[state-dump] 	UNKNOWN - 24421 total (3 active), CPU time: mean = 1.909 us, total = 46.616 ms
[state-dump] 	ObjectManager.UpdateAvailableMemory - 22197 total (0 active), CPU time: mean = 453.995 ns, total = 10.077 ms
[state-dump] 	NodeManagerService.grpc_server.RequestResourceReport - 22018 total (0 active), CPU time: mean = 30.956 us, total = 681.582 ms
[state-dump] 	NodeManagerService.grpc_server.UpdateResourceUsage - 22018 total (0 active), CPU time: mean = 29.119 us, total = 641.148 ms
[state-dump] 	RayletWorkerPool.deadline_timer.kill_idle_workers - 11100 total (1 active), CPU time: mean = 4.252 us, total = 47.194 ms
[state-dump] 	NodeManagerService.grpc_server.GetResourceLoad - 2220 total (0 active), CPU time: mean = 28.443 us, total = 63.144 ms
[state-dump] 	NodeManager.deadline_timer.flush_free_objects - 2220 total (1 active), CPU time: mean = 2.487 us, total = 5.521 ms
[state-dump] 	ClientConnection.async_read.ReadBufferAsync - 328 total (18 active), CPU time: mean = 77.030 us, total = 25.266 ms
[state-dump] 	NodeManager.deadline_timer.debug_state_dump - 222 total (1 active), CPU time: mean = 371.490 us, total = 82.471 ms
[state-dump] 	NodeManager.deadline_timer.record_metrics - 148 total (1 active), CPU time: mean = 202.842 us, total = 30.021 ms
[state-dump] 	CoreWorkerService.grpc_client.LocalGC - 54 total (0 active), CPU time: mean = 9.701 us, total = 523.859 us
[state-dump] 	NodeManager.deadline_timer.print_event_loop_stats - 37 total (1 active, 1 running), CPU time: mean = 545.904 us, total = 20.198 ms
[state-dump] 	ObjectManager.ObjectAdded - 19 total (0 active), CPU time: mean = 22.134 us, total = 420.540 us
[state-dump] 	ObjectManager.ObjectDeleted - 19 total (0 active), CPU time: mean = 11.208 us, total = 212.953 us
[state-dump] 	NodeManagerService.grpc_server.GetSystemConfig - 18 total (0 active), CPU time: mean = 34.279 us, total = 617.027 us
[state-dump] 	ClientConnection.async_write.DoAsyncWrites - 18 total (0 active), CPU time: mean = 435.056 ns, total = 7.831 us
[state-dump] 	NodeManagerService.grpc_server.RequestWorkerLease - 17 total (0 active), CPU time: mean = 1.227 ms, total = 20.867 ms
[state-dump] 	CoreWorkerService.grpc_client.DirectActorCallArgWaitComplete - 16 total (0 active), CPU time: mean = 8.380 us, total = 134.072 us
[state-dump] 	PeriodicalRunner.RunFnPeriodically - 8 total (0 active), CPU time: mean = 273.916 us, total = 2.191 ms
[state-dump] 	CoreWorkerService.grpc_client.PubsubCommandBatch - 8 total (0 active), CPU time: mean = 58.221 us, total = 465.766 us
[state-dump] 	CoreWorkerService.grpc_client.PubsubLongPolling - 7 total (0 active), CPU time: mean = 147.979 us, total = 1.036 ms
[state-dump] 	InternalPubSubGcsService.grpc_client.GcsSubscriberPoll - 6 total (1 active), CPU time: mean = 55.647 us, total = 333.881 us
[state-dump] 	InternalPubSubGcsService.grpc_client.GcsSubscriberCommandBatch - 2 total (0 active), CPU time: mean = 59.350 us, total = 118.700 us
[state-dump] 	Subscriber.HandlePublishedMessage_WORKER_OBJECT_LOCATIONS_CHANNEL - 2 total (0 active), CPU time: mean = 24.247 us, total = 48.493 us
[state-dump] 	CoreWorkerService.grpc_client.UpdateObjectLocationBatch - 2 total (0 active), CPU time: mean = 18.242 us, total = 36.484 us
[state-dump] 	NodeInfoGcsService.grpc_client.GetAllNodeInfo - 1 total (0 active), CPU time: mean = 28.066 us, total = 28.066 us
[state-dump] 	Subscriber.HandlePublishedMessage_GCS_JOB_CHANNEL - 1 total (0 active), CPU time: mean = 47.159 us, total = 47.159 us
[state-dump] 	NodeInfoGcsService.grpc_client.GetInternalConfig - 1 total (0 active), CPU time: mean = 33.796 ms, total = 33.796 ms
[state-dump] 	JobInfoGcsService.grpc_client.GetAllJobInfo - 1 total (0 active), CPU time: mean = 343.023 us, total = 343.023 us
[state-dump] 	NodeInfoGcsService.grpc_client.RegisterNode - 1 total (0 active), CPU time: mean = 203.359 us, total = 203.359 us
[state-dump] 	AgentManagerService.grpc_server.RegisterAgent - 1 total (0 active), CPU time: mean = 194.419 us, total = 194.419 us
[state-dump] 	Subscriber.HandlePublishedMessage_WORKER_OBJECT_EVICTION - 1 total (0 active), CPU time: mean = 66.553 us, total = 66.553 us
[state-dump] 	JobInfoGcsService.grpc_client.AddJob - 1 total (0 active), CPU time: mean = 23.962 us, total = 23.962 us
[state-dump] 	NodeManagerService.grpc_server.PinObjectIDs - 1 total (0 active), CPU time: mean = 169.418 us, total = 169.418 us
[state-dump] DebugString() time ms: 0
[state-dump] 
[state-dump] 
[2026-01-30 14:40:31,364 I 3413275 3413375] (raylet) store.cc:551: ========== Plasma store: =================
Current usage: 0 / 200 GB
- num bytes created total: 7953630
0 pending objects of total size 0MB
- objects spillable: 0
- bytes spillable: 0
- objects unsealed: 0
- bytes unsealed: 0
- objects in use: 0
- bytes in use: 0
- objects evictable: 0
- bytes evictable: 0

- objects created by worker: 0
- bytes created by worker: 0
- objects restored: 0
- bytes restored: 0
- objects received: 0
- bytes received: 0
- objects errored: 0
- bytes errored: 0

[2026-01-30 14:40:31,403 I 3413275 3413275] (raylet) node_manager.cc:540: [state-dump] Event stats:
[state-dump] 
[state-dump] 
[state-dump] Global stats: 150062 total (27 active)
[state-dump] Queueing time: mean = 4.894 ms, max = 41.724 s, min = -0.000 s, total = 734.464 s
[state-dump] Execution time:  mean = 18.119 us, total = 2.719 s
[state-dump] Event stats:
[state-dump] 	NodeManagerService.grpc_server.ReportWorkerBacklog - 40046 total (0 active), CPU time: mean = 24.150 us, total = 967.121 ms
[state-dump] 	UNKNOWN - 25081 total (3 active), CPU time: mean = 1.896 us, total = 47.549 ms
[state-dump] 	ObjectManager.UpdateAvailableMemory - 22797 total (0 active), CPU time: mean = 451.500 ns, total = 10.293 ms
[state-dump] 	NodeManagerService.grpc_server.RequestResourceReport - 22614 total (0 active), CPU time: mean = 30.818 us, total = 696.909 ms
[state-dump] 	NodeManagerService.grpc_server.UpdateResourceUsage - 22613 total (0 active), CPU time: mean = 28.985 us, total = 655.441 ms
[state-dump] 	RayletWorkerPool.deadline_timer.kill_idle_workers - 11400 total (1 active), CPU time: mean = 4.218 us, total = 48.083 ms
[state-dump] 	NodeManagerService.grpc_server.GetResourceLoad - 2280 total (0 active), CPU time: mean = 28.323 us, total = 64.576 ms
[state-dump] 	NodeManager.deadline_timer.flush_free_objects - 2280 total (1 active), CPU time: mean = 2.476 us, total = 5.644 ms
[state-dump] 	ClientConnection.async_read.ReadBufferAsync - 328 total (18 active), CPU time: mean = 77.030 us, total = 25.266 ms
[state-dump] 	NodeManager.deadline_timer.debug_state_dump - 228 total (1 active), CPU time: mean = 370.495 us, total = 84.473 ms
[state-dump] 	NodeManager.deadline_timer.record_metrics - 152 total (1 active), CPU time: mean = 204.329 us, total = 31.058 ms
[state-dump] 	CoreWorkerService.grpc_client.LocalGC - 54 total (0 active), CPU time: mean = 9.701 us, total = 523.859 us
[state-dump] 	NodeManager.deadline_timer.print_event_loop_stats - 38 total (1 active, 1 running), CPU time: mean = 545.937 us, total = 20.746 ms
[state-dump] 	ObjectManager.ObjectAdded - 19 total (0 active), CPU time: mean = 22.134 us, total = 420.540 us
[state-dump] 	ObjectManager.ObjectDeleted - 19 total (0 active), CPU time: mean = 11.208 us, total = 212.953 us
[state-dump] 	NodeManagerService.grpc_server.GetSystemConfig - 18 total (0 active), CPU time: mean = 34.279 us, total = 617.027 us
[state-dump] 	ClientConnection.async_write.DoAsyncWrites - 18 total (0 active), CPU time: mean = 435.056 ns, total = 7.831 us
[state-dump] 	NodeManagerService.grpc_server.RequestWorkerLease - 17 total (0 active), CPU time: mean = 1.227 ms, total = 20.867 ms
[state-dump] 	CoreWorkerService.grpc_client.DirectActorCallArgWaitComplete - 16 total (0 active), CPU time: mean = 8.380 us, total = 134.072 us
[state-dump] 	PeriodicalRunner.RunFnPeriodically - 8 total (0 active), CPU time: mean = 273.916 us, total = 2.191 ms
[state-dump] 	CoreWorkerService.grpc_client.PubsubCommandBatch - 8 total (0 active), CPU time: mean = 58.221 us, total = 465.766 us
[state-dump] 	CoreWorkerService.grpc_client.PubsubLongPolling - 7 total (0 active), CPU time: mean = 147.979 us, total = 1.036 ms
[state-dump] 	InternalPubSubGcsService.grpc_client.GcsSubscriberPoll - 6 total (1 active), CPU time: mean = 55.647 us, total = 333.881 us
[state-dump] 	InternalPubSubGcsService.grpc_client.GcsSubscriberCommandBatch - 2 total (0 active), CPU time: mean = 59.350 us, total = 118.700 us
[state-dump] 	Subscriber.HandlePublishedMessage_WORKER_OBJECT_LOCATIONS_CHANNEL - 2 total (0 active), CPU time: mean = 24.247 us, total = 48.493 us
[state-dump] 	CoreWorkerService.grpc_client.UpdateObjectLocationBatch - 2 total (0 active), CPU time: mean = 18.242 us, total = 36.484 us
[state-dump] 	NodeInfoGcsService.grpc_client.GetAllNodeInfo - 1 total (0 active), CPU time: mean = 28.066 us, total = 28.066 us
[state-dump] 	Subscriber.HandlePublishedMessage_GCS_JOB_CHANNEL - 1 total (0 active), CPU time: mean = 47.159 us, total = 47.159 us
[state-dump] 	NodeInfoGcsService.grpc_client.GetInternalConfig - 1 total (0 active), CPU time: mean = 33.796 ms, total = 33.796 ms
[state-dump] 	JobInfoGcsService.grpc_client.GetAllJobInfo - 1 total (0 active), CPU time: mean = 343.023 us, total = 343.023 us
[state-dump] 	NodeInfoGcsService.grpc_client.RegisterNode - 1 total (0 active), CPU time: mean = 203.359 us, total = 203.359 us
[state-dump] 	AgentManagerService.grpc_server.RegisterAgent - 1 total (0 active), CPU time: mean = 194.419 us, total = 194.419 us
[state-dump] 	Subscriber.HandlePublishedMessage_WORKER_OBJECT_EVICTION - 1 total (0 active), CPU time: mean = 66.553 us, total = 66.553 us
[state-dump] 	JobInfoGcsService.grpc_client.AddJob - 1 total (0 active), CPU time: mean = 23.962 us, total = 23.962 us
[state-dump] 	NodeManagerService.grpc_server.PinObjectIDs - 1 total (0 active), CPU time: mean = 169.418 us, total = 169.418 us
[state-dump] 
[state-dump] NodeManager:
[state-dump] Node ID: 435ff685d8e66afce15860cd5b4687480235848d386ffa5d5547bd3d
[state-dump] Node name: 10.137.21.59
[state-dump] InitialConfigResources: {memory: 8135216732160000, GPU: 20000, node:10.137.21.59: 10000, CPU: 170000, object_store_memory: 2000000000000000, accelerator_type:H100: 10000}
[state-dump] ClusterTaskManager:
[state-dump] ========== Node: 435ff685d8e66afce15860cd5b4687480235848d386ffa5d5547bd3d =================
[state-dump] Infeasible queue length: 1
[state-dump] Schedule queue length: 0
[state-dump] Dispatch queue length: 0
[state-dump] num_waiting_for_resource: 0
[state-dump] num_waiting_for_plasma_memory: 0
[state-dump] num_waiting_for_remote_node_resources: 0
[state-dump] num_worker_not_started_by_job_config_not_exist: 0
[state-dump] num_worker_not_started_by_registration_timeout: 0
[state-dump] num_tasks_waiting_for_workers: 0
[state-dump] num_cancelled_tasks: 0
[state-dump] cluster_resource_scheduler state: 
[state-dump] Local id: -8058881002343059789 Local resources: {node:10.137.21.59: [10000]/[10000], CPU: [10000]/[170000], object_store_memory: [2000000000000000]/[2000000000000000], memory: [8135216732160000]/[8135216732160000], GPU: [10000, 10000]/[10000, 10000], accelerator_type:H100: [10000]/[10000]}node id: -8058881002343059789{node:10.137.21.59: 10000/10000, CPU: 10000/170000, object_store_memory: 2000000000000000/2000000000000000, memory: 8135216732160000/8135216732160000, GPU: 20000/20000, accelerator_type:H100: 10000/10000}{ "placment group locations": [], "node to bundles": []}
[state-dump] Waiting tasks size: 0
[state-dump] Number of executing tasks: 0
[state-dump] Number of pinned task arguments: 0
[state-dump] Number of total spilled tasks: 0
[state-dump] Number of spilled waiting tasks: 0
[state-dump] Number of spilled unschedulable tasks: 0
[state-dump] Resource usage {
[state-dump]     - (language=PYTHON actor_or_task=RolloutWorker.__init__ pid=3414093): {CPU: 1.000000}
[state-dump]     - (language=PYTHON actor_or_task=RolloutWorker.__init__ pid=3414092): {CPU: 1.000000}
[state-dump]     - (language=PYTHON actor_or_task=RolloutWorker.__init__ pid=3414084): {CPU: 1.000000}
[state-dump]     - (language=PYTHON actor_or_task=RolloutWorker.__init__ pid=3414091): {CPU: 1.000000}
[state-dump]     - (language=PYTHON actor_or_task=RolloutWorker.__init__ pid=3414089): {CPU: 1.000000}
[state-dump]     - (language=PYTHON actor_or_task=RolloutWorker.__init__ pid=3414085): {CPU: 1.000000}
[state-dump]     - (language=PYTHON actor_or_task=RolloutWorker.__init__ pid=3414094): {CPU: 1.000000}
[state-dump]     - (language=PYTHON actor_or_task=RolloutWorker.__init__ pid=3414083): {CPU: 1.000000}
[state-dump]     - (language=PYTHON actor_or_task=RolloutWorker.__init__ pid=3414088): {CPU: 1.000000}
[state-dump]     - (language=PYTHON actor_or_task=RolloutWorker.__init__ pid=3414080): {CPU: 1.000000}
[state-dump]     - (language=PYTHON actor_or_task=RolloutWorker.__init__ pid=3414095): {CPU: 1.000000}
[state-dump]     - (language=PYTHON actor_or_task=RolloutWorker.__init__ pid=3414081): {CPU: 1.000000}
[state-dump]     - (language=PYTHON actor_or_task=RolloutWorker.__init__ pid=3414082): {CPU: 1.000000}
[state-dump]     - (language=PYTHON actor_or_task=RolloutWorker.__init__ pid=3414087): {CPU: 1.000000}
[state-dump]     - (language=PYTHON actor_or_task=RolloutWorker.__init__ pid=3414086): {CPU: 1.000000}
[state-dump]     - (language=PYTHON actor_or_task=RolloutWorker.__init__ pid=3414090): {CPU: 1.000000}
[state-dump] }
[state-dump] Running tasks by scheduling class:
[state-dump] ==================================================
[state-dump] 
[state-dump] ClusterResources:
[state-dump] LocalObjectManager:
[state-dump] - num pinned objects: 0
[state-dump] - pinned objects size: 0
[state-dump] - num objects pending restore: 0
[state-dump] - num objects pending spill: 0
[state-dump] - num bytes pending spill: 0
[state-dump] - num bytes currently spilled: 0
[state-dump] - cumulative spill requests: 0
[state-dump] - cumulative restore requests: 0
[state-dump] - spilled objects pending delete: 0
[state-dump] 
[state-dump] ObjectManager:
[state-dump] - num local objects: 0
[state-dump] - num unfulfilled push requests: 0
[state-dump] - num object pull requests: 0
[state-dump] - num chunks received total: 0
[state-dump] - num chunks received failed (all): 0
[state-dump] - num chunks received failed / cancelled: 0
[state-dump] - num chunks received failed / plasma error: 0
[state-dump] Event stats:
[state-dump] Global stats: 1 total (0 active)
[state-dump] Queueing time: mean = 25.771 us, max = 25.771 us, min = 25.771 us, total = 25.771 us
[state-dump] Execution time:  mean = 5.425 us, total = 5.425 us
[state-dump] Event stats:
[state-dump] 	ObjectManager.FreeObjects - 1 total (0 active), CPU time: mean = 5.425 us, total = 5.425 us
[state-dump] PushManager:
[state-dump] - num pushes in flight: 0
[state-dump] - num chunks in flight: 0
[state-dump] - num chunks remaining: 0
[state-dump] - max chunks allowed: 409
[state-dump] OwnershipBasedObjectDirectory:
[state-dump] - num listeners: 0
[state-dump] - cumulative location updates: 2
[state-dump] - num location updates per second: 0.000
[state-dump] - num location lookups per second: 0.000
[state-dump] - num locations added per second: 0.000
[state-dump] - num locations removed per second: 0.000
[state-dump] BufferPool:
[state-dump] - create buffer state map size: 0
[state-dump] PullManager:
[state-dump] - num bytes available for pulled objects: 200000000000
[state-dump] - num bytes being pulled (all): 0
[state-dump] - num bytes being pulled / pinned: 0
[state-dump] - get request bundles: BundlePullRequestQueue{0 total, 0 active, 0 inactive, 0 unpullable}
[state-dump] - wait request bundles: BundlePullRequestQueue{0 total, 0 active, 0 inactive, 0 unpullable}
[state-dump] - task request bundles: BundlePullRequestQueue{0 total, 0 active, 0 inactive, 0 unpullable}
[state-dump] - first get request bundle: N/A
[state-dump] - first wait request bundle: N/A
[state-dump] - first task request bundle: N/A
[state-dump] - num objects queued: 0
[state-dump] - num objects actively pulled (all): 0
[state-dump] - num objects actively pulled / pinned: 0
[state-dump] - num bundles being pulled: 0
[state-dump] - num pull retries: 0
[state-dump] - max timeout seconds: 0
[state-dump] - max timeout request is already processed. No entry.
[state-dump] 
[state-dump] WorkerPool:
[state-dump] - registered jobs: 1
[state-dump] - process_failed_job_config_missing: 0
[state-dump] - process_failed_rate_limited: 0
[state-dump] - process_failed_pending_registration: 0
[state-dump] - process_failed_runtime_env_setup_failed: 0
[state-dump] - num JAVA workers: 0
[state-dump] - num JAVA drivers: 0
[state-dump] - num object spill callbacks queued: 0
[state-dump] - num object restore queued: 0
[state-dump] - num util functions queued: 0
[state-dump] - num PYTHON workers: 17
[state-dump] - num PYTHON drivers: 1
[state-dump] - num object spill callbacks queued: 0
[state-dump] - num object restore queued: 0
[state-dump] - num util functions queued: 0
[state-dump] - num idle workers: 1
[state-dump] TaskDependencyManager:
[state-dump] - task deps map size: 0
[state-dump] - get req map size: 0
[state-dump] - wait req map size: 0
[state-dump] - local objects map size: 0
[state-dump] WaitManager:
[state-dump] - num active wait requests: 0
[state-dump] Subscriber:
[state-dump] Channel WORKER_REF_REMOVED_CHANNEL
[state-dump] - cumulative subscribe requests: 0
[state-dump] - cumulative unsubscribe requests: 0
[state-dump] - active subscribed publishers: 0
[state-dump] - cumulative published messages: 0
[state-dump] - cumulative processed messages: 0
[state-dump] Channel WORKER_OBJECT_EVICTION
[state-dump] - cumulative subscribe requests: 1
[state-dump] - cumulative unsubscribe requests: 1
[state-dump] - active subscribed publishers: 0
[state-dump] - cumulative published messages: 1
[state-dump] - cumulative processed messages: 1
[state-dump] Channel WORKER_OBJECT_LOCATIONS_CHANNEL
[state-dump] - cumulative subscribe requests: 5
[state-dump] - cumulative unsubscribe requests: 5
[state-dump] - active subscribed publishers: 0
[state-dump] - cumulative published messages: 2
[state-dump] - cumulative processed messages: 2
[state-dump] num async plasma notifications: 0
[state-dump] Remote node managers: 
[state-dump] Event stats:
[state-dump] Global stats: 150062 total (27 active)
[state-dump] Queueing time: mean = 4.894 ms, max = 41.724 s, min = -0.000 s, total = 734.464 s
[state-dump] Execution time:  mean = 18.119 us, total = 2.719 s
[state-dump] Event stats:
[state-dump] 	NodeManagerService.grpc_server.ReportWorkerBacklog - 40046 total (0 active), CPU time: mean = 24.150 us, total = 967.121 ms
[state-dump] 	UNKNOWN - 25081 total (3 active), CPU time: mean = 1.896 us, total = 47.549 ms
[state-dump] 	ObjectManager.UpdateAvailableMemory - 22797 total (0 active), CPU time: mean = 451.500 ns, total = 10.293 ms
[state-dump] 	NodeManagerService.grpc_server.RequestResourceReport - 22614 total (0 active), CPU time: mean = 30.818 us, total = 696.909 ms
[state-dump] 	NodeManagerService.grpc_server.UpdateResourceUsage - 22613 total (0 active), CPU time: mean = 28.985 us, total = 655.441 ms
[state-dump] 	RayletWorkerPool.deadline_timer.kill_idle_workers - 11400 total (1 active), CPU time: mean = 4.218 us, total = 48.083 ms
[state-dump] 	NodeManagerService.grpc_server.GetResourceLoad - 2280 total (0 active), CPU time: mean = 28.323 us, total = 64.576 ms
[state-dump] 	NodeManager.deadline_timer.flush_free_objects - 2280 total (1 active), CPU time: mean = 2.476 us, total = 5.644 ms
[state-dump] 	ClientConnection.async_read.ReadBufferAsync - 328 total (18 active), CPU time: mean = 77.030 us, total = 25.266 ms
[state-dump] 	NodeManager.deadline_timer.debug_state_dump - 228 total (1 active), CPU time: mean = 370.495 us, total = 84.473 ms
[state-dump] 	NodeManager.deadline_timer.record_metrics - 152 total (1 active), CPU time: mean = 204.329 us, total = 31.058 ms
[state-dump] 	CoreWorkerService.grpc_client.LocalGC - 54 total (0 active), CPU time: mean = 9.701 us, total = 523.859 us
[state-dump] 	NodeManager.deadline_timer.print_event_loop_stats - 38 total (1 active, 1 running), CPU time: mean = 545.937 us, total = 20.746 ms
[state-dump] 	ObjectManager.ObjectAdded - 19 total (0 active), CPU time: mean = 22.134 us, total = 420.540 us
[state-dump] 	ObjectManager.ObjectDeleted - 19 total (0 active), CPU time: mean = 11.208 us, total = 212.953 us
[state-dump] 	NodeManagerService.grpc_server.GetSystemConfig - 18 total (0 active), CPU time: mean = 34.279 us, total = 617.027 us
[state-dump] 	ClientConnection.async_write.DoAsyncWrites - 18 total (0 active), CPU time: mean = 435.056 ns, total = 7.831 us
[state-dump] 	NodeManagerService.grpc_server.RequestWorkerLease - 17 total (0 active), CPU time: mean = 1.227 ms, total = 20.867 ms
[state-dump] 	CoreWorkerService.grpc_client.DirectActorCallArgWaitComplete - 16 total (0 active), CPU time: mean = 8.380 us, total = 134.072 us
[state-dump] 	PeriodicalRunner.RunFnPeriodically - 8 total (0 active), CPU time: mean = 273.916 us, total = 2.191 ms
[state-dump] 	CoreWorkerService.grpc_client.PubsubCommandBatch - 8 total (0 active), CPU time: mean = 58.221 us, total = 465.766 us
[state-dump] 	CoreWorkerService.grpc_client.PubsubLongPolling - 7 total (0 active), CPU time: mean = 147.979 us, total = 1.036 ms
[state-dump] 	InternalPubSubGcsService.grpc_client.GcsSubscriberPoll - 6 total (1 active), CPU time: mean = 55.647 us, total = 333.881 us
[state-dump] 	InternalPubSubGcsService.grpc_client.GcsSubscriberCommandBatch - 2 total (0 active), CPU time: mean = 59.350 us, total = 118.700 us
[state-dump] 	Subscriber.HandlePublishedMessage_WORKER_OBJECT_LOCATIONS_CHANNEL - 2 total (0 active), CPU time: mean = 24.247 us, total = 48.493 us
[state-dump] 	CoreWorkerService.grpc_client.UpdateObjectLocationBatch - 2 total (0 active), CPU time: mean = 18.242 us, total = 36.484 us
[state-dump] 	NodeInfoGcsService.grpc_client.GetAllNodeInfo - 1 total (0 active), CPU time: mean = 28.066 us, total = 28.066 us
[state-dump] 	Subscriber.HandlePublishedMessage_GCS_JOB_CHANNEL - 1 total (0 active), CPU time: mean = 47.159 us, total = 47.159 us
[state-dump] 	NodeInfoGcsService.grpc_client.GetInternalConfig - 1 total (0 active), CPU time: mean = 33.796 ms, total = 33.796 ms
[state-dump] 	JobInfoGcsService.grpc_client.GetAllJobInfo - 1 total (0 active), CPU time: mean = 343.023 us, total = 343.023 us
[state-dump] 	NodeInfoGcsService.grpc_client.RegisterNode - 1 total (0 active), CPU time: mean = 203.359 us, total = 203.359 us
[state-dump] 	AgentManagerService.grpc_server.RegisterAgent - 1 total (0 active), CPU time: mean = 194.419 us, total = 194.419 us
[state-dump] 	Subscriber.HandlePublishedMessage_WORKER_OBJECT_EVICTION - 1 total (0 active), CPU time: mean = 66.553 us, total = 66.553 us
[state-dump] 	JobInfoGcsService.grpc_client.AddJob - 1 total (0 active), CPU time: mean = 23.962 us, total = 23.962 us
[state-dump] 	NodeManagerService.grpc_server.PinObjectIDs - 1 total (0 active), CPU time: mean = 169.418 us, total = 169.418 us
[state-dump] DebugString() time ms: 0
[state-dump] 
[state-dump] 
[2026-01-30 14:41:31,365 I 3413275 3413375] (raylet) store.cc:551: ========== Plasma store: =================
Current usage: 0 / 200 GB
- num bytes created total: 7953630
0 pending objects of total size 0MB
- objects spillable: 0
- bytes spillable: 0
- objects unsealed: 0
- bytes unsealed: 0
- objects in use: 0
- bytes in use: 0
- objects evictable: 0
- bytes evictable: 0

- objects created by worker: 0
- bytes created by worker: 0
- objects restored: 0
- bytes restored: 0
- objects received: 0
- bytes received: 0
- objects errored: 0
- bytes errored: 0

[2026-01-30 14:41:31,403 I 3413275 3413275] (raylet) node_manager.cc:540: [state-dump] Event stats:
[state-dump] 
[state-dump] 
[state-dump] Global stats: 154027 total (27 active)
[state-dump] Queueing time: mean = 4.769 ms, max = 41.724 s, min = -0.000 s, total = 734.504 s
[state-dump] Execution time:  mean = 18.086 us, total = 2.786 s
[state-dump] Event stats:
[state-dump] 	NodeManagerService.grpc_server.ReportWorkerBacklog - 41126 total (0 active), CPU time: mean = 24.110 us, total = 991.549 ms
[state-dump] 	UNKNOWN - 25741 total (3 active), CPU time: mean = 1.892 us, total = 48.699 ms
[state-dump] 	ObjectManager.UpdateAvailableMemory - 23397 total (0 active), CPU time: mean = 452.151 ns, total = 10.579 ms
[state-dump] 	NodeManagerService.grpc_server.RequestResourceReport - 23211 total (0 active), CPU time: mean = 30.770 us, total = 714.208 ms
[state-dump] 	NodeManagerService.grpc_server.UpdateResourceUsage - 23210 total (0 active), CPU time: mean = 28.975 us, total = 672.518 ms
[state-dump] 	RayletWorkerPool.deadline_timer.kill_idle_workers - 11700 total (1 active), CPU time: mean = 4.212 us, total = 49.278 ms
[state-dump] 	NodeManagerService.grpc_server.GetResourceLoad - 2340 total (0 active), CPU time: mean = 28.250 us, total = 66.106 ms
[state-dump] 	NodeManager.deadline_timer.flush_free_objects - 2340 total (1 active), CPU time: mean = 2.461 us, total = 5.759 ms
[state-dump] 	ClientConnection.async_read.ReadBufferAsync - 328 total (18 active), CPU time: mean = 77.030 us, total = 25.266 ms
[state-dump] 	NodeManager.deadline_timer.debug_state_dump - 234 total (1 active), CPU time: mean = 370.524 us, total = 86.703 ms
[state-dump] 	NodeManager.deadline_timer.record_metrics - 156 total (1 active), CPU time: mean = 203.837 us, total = 31.799 ms
[state-dump] 	CoreWorkerService.grpc_client.LocalGC - 54 total (0 active), CPU time: mean = 9.701 us, total = 523.859 us
[state-dump] 	NodeManager.deadline_timer.print_event_loop_stats - 39 total (1 active, 1 running), CPU time: mean = 546.508 us, total = 21.314 ms
[state-dump] 	ObjectManager.ObjectAdded - 19 total (0 active), CPU time: mean = 22.134 us, total = 420.540 us
[state-dump] 	ObjectManager.ObjectDeleted - 19 total (0 active), CPU time: mean = 11.208 us, total = 212.953 us
[state-dump] 	NodeManagerService.grpc_server.GetSystemConfig - 18 total (0 active), CPU time: mean = 34.279 us, total = 617.027 us
[state-dump] 	ClientConnection.async_write.DoAsyncWrites - 18 total (0 active), CPU time: mean = 435.056 ns, total = 7.831 us
[state-dump] 	NodeManagerService.grpc_server.RequestWorkerLease - 17 total (0 active), CPU time: mean = 1.227 ms, total = 20.867 ms
[state-dump] 	CoreWorkerService.grpc_client.DirectActorCallArgWaitComplete - 16 total (0 active), CPU time: mean = 8.380 us, total = 134.072 us
[state-dump] 	PeriodicalRunner.RunFnPeriodically - 8 total (0 active), CPU time: mean = 273.916 us, total = 2.191 ms
[state-dump] 	CoreWorkerService.grpc_client.PubsubCommandBatch - 8 total (0 active), CPU time: mean = 58.221 us, total = 465.766 us
[state-dump] 	CoreWorkerService.grpc_client.PubsubLongPolling - 7 total (0 active), CPU time: mean = 147.979 us, total = 1.036 ms
[state-dump] 	InternalPubSubGcsService.grpc_client.GcsSubscriberPoll - 6 total (1 active), CPU time: mean = 55.647 us, total = 333.881 us
[state-dump] 	InternalPubSubGcsService.grpc_client.GcsSubscriberCommandBatch - 2 total (0 active), CPU time: mean = 59.350 us, total = 118.700 us
[state-dump] 	Subscriber.HandlePublishedMessage_WORKER_OBJECT_LOCATIONS_CHANNEL - 2 total (0 active), CPU time: mean = 24.247 us, total = 48.493 us
[state-dump] 	CoreWorkerService.grpc_client.UpdateObjectLocationBatch - 2 total (0 active), CPU time: mean = 18.242 us, total = 36.484 us
[state-dump] 	NodeInfoGcsService.grpc_client.GetAllNodeInfo - 1 total (0 active), CPU time: mean = 28.066 us, total = 28.066 us
[state-dump] 	Subscriber.HandlePublishedMessage_GCS_JOB_CHANNEL - 1 total (0 active), CPU time: mean = 47.159 us, total = 47.159 us
[state-dump] 	NodeInfoGcsService.grpc_client.GetInternalConfig - 1 total (0 active), CPU time: mean = 33.796 ms, total = 33.796 ms
[state-dump] 	JobInfoGcsService.grpc_client.GetAllJobInfo - 1 total (0 active), CPU time: mean = 343.023 us, total = 343.023 us
[state-dump] 	NodeInfoGcsService.grpc_client.RegisterNode - 1 total (0 active), CPU time: mean = 203.359 us, total = 203.359 us
[state-dump] 	AgentManagerService.grpc_server.RegisterAgent - 1 total (0 active), CPU time: mean = 194.419 us, total = 194.419 us
[state-dump] 	Subscriber.HandlePublishedMessage_WORKER_OBJECT_EVICTION - 1 total (0 active), CPU time: mean = 66.553 us, total = 66.553 us
[state-dump] 	JobInfoGcsService.grpc_client.AddJob - 1 total (0 active), CPU time: mean = 23.962 us, total = 23.962 us
[state-dump] 	NodeManagerService.grpc_server.PinObjectIDs - 1 total (0 active), CPU time: mean = 169.418 us, total = 169.418 us
[state-dump] 
[state-dump] NodeManager:
[state-dump] Node ID: 435ff685d8e66afce15860cd5b4687480235848d386ffa5d5547bd3d
[state-dump] Node name: 10.137.21.59
[state-dump] InitialConfigResources: {memory: 8135216732160000, GPU: 20000, node:10.137.21.59: 10000, CPU: 170000, object_store_memory: 2000000000000000, accelerator_type:H100: 10000}
[state-dump] ClusterTaskManager:
[state-dump] ========== Node: 435ff685d8e66afce15860cd5b4687480235848d386ffa5d5547bd3d =================
[state-dump] Infeasible queue length: 1
[state-dump] Schedule queue length: 0
[state-dump] Dispatch queue length: 0
[state-dump] num_waiting_for_resource: 0
[state-dump] num_waiting_for_plasma_memory: 0
[state-dump] num_waiting_for_remote_node_resources: 0
[state-dump] num_worker_not_started_by_job_config_not_exist: 0
[state-dump] num_worker_not_started_by_registration_timeout: 0
[state-dump] num_tasks_waiting_for_workers: 0
[state-dump] num_cancelled_tasks: 0
[state-dump] cluster_resource_scheduler state: 
[state-dump] Local id: -8058881002343059789 Local resources: {node:10.137.21.59: [10000]/[10000], CPU: [10000]/[170000], object_store_memory: [2000000000000000]/[2000000000000000], memory: [8135216732160000]/[8135216732160000], GPU: [10000, 10000]/[10000, 10000], accelerator_type:H100: [10000]/[10000]}node id: -8058881002343059789{node:10.137.21.59: 10000/10000, CPU: 10000/170000, object_store_memory: 2000000000000000/2000000000000000, memory: 8135216732160000/8135216732160000, GPU: 20000/20000, accelerator_type:H100: 10000/10000}{ "placment group locations": [], "node to bundles": []}
[state-dump] Waiting tasks size: 0
[state-dump] Number of executing tasks: 0
[state-dump] Number of pinned task arguments: 0
[state-dump] Number of total spilled tasks: 0
[state-dump] Number of spilled waiting tasks: 0
[state-dump] Number of spilled unschedulable tasks: 0
[state-dump] Resource usage {
[state-dump]     - (language=PYTHON actor_or_task=RolloutWorker.__init__ pid=3414093): {CPU: 1.000000}
[state-dump]     - (language=PYTHON actor_or_task=RolloutWorker.__init__ pid=3414092): {CPU: 1.000000}
[state-dump]     - (language=PYTHON actor_or_task=RolloutWorker.__init__ pid=3414084): {CPU: 1.000000}
[state-dump]     - (language=PYTHON actor_or_task=RolloutWorker.__init__ pid=3414091): {CPU: 1.000000}
[state-dump]     - (language=PYTHON actor_or_task=RolloutWorker.__init__ pid=3414089): {CPU: 1.000000}
[state-dump]     - (language=PYTHON actor_or_task=RolloutWorker.__init__ pid=3414085): {CPU: 1.000000}
[state-dump]     - (language=PYTHON actor_or_task=RolloutWorker.__init__ pid=3414094): {CPU: 1.000000}
[state-dump]     - (language=PYTHON actor_or_task=RolloutWorker.__init__ pid=3414083): {CPU: 1.000000}
[state-dump]     - (language=PYTHON actor_or_task=RolloutWorker.__init__ pid=3414088): {CPU: 1.000000}
[state-dump]     - (language=PYTHON actor_or_task=RolloutWorker.__init__ pid=3414080): {CPU: 1.000000}
[state-dump]     - (language=PYTHON actor_or_task=RolloutWorker.__init__ pid=3414095): {CPU: 1.000000}
[state-dump]     - (language=PYTHON actor_or_task=RolloutWorker.__init__ pid=3414081): {CPU: 1.000000}
[state-dump]     - (language=PYTHON actor_or_task=RolloutWorker.__init__ pid=3414082): {CPU: 1.000000}
[state-dump]     - (language=PYTHON actor_or_task=RolloutWorker.__init__ pid=3414087): {CPU: 1.000000}
[state-dump]     - (language=PYTHON actor_or_task=RolloutWorker.__init__ pid=3414086): {CPU: 1.000000}
[state-dump]     - (language=PYTHON actor_or_task=RolloutWorker.__init__ pid=3414090): {CPU: 1.000000}
[state-dump] }
[state-dump] Running tasks by scheduling class:
[state-dump] ==================================================
[state-dump] 
[state-dump] ClusterResources:
[state-dump] LocalObjectManager:
[state-dump] - num pinned objects: 0
[state-dump] - pinned objects size: 0
[state-dump] - num objects pending restore: 0
[state-dump] - num objects pending spill: 0
[state-dump] - num bytes pending spill: 0
[state-dump] - num bytes currently spilled: 0
[state-dump] - cumulative spill requests: 0
[state-dump] - cumulative restore requests: 0
[state-dump] - spilled objects pending delete: 0
[state-dump] 
[state-dump] ObjectManager:
[state-dump] - num local objects: 0
[state-dump] - num unfulfilled push requests: 0
[state-dump] - num object pull requests: 0
[state-dump] - num chunks received total: 0
[state-dump] - num chunks received failed (all): 0
[state-dump] - num chunks received failed / cancelled: 0
[state-dump] - num chunks received failed / plasma error: 0
[state-dump] Event stats:
[state-dump] Global stats: 1 total (0 active)
[state-dump] Queueing time: mean = 25.771 us, max = 25.771 us, min = 25.771 us, total = 25.771 us
[state-dump] Execution time:  mean = 5.425 us, total = 5.425 us
[state-dump] Event stats:
[state-dump] 	ObjectManager.FreeObjects - 1 total (0 active), CPU time: mean = 5.425 us, total = 5.425 us
[state-dump] PushManager:
[state-dump] - num pushes in flight: 0
[state-dump] - num chunks in flight: 0
[state-dump] - num chunks remaining: 0
[state-dump] - max chunks allowed: 409
[state-dump] OwnershipBasedObjectDirectory:
[state-dump] - num listeners: 0
[state-dump] - cumulative location updates: 2
[state-dump] - num location updates per second: 0.000
[state-dump] - num location lookups per second: 0.000
[state-dump] - num locations added per second: 0.000
[state-dump] - num locations removed per second: 0.000
[state-dump] BufferPool:
[state-dump] - create buffer state map size: 0
[state-dump] PullManager:
[state-dump] - num bytes available for pulled objects: 200000000000
[state-dump] - num bytes being pulled (all): 0
[state-dump] - num bytes being pulled / pinned: 0
[state-dump] - get request bundles: BundlePullRequestQueue{0 total, 0 active, 0 inactive, 0 unpullable}
[state-dump] - wait request bundles: BundlePullRequestQueue{0 total, 0 active, 0 inactive, 0 unpullable}
[state-dump] - task request bundles: BundlePullRequestQueue{0 total, 0 active, 0 inactive, 0 unpullable}
[state-dump] - first get request bundle: N/A
[state-dump] - first wait request bundle: N/A
[state-dump] - first task request bundle: N/A
[state-dump] - num objects queued: 0
[state-dump] - num objects actively pulled (all): 0
[state-dump] - num objects actively pulled / pinned: 0
[state-dump] - num bundles being pulled: 0
[state-dump] - num pull retries: 0
[state-dump] - max timeout seconds: 0
[state-dump] - max timeout request is already processed. No entry.
[state-dump] 
[state-dump] WorkerPool:
[state-dump] - registered jobs: 1
[state-dump] - process_failed_job_config_missing: 0
[state-dump] - process_failed_rate_limited: 0
[state-dump] - process_failed_pending_registration: 0
[state-dump] - process_failed_runtime_env_setup_failed: 0
[state-dump] - num JAVA workers: 0
[state-dump] - num JAVA drivers: 0
[state-dump] - num object spill callbacks queued: 0
[state-dump] - num object restore queued: 0
[state-dump] - num util functions queued: 0
[state-dump] - num PYTHON workers: 17
[state-dump] - num PYTHON drivers: 1
[state-dump] - num object spill callbacks queued: 0
[state-dump] - num object restore queued: 0
[state-dump] - num util functions queued: 0
[state-dump] - num idle workers: 1
[state-dump] TaskDependencyManager:
[state-dump] - task deps map size: 0
[state-dump] - get req map size: 0
[state-dump] - wait req map size: 0
[state-dump] - local objects map size: 0
[state-dump] WaitManager:
[state-dump] - num active wait requests: 0
[state-dump] Subscriber:
[state-dump] Channel WORKER_REF_REMOVED_CHANNEL
[state-dump] - cumulative subscribe requests: 0
[state-dump] - cumulative unsubscribe requests: 0
[state-dump] - active subscribed publishers: 0
[state-dump] - cumulative published messages: 0
[state-dump] - cumulative processed messages: 0
[state-dump] Channel WORKER_OBJECT_EVICTION
[state-dump] - cumulative subscribe requests: 1
[state-dump] - cumulative unsubscribe requests: 1
[state-dump] - active subscribed publishers: 0
[state-dump] - cumulative published messages: 1
[state-dump] - cumulative processed messages: 1
[state-dump] Channel WORKER_OBJECT_LOCATIONS_CHANNEL
[state-dump] - cumulative subscribe requests: 5
[state-dump] - cumulative unsubscribe requests: 5
[state-dump] - active subscribed publishers: 0
[state-dump] - cumulative published messages: 2
[state-dump] - cumulative processed messages: 2
[state-dump] num async plasma notifications: 0
[state-dump] Remote node managers: 
[state-dump] Event stats:
[state-dump] Global stats: 154027 total (27 active)
[state-dump] Queueing time: mean = 4.769 ms, max = 41.724 s, min = -0.000 s, total = 734.504 s
[state-dump] Execution time:  mean = 18.086 us, total = 2.786 s
[state-dump] Event stats:
[state-dump] 	NodeManagerService.grpc_server.ReportWorkerBacklog - 41126 total (0 active), CPU time: mean = 24.110 us, total = 991.549 ms
[state-dump] 	UNKNOWN - 25741 total (3 active), CPU time: mean = 1.892 us, total = 48.699 ms
[state-dump] 	ObjectManager.UpdateAvailableMemory - 23397 total (0 active), CPU time: mean = 452.151 ns, total = 10.579 ms
[state-dump] 	NodeManagerService.grpc_server.RequestResourceReport - 23211 total (0 active), CPU time: mean = 30.770 us, total = 714.208 ms
[state-dump] 	NodeManagerService.grpc_server.UpdateResourceUsage - 23210 total (0 active), CPU time: mean = 28.975 us, total = 672.518 ms
[state-dump] 	RayletWorkerPool.deadline_timer.kill_idle_workers - 11700 total (1 active), CPU time: mean = 4.212 us, total = 49.278 ms
[state-dump] 	NodeManagerService.grpc_server.GetResourceLoad - 2340 total (0 active), CPU time: mean = 28.250 us, total = 66.106 ms
[state-dump] 	NodeManager.deadline_timer.flush_free_objects - 2340 total (1 active), CPU time: mean = 2.461 us, total = 5.759 ms
[state-dump] 	ClientConnection.async_read.ReadBufferAsync - 328 total (18 active), CPU time: mean = 77.030 us, total = 25.266 ms
[state-dump] 	NodeManager.deadline_timer.debug_state_dump - 234 total (1 active), CPU time: mean = 370.524 us, total = 86.703 ms
[state-dump] 	NodeManager.deadline_timer.record_metrics - 156 total (1 active), CPU time: mean = 203.837 us, total = 31.799 ms
[state-dump] 	CoreWorkerService.grpc_client.LocalGC - 54 total (0 active), CPU time: mean = 9.701 us, total = 523.859 us
[state-dump] 	NodeManager.deadline_timer.print_event_loop_stats - 39 total (1 active, 1 running), CPU time: mean = 546.508 us, total = 21.314 ms
[state-dump] 	ObjectManager.ObjectAdded - 19 total (0 active), CPU time: mean = 22.134 us, total = 420.540 us
[state-dump] 	ObjectManager.ObjectDeleted - 19 total (0 active), CPU time: mean = 11.208 us, total = 212.953 us
[state-dump] 	NodeManagerService.grpc_server.GetSystemConfig - 18 total (0 active), CPU time: mean = 34.279 us, total = 617.027 us
[state-dump] 	ClientConnection.async_write.DoAsyncWrites - 18 total (0 active), CPU time: mean = 435.056 ns, total = 7.831 us
[state-dump] 	NodeManagerService.grpc_server.RequestWorkerLease - 17 total (0 active), CPU time: mean = 1.227 ms, total = 20.867 ms
[state-dump] 	CoreWorkerService.grpc_client.DirectActorCallArgWaitComplete - 16 total (0 active), CPU time: mean = 8.380 us, total = 134.072 us
[state-dump] 	PeriodicalRunner.RunFnPeriodically - 8 total (0 active), CPU time: mean = 273.916 us, total = 2.191 ms
[state-dump] 	CoreWorkerService.grpc_client.PubsubCommandBatch - 8 total (0 active), CPU time: mean = 58.221 us, total = 465.766 us
[state-dump] 	CoreWorkerService.grpc_client.PubsubLongPolling - 7 total (0 active), CPU time: mean = 147.979 us, total = 1.036 ms
[state-dump] 	InternalPubSubGcsService.grpc_client.GcsSubscriberPoll - 6 total (1 active), CPU time: mean = 55.647 us, total = 333.881 us
[state-dump] 	InternalPubSubGcsService.grpc_client.GcsSubscriberCommandBatch - 2 total (0 active), CPU time: mean = 59.350 us, total = 118.700 us
[state-dump] 	Subscriber.HandlePublishedMessage_WORKER_OBJECT_LOCATIONS_CHANNEL - 2 total (0 active), CPU time: mean = 24.247 us, total = 48.493 us
[state-dump] 	CoreWorkerService.grpc_client.UpdateObjectLocationBatch - 2 total (0 active), CPU time: mean = 18.242 us, total = 36.484 us
[state-dump] 	NodeInfoGcsService.grpc_client.GetAllNodeInfo - 1 total (0 active), CPU time: mean = 28.066 us, total = 28.066 us
[state-dump] 	Subscriber.HandlePublishedMessage_GCS_JOB_CHANNEL - 1 total (0 active), CPU time: mean = 47.159 us, total = 47.159 us
[state-dump] 	NodeInfoGcsService.grpc_client.GetInternalConfig - 1 total (0 active), CPU time: mean = 33.796 ms, total = 33.796 ms
[state-dump] 	JobInfoGcsService.grpc_client.GetAllJobInfo - 1 total (0 active), CPU time: mean = 343.023 us, total = 343.023 us
[state-dump] 	NodeInfoGcsService.grpc_client.RegisterNode - 1 total (0 active), CPU time: mean = 203.359 us, total = 203.359 us
[state-dump] 	AgentManagerService.grpc_server.RegisterAgent - 1 total (0 active), CPU time: mean = 194.419 us, total = 194.419 us
[state-dump] 	Subscriber.HandlePublishedMessage_WORKER_OBJECT_EVICTION - 1 total (0 active), CPU time: mean = 66.553 us, total = 66.553 us
[state-dump] 	JobInfoGcsService.grpc_client.AddJob - 1 total (0 active), CPU time: mean = 23.962 us, total = 23.962 us
[state-dump] 	NodeManagerService.grpc_server.PinObjectIDs - 1 total (0 active), CPU time: mean = 169.418 us, total = 169.418 us
[state-dump] DebugString() time ms: 0
[state-dump] 
[state-dump] 
[2026-01-30 14:42:31,365 I 3413275 3413375] (raylet) store.cc:551: ========== Plasma store: =================
Current usage: 0 / 200 GB
- num bytes created total: 7953630
0 pending objects of total size 0MB
- objects spillable: 0
- bytes spillable: 0
- objects unsealed: 0
- bytes unsealed: 0
- objects in use: 0
- bytes in use: 0
- objects evictable: 0
- bytes evictable: 0

- objects created by worker: 0
- bytes created by worker: 0
- objects restored: 0
- bytes restored: 0
- objects received: 0
- bytes received: 0
- objects errored: 0
- bytes errored: 0

[2026-01-30 14:42:31,404 I 3413275 3413275] (raylet) node_manager.cc:540: [state-dump] Event stats:
[state-dump] 
[state-dump] 
[state-dump] Global stats: 157992 total (27 active)
[state-dump] Queueing time: mean = 4.649 ms, max = 41.724 s, min = -0.000 s, total = 734.543 s
[state-dump] Execution time:  mean = 18.057 us, total = 2.853 s
[state-dump] Event stats:
[state-dump] 	NodeManagerService.grpc_server.ReportWorkerBacklog - 42206 total (0 active), CPU time: mean = 24.091 us, total = 1.017 s
[state-dump] 	UNKNOWN - 26401 total (3 active), CPU time: mean = 1.891 us, total = 49.921 ms
[state-dump] 	ObjectManager.UpdateAvailableMemory - 23997 total (0 active), CPU time: mean = 452.943 ns, total = 10.869 ms
[state-dump] 	NodeManagerService.grpc_server.RequestResourceReport - 23807 total (0 active), CPU time: mean = 30.740 us, total = 731.830 ms
[state-dump] 	NodeManagerService.grpc_server.UpdateResourceUsage - 23807 total (0 active), CPU time: mean = 28.932 us, total = 688.788 ms
[state-dump] 	RayletWorkerPool.deadline_timer.kill_idle_workers - 12000 total (1 active), CPU time: mean = 4.197 us, total = 50.362 ms
[state-dump] 	NodeManagerService.grpc_server.GetResourceLoad - 2400 total (0 active), CPU time: mean = 28.218 us, total = 67.724 ms
[state-dump] 	NodeManager.deadline_timer.flush_free_objects - 2400 total (1 active), CPU time: mean = 2.490 us, total = 5.975 ms
[state-dump] 	ClientConnection.async_read.ReadBufferAsync - 328 total (18 active), CPU time: mean = 77.030 us, total = 25.266 ms
[state-dump] 	NodeManager.deadline_timer.debug_state_dump - 240 total (1 active), CPU time: mean = 370.608 us, total = 88.946 ms
[state-dump] 	NodeManager.deadline_timer.record_metrics - 160 total (1 active), CPU time: mean = 204.240 us, total = 32.678 ms
[state-dump] 	CoreWorkerService.grpc_client.LocalGC - 54 total (0 active), CPU time: mean = 9.701 us, total = 523.859 us
[state-dump] 	NodeManager.deadline_timer.print_event_loop_stats - 40 total (1 active, 1 running), CPU time: mean = 545.582 us, total = 21.823 ms
[state-dump] 	ObjectManager.ObjectAdded - 19 total (0 active), CPU time: mean = 22.134 us, total = 420.540 us
[state-dump] 	ObjectManager.ObjectDeleted - 19 total (0 active), CPU time: mean = 11.208 us, total = 212.953 us
[state-dump] 	NodeManagerService.grpc_server.GetSystemConfig - 18 total (0 active), CPU time: mean = 34.279 us, total = 617.027 us
[state-dump] 	ClientConnection.async_write.DoAsyncWrites - 18 total (0 active), CPU time: mean = 435.056 ns, total = 7.831 us
[state-dump] 	NodeManagerService.grpc_server.RequestWorkerLease - 17 total (0 active), CPU time: mean = 1.227 ms, total = 20.867 ms
[state-dump] 	CoreWorkerService.grpc_client.DirectActorCallArgWaitComplete - 16 total (0 active), CPU time: mean = 8.380 us, total = 134.072 us
[state-dump] 	PeriodicalRunner.RunFnPeriodically - 8 total (0 active), CPU time: mean = 273.916 us, total = 2.191 ms
[state-dump] 	CoreWorkerService.grpc_client.PubsubCommandBatch - 8 total (0 active), CPU time: mean = 58.221 us, total = 465.766 us
[state-dump] 	CoreWorkerService.grpc_client.PubsubLongPolling - 7 total (0 active), CPU time: mean = 147.979 us, total = 1.036 ms
[state-dump] 	InternalPubSubGcsService.grpc_client.GcsSubscriberPoll - 7 total (1 active), CPU time: mean = 56.334 us, total = 394.338 us
[state-dump] 	InternalPubSubGcsService.grpc_client.GcsSubscriberCommandBatch - 2 total (0 active), CPU time: mean = 59.350 us, total = 118.700 us
[state-dump] 	Subscriber.HandlePublishedMessage_WORKER_OBJECT_LOCATIONS_CHANNEL - 2 total (0 active), CPU time: mean = 24.247 us, total = 48.493 us
[state-dump] 	CoreWorkerService.grpc_client.UpdateObjectLocationBatch - 2 total (0 active), CPU time: mean = 18.242 us, total = 36.484 us
[state-dump] 	NodeInfoGcsService.grpc_client.GetAllNodeInfo - 1 total (0 active), CPU time: mean = 28.066 us, total = 28.066 us
[state-dump] 	Subscriber.HandlePublishedMessage_GCS_JOB_CHANNEL - 1 total (0 active), CPU time: mean = 47.159 us, total = 47.159 us
[state-dump] 	NodeInfoGcsService.grpc_client.GetInternalConfig - 1 total (0 active), CPU time: mean = 33.796 ms, total = 33.796 ms
[state-dump] 	JobInfoGcsService.grpc_client.GetAllJobInfo - 1 total (0 active), CPU time: mean = 343.023 us, total = 343.023 us
[state-dump] 	NodeInfoGcsService.grpc_client.RegisterNode - 1 total (0 active), CPU time: mean = 203.359 us, total = 203.359 us
[state-dump] 	AgentManagerService.grpc_server.RegisterAgent - 1 total (0 active), CPU time: mean = 194.419 us, total = 194.419 us
[state-dump] 	Subscriber.HandlePublishedMessage_WORKER_OBJECT_EVICTION - 1 total (0 active), CPU time: mean = 66.553 us, total = 66.553 us
[state-dump] 	JobInfoGcsService.grpc_client.AddJob - 1 total (0 active), CPU time: mean = 23.962 us, total = 23.962 us
[state-dump] 	NodeManagerService.grpc_server.PinObjectIDs - 1 total (0 active), CPU time: mean = 169.418 us, total = 169.418 us
[state-dump] 
[state-dump] NodeManager:
[state-dump] Node ID: 435ff685d8e66afce15860cd5b4687480235848d386ffa5d5547bd3d
[state-dump] Node name: 10.137.21.59
[state-dump] InitialConfigResources: {memory: 8135216732160000, GPU: 20000, node:10.137.21.59: 10000, CPU: 170000, object_store_memory: 2000000000000000, accelerator_type:H100: 10000}
[state-dump] ClusterTaskManager:
[state-dump] ========== Node: 435ff685d8e66afce15860cd5b4687480235848d386ffa5d5547bd3d =================
[state-dump] Infeasible queue length: 1
[state-dump] Schedule queue length: 0
[state-dump] Dispatch queue length: 0
[state-dump] num_waiting_for_resource: 0
[state-dump] num_waiting_for_plasma_memory: 0
[state-dump] num_waiting_for_remote_node_resources: 0
[state-dump] num_worker_not_started_by_job_config_not_exist: 0
[state-dump] num_worker_not_started_by_registration_timeout: 0
[state-dump] num_tasks_waiting_for_workers: 0
[state-dump] num_cancelled_tasks: 0
[state-dump] cluster_resource_scheduler state: 
[state-dump] Local id: -8058881002343059789 Local resources: {node:10.137.21.59: [10000]/[10000], CPU: [10000]/[170000], object_store_memory: [2000000000000000]/[2000000000000000], memory: [8135216732160000]/[8135216732160000], GPU: [10000, 10000]/[10000, 10000], accelerator_type:H100: [10000]/[10000]}node id: -8058881002343059789{node:10.137.21.59: 10000/10000, CPU: 10000/170000, object_store_memory: 2000000000000000/2000000000000000, memory: 8135216732160000/8135216732160000, GPU: 20000/20000, accelerator_type:H100: 10000/10000}{ "placment group locations": [], "node to bundles": []}
[state-dump] Waiting tasks size: 0
[state-dump] Number of executing tasks: 0
[state-dump] Number of pinned task arguments: 0
[state-dump] Number of total spilled tasks: 0
[state-dump] Number of spilled waiting tasks: 0
[state-dump] Number of spilled unschedulable tasks: 0
[state-dump] Resource usage {
[state-dump]     - (language=PYTHON actor_or_task=RolloutWorker.__init__ pid=3414093): {CPU: 1.000000}
[state-dump]     - (language=PYTHON actor_or_task=RolloutWorker.__init__ pid=3414092): {CPU: 1.000000}
[state-dump]     - (language=PYTHON actor_or_task=RolloutWorker.__init__ pid=3414084): {CPU: 1.000000}
[state-dump]     - (language=PYTHON actor_or_task=RolloutWorker.__init__ pid=3414091): {CPU: 1.000000}
[state-dump]     - (language=PYTHON actor_or_task=RolloutWorker.__init__ pid=3414089): {CPU: 1.000000}
[state-dump]     - (language=PYTHON actor_or_task=RolloutWorker.__init__ pid=3414085): {CPU: 1.000000}
[state-dump]     - (language=PYTHON actor_or_task=RolloutWorker.__init__ pid=3414094): {CPU: 1.000000}
[state-dump]     - (language=PYTHON actor_or_task=RolloutWorker.__init__ pid=3414083): {CPU: 1.000000}
[state-dump]     - (language=PYTHON actor_or_task=RolloutWorker.__init__ pid=3414088): {CPU: 1.000000}
[state-dump]     - (language=PYTHON actor_or_task=RolloutWorker.__init__ pid=3414080): {CPU: 1.000000}
[state-dump]     - (language=PYTHON actor_or_task=RolloutWorker.__init__ pid=3414095): {CPU: 1.000000}
[state-dump]     - (language=PYTHON actor_or_task=RolloutWorker.__init__ pid=3414081): {CPU: 1.000000}
[state-dump]     - (language=PYTHON actor_or_task=RolloutWorker.__init__ pid=3414082): {CPU: 1.000000}
[state-dump]     - (language=PYTHON actor_or_task=RolloutWorker.__init__ pid=3414087): {CPU: 1.000000}
[state-dump]     - (language=PYTHON actor_or_task=RolloutWorker.__init__ pid=3414086): {CPU: 1.000000}
[state-dump]     - (language=PYTHON actor_or_task=RolloutWorker.__init__ pid=3414090): {CPU: 1.000000}
[state-dump] }
[state-dump] Running tasks by scheduling class:
[state-dump] ==================================================
[state-dump] 
[state-dump] ClusterResources:
[state-dump] LocalObjectManager:
[state-dump] - num pinned objects: 0
[state-dump] - pinned objects size: 0
[state-dump] - num objects pending restore: 0
[state-dump] - num objects pending spill: 0
[state-dump] - num bytes pending spill: 0
[state-dump] - num bytes currently spilled: 0
[state-dump] - cumulative spill requests: 0
[state-dump] - cumulative restore requests: 0
[state-dump] - spilled objects pending delete: 0
[state-dump] 
[state-dump] ObjectManager:
[state-dump] - num local objects: 0
[state-dump] - num unfulfilled push requests: 0
[state-dump] - num object pull requests: 0
[state-dump] - num chunks received total: 0
[state-dump] - num chunks received failed (all): 0
[state-dump] - num chunks received failed / cancelled: 0
[state-dump] - num chunks received failed / plasma error: 0
[state-dump] Event stats:
[state-dump] Global stats: 1 total (0 active)
[state-dump] Queueing time: mean = 25.771 us, max = 25.771 us, min = 25.771 us, total = 25.771 us
[state-dump] Execution time:  mean = 5.425 us, total = 5.425 us
[state-dump] Event stats:
[state-dump] 	ObjectManager.FreeObjects - 1 total (0 active), CPU time: mean = 5.425 us, total = 5.425 us
[state-dump] PushManager:
[state-dump] - num pushes in flight: 0
[state-dump] - num chunks in flight: 0
[state-dump] - num chunks remaining: 0
[state-dump] - max chunks allowed: 409
[state-dump] OwnershipBasedObjectDirectory:
[state-dump] - num listeners: 0
[state-dump] - cumulative location updates: 2
[state-dump] - num location updates per second: 0.000
[state-dump] - num location lookups per second: 0.000
[state-dump] - num locations added per second: 0.000
[state-dump] - num locations removed per second: 0.000
[state-dump] BufferPool:
[state-dump] - create buffer state map size: 0
[state-dump] PullManager:
[state-dump] - num bytes available for pulled objects: 200000000000
[state-dump] - num bytes being pulled (all): 0
[state-dump] - num bytes being pulled / pinned: 0
[state-dump] - get request bundles: BundlePullRequestQueue{0 total, 0 active, 0 inactive, 0 unpullable}
[state-dump] - wait request bundles: BundlePullRequestQueue{0 total, 0 active, 0 inactive, 0 unpullable}
[state-dump] - task request bundles: BundlePullRequestQueue{0 total, 0 active, 0 inactive, 0 unpullable}
[state-dump] - first get request bundle: N/A
[state-dump] - first wait request bundle: N/A
[state-dump] - first task request bundle: N/A
[state-dump] - num objects queued: 0
[state-dump] - num objects actively pulled (all): 0
[state-dump] - num objects actively pulled / pinned: 0
[state-dump] - num bundles being pulled: 0
[state-dump] - num pull retries: 0
[state-dump] - max timeout seconds: 0
[state-dump] - max timeout request is already processed. No entry.
[state-dump] 
[state-dump] WorkerPool:
[state-dump] - registered jobs: 1
[state-dump] - process_failed_job_config_missing: 0
[state-dump] - process_failed_rate_limited: 0
[state-dump] - process_failed_pending_registration: 0
[state-dump] - process_failed_runtime_env_setup_failed: 0
[state-dump] - num JAVA workers: 0
[state-dump] - num JAVA drivers: 0
[state-dump] - num object spill callbacks queued: 0
[state-dump] - num object restore queued: 0
[state-dump] - num util functions queued: 0
[state-dump] - num PYTHON workers: 17
[state-dump] - num PYTHON drivers: 1
[state-dump] - num object spill callbacks queued: 0
[state-dump] - num object restore queued: 0
[state-dump] - num util functions queued: 0
[state-dump] - num idle workers: 1
[state-dump] TaskDependencyManager:
[state-dump] - task deps map size: 0
[state-dump] - get req map size: 0
[state-dump] - wait req map size: 0
[state-dump] - local objects map size: 0
[state-dump] WaitManager:
[state-dump] - num active wait requests: 0
[state-dump] Subscriber:
[state-dump] Channel WORKER_REF_REMOVED_CHANNEL
[state-dump] - cumulative subscribe requests: 0
[state-dump] - cumulative unsubscribe requests: 0
[state-dump] - active subscribed publishers: 0
[state-dump] - cumulative published messages: 0
[state-dump] - cumulative processed messages: 0
[state-dump] Channel WORKER_OBJECT_EVICTION
[state-dump] - cumulative subscribe requests: 1
[state-dump] - cumulative unsubscribe requests: 1
[state-dump] - active subscribed publishers: 0
[state-dump] - cumulative published messages: 1
[state-dump] - cumulative processed messages: 1
[state-dump] Channel WORKER_OBJECT_LOCATIONS_CHANNEL
[state-dump] - cumulative subscribe requests: 5
[state-dump] - cumulative unsubscribe requests: 5
[state-dump] - active subscribed publishers: 0
[state-dump] - cumulative published messages: 2
[state-dump] - cumulative processed messages: 2
[state-dump] num async plasma notifications: 0
[state-dump] Remote node managers: 
[state-dump] Event stats:
[state-dump] Global stats: 157992 total (27 active)
[state-dump] Queueing time: mean = 4.649 ms, max = 41.724 s, min = -0.000 s, total = 734.543 s
[state-dump] Execution time:  mean = 18.057 us, total = 2.853 s
[state-dump] Event stats:
[state-dump] 	NodeManagerService.grpc_server.ReportWorkerBacklog - 42206 total (0 active), CPU time: mean = 24.091 us, total = 1.017 s
[state-dump] 	UNKNOWN - 26401 total (3 active), CPU time: mean = 1.891 us, total = 49.921 ms
[state-dump] 	ObjectManager.UpdateAvailableMemory - 23997 total (0 active), CPU time: mean = 452.943 ns, total = 10.869 ms
[state-dump] 	NodeManagerService.grpc_server.RequestResourceReport - 23807 total (0 active), CPU time: mean = 30.740 us, total = 731.830 ms
[state-dump] 	NodeManagerService.grpc_server.UpdateResourceUsage - 23807 total (0 active), CPU time: mean = 28.932 us, total = 688.788 ms
[state-dump] 	RayletWorkerPool.deadline_timer.kill_idle_workers - 12000 total (1 active), CPU time: mean = 4.197 us, total = 50.362 ms
[state-dump] 	NodeManagerService.grpc_server.GetResourceLoad - 2400 total (0 active), CPU time: mean = 28.218 us, total = 67.724 ms
[state-dump] 	NodeManager.deadline_timer.flush_free_objects - 2400 total (1 active), CPU time: mean = 2.490 us, total = 5.975 ms
[state-dump] 	ClientConnection.async_read.ReadBufferAsync - 328 total (18 active), CPU time: mean = 77.030 us, total = 25.266 ms
[state-dump] 	NodeManager.deadline_timer.debug_state_dump - 240 total (1 active), CPU time: mean = 370.608 us, total = 88.946 ms
[state-dump] 	NodeManager.deadline_timer.record_metrics - 160 total (1 active), CPU time: mean = 204.240 us, total = 32.678 ms
[state-dump] 	CoreWorkerService.grpc_client.LocalGC - 54 total (0 active), CPU time: mean = 9.701 us, total = 523.859 us
[state-dump] 	NodeManager.deadline_timer.print_event_loop_stats - 40 total (1 active, 1 running), CPU time: mean = 545.582 us, total = 21.823 ms
[state-dump] 	ObjectManager.ObjectAdded - 19 total (0 active), CPU time: mean = 22.134 us, total = 420.540 us
[state-dump] 	ObjectManager.ObjectDeleted - 19 total (0 active), CPU time: mean = 11.208 us, total = 212.953 us
[state-dump] 	NodeManagerService.grpc_server.GetSystemConfig - 18 total (0 active), CPU time: mean = 34.279 us, total = 617.027 us
[state-dump] 	ClientConnection.async_write.DoAsyncWrites - 18 total (0 active), CPU time: mean = 435.056 ns, total = 7.831 us
[state-dump] 	NodeManagerService.grpc_server.RequestWorkerLease - 17 total (0 active), CPU time: mean = 1.227 ms, total = 20.867 ms
[state-dump] 	CoreWorkerService.grpc_client.DirectActorCallArgWaitComplete - 16 total (0 active), CPU time: mean = 8.380 us, total = 134.072 us
[state-dump] 	PeriodicalRunner.RunFnPeriodically - 8 total (0 active), CPU time: mean = 273.916 us, total = 2.191 ms
[state-dump] 	CoreWorkerService.grpc_client.PubsubCommandBatch - 8 total (0 active), CPU time: mean = 58.221 us, total = 465.766 us
[state-dump] 	CoreWorkerService.grpc_client.PubsubLongPolling - 7 total (0 active), CPU time: mean = 147.979 us, total = 1.036 ms
[state-dump] 	InternalPubSubGcsService.grpc_client.GcsSubscriberPoll - 7 total (1 active), CPU time: mean = 56.334 us, total = 394.338 us
[state-dump] 	InternalPubSubGcsService.grpc_client.GcsSubscriberCommandBatch - 2 total (0 active), CPU time: mean = 59.350 us, total = 118.700 us
[state-dump] 	Subscriber.HandlePublishedMessage_WORKER_OBJECT_LOCATIONS_CHANNEL - 2 total (0 active), CPU time: mean = 24.247 us, total = 48.493 us
[state-dump] 	CoreWorkerService.grpc_client.UpdateObjectLocationBatch - 2 total (0 active), CPU time: mean = 18.242 us, total = 36.484 us
[state-dump] 	NodeInfoGcsService.grpc_client.GetAllNodeInfo - 1 total (0 active), CPU time: mean = 28.066 us, total = 28.066 us
[state-dump] 	Subscriber.HandlePublishedMessage_GCS_JOB_CHANNEL - 1 total (0 active), CPU time: mean = 47.159 us, total = 47.159 us
[state-dump] 	NodeInfoGcsService.grpc_client.GetInternalConfig - 1 total (0 active), CPU time: mean = 33.796 ms, total = 33.796 ms
[state-dump] 	JobInfoGcsService.grpc_client.GetAllJobInfo - 1 total (0 active), CPU time: mean = 343.023 us, total = 343.023 us
[state-dump] 	NodeInfoGcsService.grpc_client.RegisterNode - 1 total (0 active), CPU time: mean = 203.359 us, total = 203.359 us
[state-dump] 	AgentManagerService.grpc_server.RegisterAgent - 1 total (0 active), CPU time: mean = 194.419 us, total = 194.419 us
[state-dump] 	Subscriber.HandlePublishedMessage_WORKER_OBJECT_EVICTION - 1 total (0 active), CPU time: mean = 66.553 us, total = 66.553 us
[state-dump] 	JobInfoGcsService.grpc_client.AddJob - 1 total (0 active), CPU time: mean = 23.962 us, total = 23.962 us
[state-dump] 	NodeManagerService.grpc_server.PinObjectIDs - 1 total (0 active), CPU time: mean = 169.418 us, total = 169.418 us
[state-dump] DebugString() time ms: 1
[state-dump] 
[state-dump] 
[2026-01-30 14:42:31,611 I 3413275 3413275] (raylet) node_manager.cc:667: Sending Python GC request to 18 local workers to clean up Python cyclic references.
[2026-01-30 14:43:31,365 I 3413275 3413375] (raylet) store.cc:551: ========== Plasma store: =================
Current usage: 0 / 200 GB
- num bytes created total: 7953630
0 pending objects of total size 0MB
- objects spillable: 0
- bytes spillable: 0
- objects unsealed: 0
- bytes unsealed: 0
- objects in use: 0
- bytes in use: 0
- objects evictable: 0
- bytes evictable: 0

- objects created by worker: 0
- bytes created by worker: 0
- objects restored: 0
- bytes restored: 0
- objects received: 0
- bytes received: 0
- objects errored: 0
- bytes errored: 0

[2026-01-30 14:43:31,404 I 3413275 3413275] (raylet) node_manager.cc:540: [state-dump] Event stats:
[state-dump] 
[state-dump] 
[state-dump] Global stats: 161974 total (27 active)
[state-dump] Queueing time: mean = 4.535 ms, max = 41.724 s, min = -0.000 s, total = 734.583 s
[state-dump] Execution time:  mean = 18.010 us, total = 2.917 s
[state-dump] Event stats:
[state-dump] 	NodeManagerService.grpc_server.ReportWorkerBacklog - 43286 total (0 active), CPU time: mean = 24.054 us, total = 1.041 s
[state-dump] 	UNKNOWN - 27061 total (3 active), CPU time: mean = 1.888 us, total = 51.080 ms
[state-dump] 	ObjectManager.UpdateAvailableMemory - 24597 total (0 active), CPU time: mean = 451.626 ns, total = 11.109 ms
[state-dump] 	NodeManagerService.grpc_server.RequestResourceReport - 24404 total (0 active), CPU time: mean = 30.677 us, total = 748.639 ms
[state-dump] 	NodeManagerService.grpc_server.UpdateResourceUsage - 24403 total (0 active), CPU time: mean = 28.850 us, total = 704.031 ms
[state-dump] 	RayletWorkerPool.deadline_timer.kill_idle_workers - 12300 total (1 active), CPU time: mean = 4.173 us, total = 51.322 ms
[state-dump] 	NodeManagerService.grpc_server.GetResourceLoad - 2460 total (0 active), CPU time: mean = 28.149 us, total = 69.247 ms
[state-dump] 	NodeManager.deadline_timer.flush_free_objects - 2460 total (1 active), CPU time: mean = 2.499 us, total = 6.147 ms
[state-dump] 	ClientConnection.async_read.ReadBufferAsync - 328 total (18 active), CPU time: mean = 77.030 us, total = 25.266 ms
[state-dump] 	NodeManager.deadline_timer.debug_state_dump - 246 total (1 active), CPU time: mean = 370.167 us, total = 91.061 ms
[state-dump] 	NodeManager.deadline_timer.record_metrics - 164 total (1 active), CPU time: mean = 204.774 us, total = 33.583 ms
[state-dump] 	CoreWorkerService.grpc_client.LocalGC - 72 total (0 active), CPU time: mean = 8.934 us, total = 643.234 us
[state-dump] 	NodeManager.deadline_timer.print_event_loop_stats - 41 total (1 active, 1 running), CPU time: mean = 547.739 us, total = 22.457 ms
[state-dump] 	ObjectManager.ObjectAdded - 19 total (0 active), CPU time: mean = 22.134 us, total = 420.540 us
[state-dump] 	ObjectManager.ObjectDeleted - 19 total (0 active), CPU time: mean = 11.208 us, total = 212.953 us
[state-dump] 	NodeManagerService.grpc_server.GetSystemConfig - 18 total (0 active), CPU time: mean = 34.279 us, total = 617.027 us
[state-dump] 	ClientConnection.async_write.DoAsyncWrites - 18 total (0 active), CPU time: mean = 435.056 ns, total = 7.831 us
[state-dump] 	NodeManagerService.grpc_server.RequestWorkerLease - 17 total (0 active), CPU time: mean = 1.227 ms, total = 20.867 ms
[state-dump] 	CoreWorkerService.grpc_client.DirectActorCallArgWaitComplete - 16 total (0 active), CPU time: mean = 8.380 us, total = 134.072 us
[state-dump] 	PeriodicalRunner.RunFnPeriodically - 8 total (0 active), CPU time: mean = 273.916 us, total = 2.191 ms
[state-dump] 	CoreWorkerService.grpc_client.PubsubCommandBatch - 8 total (0 active), CPU time: mean = 58.221 us, total = 465.766 us
[state-dump] 	CoreWorkerService.grpc_client.PubsubLongPolling - 7 total (0 active), CPU time: mean = 147.979 us, total = 1.036 ms
[state-dump] 	InternalPubSubGcsService.grpc_client.GcsSubscriberPoll - 7 total (1 active), CPU time: mean = 56.334 us, total = 394.338 us
[state-dump] 	InternalPubSubGcsService.grpc_client.GcsSubscriberCommandBatch - 2 total (0 active), CPU time: mean = 59.350 us, total = 118.700 us
[state-dump] 	Subscriber.HandlePublishedMessage_WORKER_OBJECT_LOCATIONS_CHANNEL - 2 total (0 active), CPU time: mean = 24.247 us, total = 48.493 us
[state-dump] 	CoreWorkerService.grpc_client.UpdateObjectLocationBatch - 2 total (0 active), CPU time: mean = 18.242 us, total = 36.484 us
[state-dump] 	NodeInfoGcsService.grpc_client.GetAllNodeInfo - 1 total (0 active), CPU time: mean = 28.066 us, total = 28.066 us
[state-dump] 	Subscriber.HandlePublishedMessage_GCS_JOB_CHANNEL - 1 total (0 active), CPU time: mean = 47.159 us, total = 47.159 us
[state-dump] 	NodeInfoGcsService.grpc_client.GetInternalConfig - 1 total (0 active), CPU time: mean = 33.796 ms, total = 33.796 ms
[state-dump] 	JobInfoGcsService.grpc_client.GetAllJobInfo - 1 total (0 active), CPU time: mean = 343.023 us, total = 343.023 us
[state-dump] 	NodeInfoGcsService.grpc_client.RegisterNode - 1 total (0 active), CPU time: mean = 203.359 us, total = 203.359 us
[state-dump] 	AgentManagerService.grpc_server.RegisterAgent - 1 total (0 active), CPU time: mean = 194.419 us, total = 194.419 us
[state-dump] 	Subscriber.HandlePublishedMessage_WORKER_OBJECT_EVICTION - 1 total (0 active), CPU time: mean = 66.553 us, total = 66.553 us
[state-dump] 	JobInfoGcsService.grpc_client.AddJob - 1 total (0 active), CPU time: mean = 23.962 us, total = 23.962 us
[state-dump] 	NodeManagerService.grpc_server.PinObjectIDs - 1 total (0 active), CPU time: mean = 169.418 us, total = 169.418 us
[state-dump] 
[state-dump] NodeManager:
[state-dump] Node ID: 435ff685d8e66afce15860cd5b4687480235848d386ffa5d5547bd3d
[state-dump] Node name: 10.137.21.59
[state-dump] InitialConfigResources: {memory: 8135216732160000, GPU: 20000, node:10.137.21.59: 10000, CPU: 170000, object_store_memory: 2000000000000000, accelerator_type:H100: 10000}
[state-dump] ClusterTaskManager:
[state-dump] ========== Node: 435ff685d8e66afce15860cd5b4687480235848d386ffa5d5547bd3d =================
[state-dump] Infeasible queue length: 1
[state-dump] Schedule queue length: 0
[state-dump] Dispatch queue length: 0
[state-dump] num_waiting_for_resource: 0
[state-dump] num_waiting_for_plasma_memory: 0
[state-dump] num_waiting_for_remote_node_resources: 0
[state-dump] num_worker_not_started_by_job_config_not_exist: 0
[state-dump] num_worker_not_started_by_registration_timeout: 0
[state-dump] num_tasks_waiting_for_workers: 0
[state-dump] num_cancelled_tasks: 0
[state-dump] cluster_resource_scheduler state: 
[state-dump] Local id: -8058881002343059789 Local resources: {node:10.137.21.59: [10000]/[10000], CPU: [10000]/[170000], object_store_memory: [2000000000000000]/[2000000000000000], memory: [8135216732160000]/[8135216732160000], GPU: [10000, 10000]/[10000, 10000], accelerator_type:H100: [10000]/[10000]}node id: -8058881002343059789{node:10.137.21.59: 10000/10000, CPU: 10000/170000, object_store_memory: 2000000000000000/2000000000000000, memory: 8135216732160000/8135216732160000, GPU: 20000/20000, accelerator_type:H100: 10000/10000}{ "placment group locations": [], "node to bundles": []}
[state-dump] Waiting tasks size: 0
[state-dump] Number of executing tasks: 0
[state-dump] Number of pinned task arguments: 0
[state-dump] Number of total spilled tasks: 0
[state-dump] Number of spilled waiting tasks: 0
[state-dump] Number of spilled unschedulable tasks: 0
[state-dump] Resource usage {
[state-dump]     - (language=PYTHON actor_or_task=RolloutWorker.__init__ pid=3414093): {CPU: 1.000000}
[state-dump]     - (language=PYTHON actor_or_task=RolloutWorker.__init__ pid=3414092): {CPU: 1.000000}
[state-dump]     - (language=PYTHON actor_or_task=RolloutWorker.__init__ pid=3414084): {CPU: 1.000000}
[state-dump]     - (language=PYTHON actor_or_task=RolloutWorker.__init__ pid=3414091): {CPU: 1.000000}
[state-dump]     - (language=PYTHON actor_or_task=RolloutWorker.__init__ pid=3414089): {CPU: 1.000000}
[state-dump]     - (language=PYTHON actor_or_task=RolloutWorker.__init__ pid=3414085): {CPU: 1.000000}
[state-dump]     - (language=PYTHON actor_or_task=RolloutWorker.__init__ pid=3414094): {CPU: 1.000000}
[state-dump]     - (language=PYTHON actor_or_task=RolloutWorker.__init__ pid=3414083): {CPU: 1.000000}
[state-dump]     - (language=PYTHON actor_or_task=RolloutWorker.__init__ pid=3414088): {CPU: 1.000000}
[state-dump]     - (language=PYTHON actor_or_task=RolloutWorker.__init__ pid=3414080): {CPU: 1.000000}
[state-dump]     - (language=PYTHON actor_or_task=RolloutWorker.__init__ pid=3414095): {CPU: 1.000000}
[state-dump]     - (language=PYTHON actor_or_task=RolloutWorker.__init__ pid=3414081): {CPU: 1.000000}
[state-dump]     - (language=PYTHON actor_or_task=RolloutWorker.__init__ pid=3414082): {CPU: 1.000000}
[state-dump]     - (language=PYTHON actor_or_task=RolloutWorker.__init__ pid=3414087): {CPU: 1.000000}
[state-dump]     - (language=PYTHON actor_or_task=RolloutWorker.__init__ pid=3414086): {CPU: 1.000000}
[state-dump]     - (language=PYTHON actor_or_task=RolloutWorker.__init__ pid=3414090): {CPU: 1.000000}
[state-dump] }
[state-dump] Running tasks by scheduling class:
[state-dump] ==================================================
[state-dump] 
[state-dump] ClusterResources:
[state-dump] LocalObjectManager:
[state-dump] - num pinned objects: 0
[state-dump] - pinned objects size: 0
[state-dump] - num objects pending restore: 0
[state-dump] - num objects pending spill: 0
[state-dump] - num bytes pending spill: 0
[state-dump] - num bytes currently spilled: 0
[state-dump] - cumulative spill requests: 0
[state-dump] - cumulative restore requests: 0
[state-dump] - spilled objects pending delete: 0
[state-dump] 
[state-dump] ObjectManager:
[state-dump] - num local objects: 0
[state-dump] - num unfulfilled push requests: 0
[state-dump] - num object pull requests: 0
[state-dump] - num chunks received total: 0
[state-dump] - num chunks received failed (all): 0
[state-dump] - num chunks received failed / cancelled: 0
[state-dump] - num chunks received failed / plasma error: 0
[state-dump] Event stats:
[state-dump] Global stats: 1 total (0 active)
[state-dump] Queueing time: mean = 25.771 us, max = 25.771 us, min = 25.771 us, total = 25.771 us
[state-dump] Execution time:  mean = 5.425 us, total = 5.425 us
[state-dump] Event stats:
[state-dump] 	ObjectManager.FreeObjects - 1 total (0 active), CPU time: mean = 5.425 us, total = 5.425 us
[state-dump] PushManager:
[state-dump] - num pushes in flight: 0
[state-dump] - num chunks in flight: 0
[state-dump] - num chunks remaining: 0
[state-dump] - max chunks allowed: 409
[state-dump] OwnershipBasedObjectDirectory:
[state-dump] - num listeners: 0
[state-dump] - cumulative location updates: 2
[state-dump] - num location updates per second: 0.000
[state-dump] - num location lookups per second: 0.000
[state-dump] - num locations added per second: 0.000
[state-dump] - num locations removed per second: 0.000
[state-dump] BufferPool:
[state-dump] - create buffer state map size: 0
[state-dump] PullManager:
[state-dump] - num bytes available for pulled objects: 200000000000
[state-dump] - num bytes being pulled (all): 0
[state-dump] - num bytes being pulled / pinned: 0
[state-dump] - get request bundles: BundlePullRequestQueue{0 total, 0 active, 0 inactive, 0 unpullable}
[state-dump] - wait request bundles: BundlePullRequestQueue{0 total, 0 active, 0 inactive, 0 unpullable}
[state-dump] - task request bundles: BundlePullRequestQueue{0 total, 0 active, 0 inactive, 0 unpullable}
[state-dump] - first get request bundle: N/A
[state-dump] - first wait request bundle: N/A
[state-dump] - first task request bundle: N/A
[state-dump] - num objects queued: 0
[state-dump] - num objects actively pulled (all): 0
[state-dump] - num objects actively pulled / pinned: 0
[state-dump] - num bundles being pulled: 0
[state-dump] - num pull retries: 0
[state-dump] - max timeout seconds: 0
[state-dump] - max timeout request is already processed. No entry.
[state-dump] 
[state-dump] WorkerPool:
[state-dump] - registered jobs: 1
[state-dump] - process_failed_job_config_missing: 0
[state-dump] - process_failed_rate_limited: 0
[state-dump] - process_failed_pending_registration: 0
[state-dump] - process_failed_runtime_env_setup_failed: 0
[state-dump] - num JAVA workers: 0
[state-dump] - num JAVA drivers: 0
[state-dump] - num object spill callbacks queued: 0
[state-dump] - num object restore queued: 0
[state-dump] - num util functions queued: 0
[state-dump] - num PYTHON workers: 17
[state-dump] - num PYTHON drivers: 1
[state-dump] - num object spill callbacks queued: 0
[state-dump] - num object restore queued: 0
[state-dump] - num util functions queued: 0
[state-dump] - num idle workers: 1
[state-dump] TaskDependencyManager:
[state-dump] - task deps map size: 0
[state-dump] - get req map size: 0
[state-dump] - wait req map size: 0
[state-dump] - local objects map size: 0
[state-dump] WaitManager:
[state-dump] - num active wait requests: 0
[state-dump] Subscriber:
[state-dump] Channel WORKER_REF_REMOVED_CHANNEL
[state-dump] - cumulative subscribe requests: 0
[state-dump] - cumulative unsubscribe requests: 0
[state-dump] - active subscribed publishers: 0
[state-dump] - cumulative published messages: 0
[state-dump] - cumulative processed messages: 0
[state-dump] Channel WORKER_OBJECT_EVICTION
[state-dump] - cumulative subscribe requests: 1
[state-dump] - cumulative unsubscribe requests: 1
[state-dump] - active subscribed publishers: 0
[state-dump] - cumulative published messages: 1
[state-dump] - cumulative processed messages: 1
[state-dump] Channel WORKER_OBJECT_LOCATIONS_CHANNEL
[state-dump] - cumulative subscribe requests: 5
[state-dump] - cumulative unsubscribe requests: 5
[state-dump] - active subscribed publishers: 0
[state-dump] - cumulative published messages: 2
[state-dump] - cumulative processed messages: 2
[state-dump] num async plasma notifications: 0
[state-dump] Remote node managers: 
[state-dump] Event stats:
[state-dump] Global stats: 161974 total (27 active)
[state-dump] Queueing time: mean = 4.535 ms, max = 41.724 s, min = -0.000 s, total = 734.583 s
[state-dump] Execution time:  mean = 18.010 us, total = 2.917 s
[state-dump] Event stats:
[state-dump] 	NodeManagerService.grpc_server.ReportWorkerBacklog - 43286 total (0 active), CPU time: mean = 24.054 us, total = 1.041 s
[state-dump] 	UNKNOWN - 27061 total (3 active), CPU time: mean = 1.888 us, total = 51.080 ms
[state-dump] 	ObjectManager.UpdateAvailableMemory - 24597 total (0 active), CPU time: mean = 451.626 ns, total = 11.109 ms
[state-dump] 	NodeManagerService.grpc_server.RequestResourceReport - 24404 total (0 active), CPU time: mean = 30.677 us, total = 748.639 ms
[state-dump] 	NodeManagerService.grpc_server.UpdateResourceUsage - 24403 total (0 active), CPU time: mean = 28.850 us, total = 704.031 ms
[state-dump] 	RayletWorkerPool.deadline_timer.kill_idle_workers - 12300 total (1 active), CPU time: mean = 4.173 us, total = 51.322 ms
[state-dump] 	NodeManagerService.grpc_server.GetResourceLoad - 2460 total (0 active), CPU time: mean = 28.149 us, total = 69.247 ms
[state-dump] 	NodeManager.deadline_timer.flush_free_objects - 2460 total (1 active), CPU time: mean = 2.499 us, total = 6.147 ms
[state-dump] 	ClientConnection.async_read.ReadBufferAsync - 328 total (18 active), CPU time: mean = 77.030 us, total = 25.266 ms
[state-dump] 	NodeManager.deadline_timer.debug_state_dump - 246 total (1 active), CPU time: mean = 370.167 us, total = 91.061 ms
[state-dump] 	NodeManager.deadline_timer.record_metrics - 164 total (1 active), CPU time: mean = 204.774 us, total = 33.583 ms
[state-dump] 	CoreWorkerService.grpc_client.LocalGC - 72 total (0 active), CPU time: mean = 8.934 us, total = 643.234 us
[state-dump] 	NodeManager.deadline_timer.print_event_loop_stats - 41 total (1 active, 1 running), CPU time: mean = 547.739 us, total = 22.457 ms
[state-dump] 	ObjectManager.ObjectAdded - 19 total (0 active), CPU time: mean = 22.134 us, total = 420.540 us
[state-dump] 	ObjectManager.ObjectDeleted - 19 total (0 active), CPU time: mean = 11.208 us, total = 212.953 us
[state-dump] 	NodeManagerService.grpc_server.GetSystemConfig - 18 total (0 active), CPU time: mean = 34.279 us, total = 617.027 us
[state-dump] 	ClientConnection.async_write.DoAsyncWrites - 18 total (0 active), CPU time: mean = 435.056 ns, total = 7.831 us
[state-dump] 	NodeManagerService.grpc_server.RequestWorkerLease - 17 total (0 active), CPU time: mean = 1.227 ms, total = 20.867 ms
[state-dump] 	CoreWorkerService.grpc_client.DirectActorCallArgWaitComplete - 16 total (0 active), CPU time: mean = 8.380 us, total = 134.072 us
[state-dump] 	PeriodicalRunner.RunFnPeriodically - 8 total (0 active), CPU time: mean = 273.916 us, total = 2.191 ms
[state-dump] 	CoreWorkerService.grpc_client.PubsubCommandBatch - 8 total (0 active), CPU time: mean = 58.221 us, total = 465.766 us
[state-dump] 	CoreWorkerService.grpc_client.PubsubLongPolling - 7 total (0 active), CPU time: mean = 147.979 us, total = 1.036 ms
[state-dump] 	InternalPubSubGcsService.grpc_client.GcsSubscriberPoll - 7 total (1 active), CPU time: mean = 56.334 us, total = 394.338 us
[state-dump] 	InternalPubSubGcsService.grpc_client.GcsSubscriberCommandBatch - 2 total (0 active), CPU time: mean = 59.350 us, total = 118.700 us
[state-dump] 	Subscriber.HandlePublishedMessage_WORKER_OBJECT_LOCATIONS_CHANNEL - 2 total (0 active), CPU time: mean = 24.247 us, total = 48.493 us
[state-dump] 	CoreWorkerService.grpc_client.UpdateObjectLocationBatch - 2 total (0 active), CPU time: mean = 18.242 us, total = 36.484 us
[state-dump] 	NodeInfoGcsService.grpc_client.GetAllNodeInfo - 1 total (0 active), CPU time: mean = 28.066 us, total = 28.066 us
[state-dump] 	Subscriber.HandlePublishedMessage_GCS_JOB_CHANNEL - 1 total (0 active), CPU time: mean = 47.159 us, total = 47.159 us
[state-dump] 	NodeInfoGcsService.grpc_client.GetInternalConfig - 1 total (0 active), CPU time: mean = 33.796 ms, total = 33.796 ms
[state-dump] 	JobInfoGcsService.grpc_client.GetAllJobInfo - 1 total (0 active), CPU time: mean = 343.023 us, total = 343.023 us
[state-dump] 	NodeInfoGcsService.grpc_client.RegisterNode - 1 total (0 active), CPU time: mean = 203.359 us, total = 203.359 us
[state-dump] 	AgentManagerService.grpc_server.RegisterAgent - 1 total (0 active), CPU time: mean = 194.419 us, total = 194.419 us
[state-dump] 	Subscriber.HandlePublishedMessage_WORKER_OBJECT_EVICTION - 1 total (0 active), CPU time: mean = 66.553 us, total = 66.553 us
[state-dump] 	JobInfoGcsService.grpc_client.AddJob - 1 total (0 active), CPU time: mean = 23.962 us, total = 23.962 us
[state-dump] 	NodeManagerService.grpc_server.PinObjectIDs - 1 total (0 active), CPU time: mean = 169.418 us, total = 169.418 us
[state-dump] DebugString() time ms: 0
[state-dump] 
[state-dump] 
[2026-01-30 14:44:31,365 I 3413275 3413375] (raylet) store.cc:551: ========== Plasma store: =================
Current usage: 0 / 200 GB
- num bytes created total: 7953630
0 pending objects of total size 0MB
- objects spillable: 0
- bytes spillable: 0
- objects unsealed: 0
- bytes unsealed: 0
- objects in use: 0
- bytes in use: 0
- objects evictable: 0
- bytes evictable: 0

- objects created by worker: 0
- bytes created by worker: 0
- objects restored: 0
- bytes restored: 0
- objects received: 0
- bytes received: 0
- objects errored: 0
- bytes errored: 0

[2026-01-30 14:44:31,405 I 3413275 3413275] (raylet) node_manager.cc:540: [state-dump] Event stats:
[state-dump] 
[state-dump] 
[state-dump] Global stats: 165938 total (27 active)
[state-dump] Queueing time: mean = 4.427 ms, max = 41.724 s, min = -0.000 s, total = 734.622 s
[state-dump] Execution time:  mean = 17.977 us, total = 2.983 s
[state-dump] Event stats:
[state-dump] 	NodeManagerService.grpc_server.ReportWorkerBacklog - 44366 total (0 active), CPU time: mean = 24.033 us, total = 1.066 s
[state-dump] 	UNKNOWN - 27721 total (3 active), CPU time: mean = 1.882 us, total = 52.170 ms
[state-dump] 	ObjectManager.UpdateAvailableMemory - 25197 total (0 active), CPU time: mean = 451.695 ns, total = 11.381 ms
[state-dump] 	NodeManagerService.grpc_server.RequestResourceReport - 25000 total (0 active), CPU time: mean = 30.632 us, total = 765.804 ms
[state-dump] 	NodeManagerService.grpc_server.UpdateResourceUsage - 25000 total (0 active), CPU time: mean = 28.804 us, total = 720.101 ms
[state-dump] 	RayletWorkerPool.deadline_timer.kill_idle_workers - 12600 total (1 active), CPU time: mean = 4.164 us, total = 52.461 ms
[state-dump] 	NodeManagerService.grpc_server.GetResourceLoad - 2520 total (0 active), CPU time: mean = 28.092 us, total = 70.791 ms
[state-dump] 	NodeManager.deadline_timer.flush_free_objects - 2520 total (1 active), CPU time: mean = 2.493 us, total = 6.283 ms
[state-dump] 	ClientConnection.async_read.ReadBufferAsync - 328 total (18 active), CPU time: mean = 77.030 us, total = 25.266 ms
[state-dump] 	NodeManager.deadline_timer.debug_state_dump - 252 total (1 active), CPU time: mean = 370.085 us, total = 93.261 ms
[state-dump] 	NodeManager.deadline_timer.record_metrics - 168 total (1 active), CPU time: mean = 204.337 us, total = 34.329 ms
[state-dump] 	CoreWorkerService.grpc_client.LocalGC - 72 total (0 active), CPU time: mean = 8.934 us, total = 643.234 us
[state-dump] 	NodeManager.deadline_timer.print_event_loop_stats - 42 total (1 active, 1 running), CPU time: mean = 546.636 us, total = 22.959 ms
[state-dump] 	ObjectManager.ObjectAdded - 19 total (0 active), CPU time: mean = 22.134 us, total = 420.540 us
[state-dump] 	ObjectManager.ObjectDeleted - 19 total (0 active), CPU time: mean = 11.208 us, total = 212.953 us
[state-dump] 	NodeManagerService.grpc_server.GetSystemConfig - 18 total (0 active), CPU time: mean = 34.279 us, total = 617.027 us
[state-dump] 	ClientConnection.async_write.DoAsyncWrites - 18 total (0 active), CPU time: mean = 435.056 ns, total = 7.831 us
[state-dump] 	NodeManagerService.grpc_server.RequestWorkerLease - 17 total (0 active), CPU time: mean = 1.227 ms, total = 20.867 ms
[state-dump] 	CoreWorkerService.grpc_client.DirectActorCallArgWaitComplete - 16 total (0 active), CPU time: mean = 8.380 us, total = 134.072 us
[state-dump] 	PeriodicalRunner.RunFnPeriodically - 8 total (0 active), CPU time: mean = 273.916 us, total = 2.191 ms
[state-dump] 	CoreWorkerService.grpc_client.PubsubCommandBatch - 8 total (0 active), CPU time: mean = 58.221 us, total = 465.766 us
[state-dump] 	CoreWorkerService.grpc_client.PubsubLongPolling - 7 total (0 active), CPU time: mean = 147.979 us, total = 1.036 ms
[state-dump] 	InternalPubSubGcsService.grpc_client.GcsSubscriberPoll - 7 total (1 active), CPU time: mean = 56.334 us, total = 394.338 us
[state-dump] 	InternalPubSubGcsService.grpc_client.GcsSubscriberCommandBatch - 2 total (0 active), CPU time: mean = 59.350 us, total = 118.700 us
[state-dump] 	Subscriber.HandlePublishedMessage_WORKER_OBJECT_LOCATIONS_CHANNEL - 2 total (0 active), CPU time: mean = 24.247 us, total = 48.493 us
[state-dump] 	CoreWorkerService.grpc_client.UpdateObjectLocationBatch - 2 total (0 active), CPU time: mean = 18.242 us, total = 36.484 us
[state-dump] 	NodeInfoGcsService.grpc_client.GetAllNodeInfo - 1 total (0 active), CPU time: mean = 28.066 us, total = 28.066 us
[state-dump] 	Subscriber.HandlePublishedMessage_GCS_JOB_CHANNEL - 1 total (0 active), CPU time: mean = 47.159 us, total = 47.159 us
[state-dump] 	NodeInfoGcsService.grpc_client.GetInternalConfig - 1 total (0 active), CPU time: mean = 33.796 ms, total = 33.796 ms
[state-dump] 	JobInfoGcsService.grpc_client.GetAllJobInfo - 1 total (0 active), CPU time: mean = 343.023 us, total = 343.023 us
[state-dump] 	NodeInfoGcsService.grpc_client.RegisterNode - 1 total (0 active), CPU time: mean = 203.359 us, total = 203.359 us
[state-dump] 	AgentManagerService.grpc_server.RegisterAgent - 1 total (0 active), CPU time: mean = 194.419 us, total = 194.419 us
[state-dump] 	Subscriber.HandlePublishedMessage_WORKER_OBJECT_EVICTION - 1 total (0 active), CPU time: mean = 66.553 us, total = 66.553 us
[state-dump] 	JobInfoGcsService.grpc_client.AddJob - 1 total (0 active), CPU time: mean = 23.962 us, total = 23.962 us
[state-dump] 	NodeManagerService.grpc_server.PinObjectIDs - 1 total (0 active), CPU time: mean = 169.418 us, total = 169.418 us
[state-dump] 
[state-dump] NodeManager:
[state-dump] Node ID: 435ff685d8e66afce15860cd5b4687480235848d386ffa5d5547bd3d
[state-dump] Node name: 10.137.21.59
[state-dump] InitialConfigResources: {memory: 8135216732160000, GPU: 20000, node:10.137.21.59: 10000, CPU: 170000, object_store_memory: 2000000000000000, accelerator_type:H100: 10000}
[state-dump] ClusterTaskManager:
[state-dump] ========== Node: 435ff685d8e66afce15860cd5b4687480235848d386ffa5d5547bd3d =================
[state-dump] Infeasible queue length: 1
[state-dump] Schedule queue length: 0
[state-dump] Dispatch queue length: 0
[state-dump] num_waiting_for_resource: 0
[state-dump] num_waiting_for_plasma_memory: 0
[state-dump] num_waiting_for_remote_node_resources: 0
[state-dump] num_worker_not_started_by_job_config_not_exist: 0
[state-dump] num_worker_not_started_by_registration_timeout: 0
[state-dump] num_tasks_waiting_for_workers: 0
[state-dump] num_cancelled_tasks: 0
[state-dump] cluster_resource_scheduler state: 
[state-dump] Local id: -8058881002343059789 Local resources: {node:10.137.21.59: [10000]/[10000], CPU: [10000]/[170000], object_store_memory: [2000000000000000]/[2000000000000000], memory: [8135216732160000]/[8135216732160000], GPU: [10000, 10000]/[10000, 10000], accelerator_type:H100: [10000]/[10000]}node id: -8058881002343059789{node:10.137.21.59: 10000/10000, CPU: 10000/170000, object_store_memory: 2000000000000000/2000000000000000, memory: 8135216732160000/8135216732160000, GPU: 20000/20000, accelerator_type:H100: 10000/10000}{ "placment group locations": [], "node to bundles": []}
[state-dump] Waiting tasks size: 0
[state-dump] Number of executing tasks: 0
[state-dump] Number of pinned task arguments: 0
[state-dump] Number of total spilled tasks: 0
[state-dump] Number of spilled waiting tasks: 0
[state-dump] Number of spilled unschedulable tasks: 0
[state-dump] Resource usage {
[state-dump]     - (language=PYTHON actor_or_task=RolloutWorker.__init__ pid=3414093): {CPU: 1.000000}
[state-dump]     - (language=PYTHON actor_or_task=RolloutWorker.__init__ pid=3414092): {CPU: 1.000000}
[state-dump]     - (language=PYTHON actor_or_task=RolloutWorker.__init__ pid=3414084): {CPU: 1.000000}
[state-dump]     - (language=PYTHON actor_or_task=RolloutWorker.__init__ pid=3414091): {CPU: 1.000000}
[state-dump]     - (language=PYTHON actor_or_task=RolloutWorker.__init__ pid=3414089): {CPU: 1.000000}
[state-dump]     - (language=PYTHON actor_or_task=RolloutWorker.__init__ pid=3414085): {CPU: 1.000000}
[state-dump]     - (language=PYTHON actor_or_task=RolloutWorker.__init__ pid=3414094): {CPU: 1.000000}
[state-dump]     - (language=PYTHON actor_or_task=RolloutWorker.__init__ pid=3414083): {CPU: 1.000000}
[state-dump]     - (language=PYTHON actor_or_task=RolloutWorker.__init__ pid=3414088): {CPU: 1.000000}
[state-dump]     - (language=PYTHON actor_or_task=RolloutWorker.__init__ pid=3414080): {CPU: 1.000000}
[state-dump]     - (language=PYTHON actor_or_task=RolloutWorker.__init__ pid=3414095): {CPU: 1.000000}
[state-dump]     - (language=PYTHON actor_or_task=RolloutWorker.__init__ pid=3414081): {CPU: 1.000000}
[state-dump]     - (language=PYTHON actor_or_task=RolloutWorker.__init__ pid=3414082): {CPU: 1.000000}
[state-dump]     - (language=PYTHON actor_or_task=RolloutWorker.__init__ pid=3414087): {CPU: 1.000000}
[state-dump]     - (language=PYTHON actor_or_task=RolloutWorker.__init__ pid=3414086): {CPU: 1.000000}
[state-dump]     - (language=PYTHON actor_or_task=RolloutWorker.__init__ pid=3414090): {CPU: 1.000000}
[state-dump] }
[state-dump] Running tasks by scheduling class:
[state-dump] ==================================================
[state-dump] 
[state-dump] ClusterResources:
[state-dump] LocalObjectManager:
[state-dump] - num pinned objects: 0
[state-dump] - pinned objects size: 0
[state-dump] - num objects pending restore: 0
[state-dump] - num objects pending spill: 0
[state-dump] - num bytes pending spill: 0
[state-dump] - num bytes currently spilled: 0
[state-dump] - cumulative spill requests: 0
[state-dump] - cumulative restore requests: 0
[state-dump] - spilled objects pending delete: 0
[state-dump] 
[state-dump] ObjectManager:
[state-dump] - num local objects: 0
[state-dump] - num unfulfilled push requests: 0
[state-dump] - num object pull requests: 0
[state-dump] - num chunks received total: 0
[state-dump] - num chunks received failed (all): 0
[state-dump] - num chunks received failed / cancelled: 0
[state-dump] - num chunks received failed / plasma error: 0
[state-dump] Event stats:
[state-dump] Global stats: 1 total (0 active)
[state-dump] Queueing time: mean = 25.771 us, max = 25.771 us, min = 25.771 us, total = 25.771 us
[state-dump] Execution time:  mean = 5.425 us, total = 5.425 us
[state-dump] Event stats:
[state-dump] 	ObjectManager.FreeObjects - 1 total (0 active), CPU time: mean = 5.425 us, total = 5.425 us
[state-dump] PushManager:
[state-dump] - num pushes in flight: 0
[state-dump] - num chunks in flight: 0
[state-dump] - num chunks remaining: 0
[state-dump] - max chunks allowed: 409
[state-dump] OwnershipBasedObjectDirectory:
[state-dump] - num listeners: 0
[state-dump] - cumulative location updates: 2
[state-dump] - num location updates per second: 0.000
[state-dump] - num location lookups per second: 0.000
[state-dump] - num locations added per second: 0.000
[state-dump] - num locations removed per second: 0.000
[state-dump] BufferPool:
[state-dump] - create buffer state map size: 0
[state-dump] PullManager:
[state-dump] - num bytes available for pulled objects: 200000000000
[state-dump] - num bytes being pulled (all): 0
[state-dump] - num bytes being pulled / pinned: 0
[state-dump] - get request bundles: BundlePullRequestQueue{0 total, 0 active, 0 inactive, 0 unpullable}
[state-dump] - wait request bundles: BundlePullRequestQueue{0 total, 0 active, 0 inactive, 0 unpullable}
[state-dump] - task request bundles: BundlePullRequestQueue{0 total, 0 active, 0 inactive, 0 unpullable}
[state-dump] - first get request bundle: N/A
[state-dump] - first wait request bundle: N/A
[state-dump] - first task request bundle: N/A
[state-dump] - num objects queued: 0
[state-dump] - num objects actively pulled (all): 0
[state-dump] - num objects actively pulled / pinned: 0
[state-dump] - num bundles being pulled: 0
[state-dump] - num pull retries: 0
[state-dump] - max timeout seconds: 0
[state-dump] - max timeout request is already processed. No entry.
[state-dump] 
[state-dump] WorkerPool:
[state-dump] - registered jobs: 1
[state-dump] - process_failed_job_config_missing: 0
[state-dump] - process_failed_rate_limited: 0
[state-dump] - process_failed_pending_registration: 0
[state-dump] - process_failed_runtime_env_setup_failed: 0
[state-dump] - num JAVA workers: 0
[state-dump] - num JAVA drivers: 0
[state-dump] - num object spill callbacks queued: 0
[state-dump] - num object restore queued: 0
[state-dump] - num util functions queued: 0
[state-dump] - num PYTHON workers: 17
[state-dump] - num PYTHON drivers: 1
[state-dump] - num object spill callbacks queued: 0
[state-dump] - num object restore queued: 0
[state-dump] - num util functions queued: 0
[state-dump] - num idle workers: 1
[state-dump] TaskDependencyManager:
[state-dump] - task deps map size: 0
[state-dump] - get req map size: 0
[state-dump] - wait req map size: 0
[state-dump] - local objects map size: 0
[state-dump] WaitManager:
[state-dump] - num active wait requests: 0
[state-dump] Subscriber:
[state-dump] Channel WORKER_REF_REMOVED_CHANNEL
[state-dump] - cumulative subscribe requests: 0
[state-dump] - cumulative unsubscribe requests: 0
[state-dump] - active subscribed publishers: 0
[state-dump] - cumulative published messages: 0
[state-dump] - cumulative processed messages: 0
[state-dump] Channel WORKER_OBJECT_EVICTION
[state-dump] - cumulative subscribe requests: 1
[state-dump] - cumulative unsubscribe requests: 1
[state-dump] - active subscribed publishers: 0
[state-dump] - cumulative published messages: 1
[state-dump] - cumulative processed messages: 1
[state-dump] Channel WORKER_OBJECT_LOCATIONS_CHANNEL
[state-dump] - cumulative subscribe requests: 5
[state-dump] - cumulative unsubscribe requests: 5
[state-dump] - active subscribed publishers: 0
[state-dump] - cumulative published messages: 2
[state-dump] - cumulative processed messages: 2
[state-dump] num async plasma notifications: 0
[state-dump] Remote node managers: 
[state-dump] Event stats:
[state-dump] Global stats: 165938 total (27 active)
[state-dump] Queueing time: mean = 4.427 ms, max = 41.724 s, min = -0.000 s, total = 734.622 s
[state-dump] Execution time:  mean = 17.977 us, total = 2.983 s
[state-dump] Event stats:
[state-dump] 	NodeManagerService.grpc_server.ReportWorkerBacklog - 44366 total (0 active), CPU time: mean = 24.033 us, total = 1.066 s
[state-dump] 	UNKNOWN - 27721 total (3 active), CPU time: mean = 1.882 us, total = 52.170 ms
[state-dump] 	ObjectManager.UpdateAvailableMemory - 25197 total (0 active), CPU time: mean = 451.695 ns, total = 11.381 ms
[state-dump] 	NodeManagerService.grpc_server.RequestResourceReport - 25000 total (0 active), CPU time: mean = 30.632 us, total = 765.804 ms
[state-dump] 	NodeManagerService.grpc_server.UpdateResourceUsage - 25000 total (0 active), CPU time: mean = 28.804 us, total = 720.101 ms
[state-dump] 	RayletWorkerPool.deadline_timer.kill_idle_workers - 12600 total (1 active), CPU time: mean = 4.164 us, total = 52.461 ms
[state-dump] 	NodeManagerService.grpc_server.GetResourceLoad - 2520 total (0 active), CPU time: mean = 28.092 us, total = 70.791 ms
[state-dump] 	NodeManager.deadline_timer.flush_free_objects - 2520 total (1 active), CPU time: mean = 2.493 us, total = 6.283 ms
[state-dump] 	ClientConnection.async_read.ReadBufferAsync - 328 total (18 active), CPU time: mean = 77.030 us, total = 25.266 ms
[state-dump] 	NodeManager.deadline_timer.debug_state_dump - 252 total (1 active), CPU time: mean = 370.085 us, total = 93.261 ms
[state-dump] 	NodeManager.deadline_timer.record_metrics - 168 total (1 active), CPU time: mean = 204.337 us, total = 34.329 ms
[state-dump] 	CoreWorkerService.grpc_client.LocalGC - 72 total (0 active), CPU time: mean = 8.934 us, total = 643.234 us
[state-dump] 	NodeManager.deadline_timer.print_event_loop_stats - 42 total (1 active, 1 running), CPU time: mean = 546.636 us, total = 22.959 ms
[state-dump] 	ObjectManager.ObjectAdded - 19 total (0 active), CPU time: mean = 22.134 us, total = 420.540 us
[state-dump] 	ObjectManager.ObjectDeleted - 19 total (0 active), CPU time: mean = 11.208 us, total = 212.953 us
[state-dump] 	NodeManagerService.grpc_server.GetSystemConfig - 18 total (0 active), CPU time: mean = 34.279 us, total = 617.027 us
[state-dump] 	ClientConnection.async_write.DoAsyncWrites - 18 total (0 active), CPU time: mean = 435.056 ns, total = 7.831 us
[state-dump] 	NodeManagerService.grpc_server.RequestWorkerLease - 17 total (0 active), CPU time: mean = 1.227 ms, total = 20.867 ms
[state-dump] 	CoreWorkerService.grpc_client.DirectActorCallArgWaitComplete - 16 total (0 active), CPU time: mean = 8.380 us, total = 134.072 us
[state-dump] 	PeriodicalRunner.RunFnPeriodically - 8 total (0 active), CPU time: mean = 273.916 us, total = 2.191 ms
[state-dump] 	CoreWorkerService.grpc_client.PubsubCommandBatch - 8 total (0 active), CPU time: mean = 58.221 us, total = 465.766 us
[state-dump] 	CoreWorkerService.grpc_client.PubsubLongPolling - 7 total (0 active), CPU time: mean = 147.979 us, total = 1.036 ms
[state-dump] 	InternalPubSubGcsService.grpc_client.GcsSubscriberPoll - 7 total (1 active), CPU time: mean = 56.334 us, total = 394.338 us
[state-dump] 	InternalPubSubGcsService.grpc_client.GcsSubscriberCommandBatch - 2 total (0 active), CPU time: mean = 59.350 us, total = 118.700 us
[state-dump] 	Subscriber.HandlePublishedMessage_WORKER_OBJECT_LOCATIONS_CHANNEL - 2 total (0 active), CPU time: mean = 24.247 us, total = 48.493 us
[state-dump] 	CoreWorkerService.grpc_client.UpdateObjectLocationBatch - 2 total (0 active), CPU time: mean = 18.242 us, total = 36.484 us
[state-dump] 	NodeInfoGcsService.grpc_client.GetAllNodeInfo - 1 total (0 active), CPU time: mean = 28.066 us, total = 28.066 us
[state-dump] 	Subscriber.HandlePublishedMessage_GCS_JOB_CHANNEL - 1 total (0 active), CPU time: mean = 47.159 us, total = 47.159 us
[state-dump] 	NodeInfoGcsService.grpc_client.GetInternalConfig - 1 total (0 active), CPU time: mean = 33.796 ms, total = 33.796 ms
[state-dump] 	JobInfoGcsService.grpc_client.GetAllJobInfo - 1 total (0 active), CPU time: mean = 343.023 us, total = 343.023 us
[state-dump] 	NodeInfoGcsService.grpc_client.RegisterNode - 1 total (0 active), CPU time: mean = 203.359 us, total = 203.359 us
[state-dump] 	AgentManagerService.grpc_server.RegisterAgent - 1 total (0 active), CPU time: mean = 194.419 us, total = 194.419 us
[state-dump] 	Subscriber.HandlePublishedMessage_WORKER_OBJECT_EVICTION - 1 total (0 active), CPU time: mean = 66.553 us, total = 66.553 us
[state-dump] 	JobInfoGcsService.grpc_client.AddJob - 1 total (0 active), CPU time: mean = 23.962 us, total = 23.962 us
[state-dump] 	NodeManagerService.grpc_server.PinObjectIDs - 1 total (0 active), CPU time: mean = 169.418 us, total = 169.418 us
[state-dump] DebugString() time ms: 1
[state-dump] 
[state-dump] 
[2026-01-30 14:45:31,365 I 3413275 3413375] (raylet) store.cc:551: ========== Plasma store: =================
Current usage: 0 / 200 GB
- num bytes created total: 7953630
0 pending objects of total size 0MB
- objects spillable: 0
- bytes spillable: 0
- objects unsealed: 0
- bytes unsealed: 0
- objects in use: 0
- bytes in use: 0
- objects evictable: 0
- bytes evictable: 0

- objects created by worker: 0
- bytes created by worker: 0
- objects restored: 0
- bytes restored: 0
- objects received: 0
- bytes received: 0
- objects errored: 0
- bytes errored: 0

[2026-01-30 14:45:31,405 I 3413275 3413275] (raylet) node_manager.cc:540: [state-dump] Event stats:
[state-dump] 
[state-dump] 
[state-dump] Global stats: 169901 total (27 active)
[state-dump] Queueing time: mean = 4.324 ms, max = 41.724 s, min = -0.000 s, total = 734.661 s
[state-dump] Execution time:  mean = 17.933 us, total = 3.047 s
[state-dump] Event stats:
[state-dump] 	NodeManagerService.grpc_server.ReportWorkerBacklog - 45446 total (0 active), CPU time: mean = 24.005 us, total = 1.091 s
[state-dump] 	UNKNOWN - 28381 total (3 active), CPU time: mean = 1.872 us, total = 53.118 ms
[state-dump] 	ObjectManager.UpdateAvailableMemory - 25797 total (0 active), CPU time: mean = 449.871 ns, total = 11.605 ms
[state-dump] 	NodeManagerService.grpc_server.RequestResourceReport - 25596 total (0 active), CPU time: mean = 30.563 us, total = 782.295 ms
[state-dump] 	NodeManagerService.grpc_server.UpdateResourceUsage - 25596 total (0 active), CPU time: mean = 28.725 us, total = 735.239 ms
[state-dump] 	RayletWorkerPool.deadline_timer.kill_idle_workers - 12900 total (1 active), CPU time: mean = 4.148 us, total = 53.505 ms
[state-dump] 	NodeManagerService.grpc_server.GetResourceLoad - 2580 total (0 active), CPU time: mean = 28.027 us, total = 72.310 ms
[state-dump] 	NodeManager.deadline_timer.flush_free_objects - 2580 total (1 active), CPU time: mean = 2.488 us, total = 6.419 ms
[state-dump] 	ClientConnection.async_read.ReadBufferAsync - 328 total (18 active), CPU time: mean = 77.030 us, total = 25.266 ms
[state-dump] 	NodeManager.deadline_timer.debug_state_dump - 258 total (1 active), CPU time: mean = 369.770 us, total = 95.401 ms
[state-dump] 	NodeManager.deadline_timer.record_metrics - 172 total (1 active), CPU time: mean = 204.277 us, total = 35.136 ms
[state-dump] 	CoreWorkerService.grpc_client.LocalGC - 72 total (0 active), CPU time: mean = 8.934 us, total = 643.234 us
[state-dump] 	NodeManager.deadline_timer.print_event_loop_stats - 43 total (1 active, 1 running), CPU time: mean = 546.371 us, total = 23.494 ms
[state-dump] 	ObjectManager.ObjectAdded - 19 total (0 active), CPU time: mean = 22.134 us, total = 420.540 us
[state-dump] 	ObjectManager.ObjectDeleted - 19 total (0 active), CPU time: mean = 11.208 us, total = 212.953 us
[state-dump] 	NodeManagerService.grpc_server.GetSystemConfig - 18 total (0 active), CPU time: mean = 34.279 us, total = 617.027 us
[state-dump] 	ClientConnection.async_write.DoAsyncWrites - 18 total (0 active), CPU time: mean = 435.056 ns, total = 7.831 us
[state-dump] 	NodeManagerService.grpc_server.RequestWorkerLease - 17 total (0 active), CPU time: mean = 1.227 ms, total = 20.867 ms
[state-dump] 	CoreWorkerService.grpc_client.DirectActorCallArgWaitComplete - 16 total (0 active), CPU time: mean = 8.380 us, total = 134.072 us
[state-dump] 	PeriodicalRunner.RunFnPeriodically - 8 total (0 active), CPU time: mean = 273.916 us, total = 2.191 ms
[state-dump] 	CoreWorkerService.grpc_client.PubsubCommandBatch - 8 total (0 active), CPU time: mean = 58.221 us, total = 465.766 us
[state-dump] 	CoreWorkerService.grpc_client.PubsubLongPolling - 7 total (0 active), CPU time: mean = 147.979 us, total = 1.036 ms
[state-dump] 	InternalPubSubGcsService.grpc_client.GcsSubscriberPoll - 7 total (1 active), CPU time: mean = 56.334 us, total = 394.338 us
[state-dump] 	InternalPubSubGcsService.grpc_client.GcsSubscriberCommandBatch - 2 total (0 active), CPU time: mean = 59.350 us, total = 118.700 us
[state-dump] 	Subscriber.HandlePublishedMessage_WORKER_OBJECT_LOCATIONS_CHANNEL - 2 total (0 active), CPU time: mean = 24.247 us, total = 48.493 us
[state-dump] 	CoreWorkerService.grpc_client.UpdateObjectLocationBatch - 2 total (0 active), CPU time: mean = 18.242 us, total = 36.484 us
[state-dump] 	NodeInfoGcsService.grpc_client.GetAllNodeInfo - 1 total (0 active), CPU time: mean = 28.066 us, total = 28.066 us
[state-dump] 	Subscriber.HandlePublishedMessage_GCS_JOB_CHANNEL - 1 total (0 active), CPU time: mean = 47.159 us, total = 47.159 us
[state-dump] 	NodeInfoGcsService.grpc_client.GetInternalConfig - 1 total (0 active), CPU time: mean = 33.796 ms, total = 33.796 ms
[state-dump] 	JobInfoGcsService.grpc_client.GetAllJobInfo - 1 total (0 active), CPU time: mean = 343.023 us, total = 343.023 us
[state-dump] 	NodeInfoGcsService.grpc_client.RegisterNode - 1 total (0 active), CPU time: mean = 203.359 us, total = 203.359 us
[state-dump] 	AgentManagerService.grpc_server.RegisterAgent - 1 total (0 active), CPU time: mean = 194.419 us, total = 194.419 us
[state-dump] 	Subscriber.HandlePublishedMessage_WORKER_OBJECT_EVICTION - 1 total (0 active), CPU time: mean = 66.553 us, total = 66.553 us
[state-dump] 	JobInfoGcsService.grpc_client.AddJob - 1 total (0 active), CPU time: mean = 23.962 us, total = 23.962 us
[state-dump] 	NodeManagerService.grpc_server.PinObjectIDs - 1 total (0 active), CPU time: mean = 169.418 us, total = 169.418 us
[state-dump] 
[state-dump] NodeManager:
[state-dump] Node ID: 435ff685d8e66afce15860cd5b4687480235848d386ffa5d5547bd3d
[state-dump] Node name: 10.137.21.59
[state-dump] InitialConfigResources: {memory: 8135216732160000, GPU: 20000, node:10.137.21.59: 10000, CPU: 170000, object_store_memory: 2000000000000000, accelerator_type:H100: 10000}
[state-dump] ClusterTaskManager:
[state-dump] ========== Node: 435ff685d8e66afce15860cd5b4687480235848d386ffa5d5547bd3d =================
[state-dump] Infeasible queue length: 1
[state-dump] Schedule queue length: 0
[state-dump] Dispatch queue length: 0
[state-dump] num_waiting_for_resource: 0
[state-dump] num_waiting_for_plasma_memory: 0
[state-dump] num_waiting_for_remote_node_resources: 0
[state-dump] num_worker_not_started_by_job_config_not_exist: 0
[state-dump] num_worker_not_started_by_registration_timeout: 0
[state-dump] num_tasks_waiting_for_workers: 0
[state-dump] num_cancelled_tasks: 0
[state-dump] cluster_resource_scheduler state: 
[state-dump] Local id: -8058881002343059789 Local resources: {node:10.137.21.59: [10000]/[10000], CPU: [10000]/[170000], object_store_memory: [2000000000000000]/[2000000000000000], memory: [8135216732160000]/[8135216732160000], GPU: [10000, 10000]/[10000, 10000], accelerator_type:H100: [10000]/[10000]}node id: -8058881002343059789{node:10.137.21.59: 10000/10000, CPU: 10000/170000, object_store_memory: 2000000000000000/2000000000000000, memory: 8135216732160000/8135216732160000, GPU: 20000/20000, accelerator_type:H100: 10000/10000}{ "placment group locations": [], "node to bundles": []}
[state-dump] Waiting tasks size: 0
[state-dump] Number of executing tasks: 0
[state-dump] Number of pinned task arguments: 0
[state-dump] Number of total spilled tasks: 0
[state-dump] Number of spilled waiting tasks: 0
[state-dump] Number of spilled unschedulable tasks: 0
[state-dump] Resource usage {
[state-dump]     - (language=PYTHON actor_or_task=RolloutWorker.__init__ pid=3414093): {CPU: 1.000000}
[state-dump]     - (language=PYTHON actor_or_task=RolloutWorker.__init__ pid=3414092): {CPU: 1.000000}
[state-dump]     - (language=PYTHON actor_or_task=RolloutWorker.__init__ pid=3414084): {CPU: 1.000000}
[state-dump]     - (language=PYTHON actor_or_task=RolloutWorker.__init__ pid=3414091): {CPU: 1.000000}
[state-dump]     - (language=PYTHON actor_or_task=RolloutWorker.__init__ pid=3414089): {CPU: 1.000000}
[state-dump]     - (language=PYTHON actor_or_task=RolloutWorker.__init__ pid=3414085): {CPU: 1.000000}
[state-dump]     - (language=PYTHON actor_or_task=RolloutWorker.__init__ pid=3414094): {CPU: 1.000000}
[state-dump]     - (language=PYTHON actor_or_task=RolloutWorker.__init__ pid=3414083): {CPU: 1.000000}
[state-dump]     - (language=PYTHON actor_or_task=RolloutWorker.__init__ pid=3414088): {CPU: 1.000000}
[state-dump]     - (language=PYTHON actor_or_task=RolloutWorker.__init__ pid=3414080): {CPU: 1.000000}
[state-dump]     - (language=PYTHON actor_or_task=RolloutWorker.__init__ pid=3414095): {CPU: 1.000000}
[state-dump]     - (language=PYTHON actor_or_task=RolloutWorker.__init__ pid=3414081): {CPU: 1.000000}
[state-dump]     - (language=PYTHON actor_or_task=RolloutWorker.__init__ pid=3414082): {CPU: 1.000000}
[state-dump]     - (language=PYTHON actor_or_task=RolloutWorker.__init__ pid=3414087): {CPU: 1.000000}
[state-dump]     - (language=PYTHON actor_or_task=RolloutWorker.__init__ pid=3414086): {CPU: 1.000000}
[state-dump]     - (language=PYTHON actor_or_task=RolloutWorker.__init__ pid=3414090): {CPU: 1.000000}
[state-dump] }
[state-dump] Running tasks by scheduling class:
[state-dump] ==================================================
[state-dump] 
[state-dump] ClusterResources:
[state-dump] LocalObjectManager:
[state-dump] - num pinned objects: 0
[state-dump] - pinned objects size: 0
[state-dump] - num objects pending restore: 0
[state-dump] - num objects pending spill: 0
[state-dump] - num bytes pending spill: 0
[state-dump] - num bytes currently spilled: 0
[state-dump] - cumulative spill requests: 0
[state-dump] - cumulative restore requests: 0
[state-dump] - spilled objects pending delete: 0
[state-dump] 
[state-dump] ObjectManager:
[state-dump] - num local objects: 0
[state-dump] - num unfulfilled push requests: 0
[state-dump] - num object pull requests: 0
[state-dump] - num chunks received total: 0
[state-dump] - num chunks received failed (all): 0
[state-dump] - num chunks received failed / cancelled: 0
[state-dump] - num chunks received failed / plasma error: 0
[state-dump] Event stats:
[state-dump] Global stats: 1 total (0 active)
[state-dump] Queueing time: mean = 25.771 us, max = 25.771 us, min = 25.771 us, total = 25.771 us
[state-dump] Execution time:  mean = 5.425 us, total = 5.425 us
[state-dump] Event stats:
[state-dump] 	ObjectManager.FreeObjects - 1 total (0 active), CPU time: mean = 5.425 us, total = 5.425 us
[state-dump] PushManager:
[state-dump] - num pushes in flight: 0
[state-dump] - num chunks in flight: 0
[state-dump] - num chunks remaining: 0
[state-dump] - max chunks allowed: 409
[state-dump] OwnershipBasedObjectDirectory:
[state-dump] - num listeners: 0
[state-dump] - cumulative location updates: 2
[state-dump] - num location updates per second: 0.000
[state-dump] - num location lookups per second: 0.000
[state-dump] - num locations added per second: 0.000
[state-dump] - num locations removed per second: 0.000
[state-dump] BufferPool:
[state-dump] - create buffer state map size: 0
[state-dump] PullManager:
[state-dump] - num bytes available for pulled objects: 200000000000
[state-dump] - num bytes being pulled (all): 0
[state-dump] - num bytes being pulled / pinned: 0
[state-dump] - get request bundles: BundlePullRequestQueue{0 total, 0 active, 0 inactive, 0 unpullable}
[state-dump] - wait request bundles: BundlePullRequestQueue{0 total, 0 active, 0 inactive, 0 unpullable}
[state-dump] - task request bundles: BundlePullRequestQueue{0 total, 0 active, 0 inactive, 0 unpullable}
[state-dump] - first get request bundle: N/A
[state-dump] - first wait request bundle: N/A
[state-dump] - first task request bundle: N/A
[state-dump] - num objects queued: 0
[state-dump] - num objects actively pulled (all): 0
[state-dump] - num objects actively pulled / pinned: 0
[state-dump] - num bundles being pulled: 0
[state-dump] - num pull retries: 0
[state-dump] - max timeout seconds: 0
[state-dump] - max timeout request is already processed. No entry.
[state-dump] 
[state-dump] WorkerPool:
[state-dump] - registered jobs: 1
[state-dump] - process_failed_job_config_missing: 0
[state-dump] - process_failed_rate_limited: 0
[state-dump] - process_failed_pending_registration: 0
[state-dump] - process_failed_runtime_env_setup_failed: 0
[state-dump] - num JAVA workers: 0
[state-dump] - num JAVA drivers: 0
[state-dump] - num object spill callbacks queued: 0
[state-dump] - num object restore queued: 0
[state-dump] - num util functions queued: 0
[state-dump] - num PYTHON workers: 17
[state-dump] - num PYTHON drivers: 1
[state-dump] - num object spill callbacks queued: 0
[state-dump] - num object restore queued: 0
[state-dump] - num util functions queued: 0
[state-dump] - num idle workers: 1
[state-dump] TaskDependencyManager:
[state-dump] - task deps map size: 0
[state-dump] - get req map size: 0
[state-dump] - wait req map size: 0
[state-dump] - local objects map size: 0
[state-dump] WaitManager:
[state-dump] - num active wait requests: 0
[state-dump] Subscriber:
[state-dump] Channel WORKER_REF_REMOVED_CHANNEL
[state-dump] - cumulative subscribe requests: 0
[state-dump] - cumulative unsubscribe requests: 0
[state-dump] - active subscribed publishers: 0
[state-dump] - cumulative published messages: 0
[state-dump] - cumulative processed messages: 0
[state-dump] Channel WORKER_OBJECT_EVICTION
[state-dump] - cumulative subscribe requests: 1
[state-dump] - cumulative unsubscribe requests: 1
[state-dump] - active subscribed publishers: 0
[state-dump] - cumulative published messages: 1
[state-dump] - cumulative processed messages: 1
[state-dump] Channel WORKER_OBJECT_LOCATIONS_CHANNEL
[state-dump] - cumulative subscribe requests: 5
[state-dump] - cumulative unsubscribe requests: 5
[state-dump] - active subscribed publishers: 0
[state-dump] - cumulative published messages: 2
[state-dump] - cumulative processed messages: 2
[state-dump] num async plasma notifications: 0
[state-dump] Remote node managers: 
[state-dump] Event stats:
[state-dump] Global stats: 169901 total (27 active)
[state-dump] Queueing time: mean = 4.324 ms, max = 41.724 s, min = -0.000 s, total = 734.661 s
[state-dump] Execution time:  mean = 17.933 us, total = 3.047 s
[state-dump] Event stats:
[state-dump] 	NodeManagerService.grpc_server.ReportWorkerBacklog - 45446 total (0 active), CPU time: mean = 24.005 us, total = 1.091 s
[state-dump] 	UNKNOWN - 28381 total (3 active), CPU time: mean = 1.872 us, total = 53.118 ms
[state-dump] 	ObjectManager.UpdateAvailableMemory - 25797 total (0 active), CPU time: mean = 449.871 ns, total = 11.605 ms
[state-dump] 	NodeManagerService.grpc_server.RequestResourceReport - 25596 total (0 active), CPU time: mean = 30.563 us, total = 782.295 ms
[state-dump] 	NodeManagerService.grpc_server.UpdateResourceUsage - 25596 total (0 active), CPU time: mean = 28.725 us, total = 735.239 ms
[state-dump] 	RayletWorkerPool.deadline_timer.kill_idle_workers - 12900 total (1 active), CPU time: mean = 4.148 us, total = 53.505 ms
[state-dump] 	NodeManagerService.grpc_server.GetResourceLoad - 2580 total (0 active), CPU time: mean = 28.027 us, total = 72.310 ms
[state-dump] 	NodeManager.deadline_timer.flush_free_objects - 2580 total (1 active), CPU time: mean = 2.488 us, total = 6.419 ms
[state-dump] 	ClientConnection.async_read.ReadBufferAsync - 328 total (18 active), CPU time: mean = 77.030 us, total = 25.266 ms
[state-dump] 	NodeManager.deadline_timer.debug_state_dump - 258 total (1 active), CPU time: mean = 369.770 us, total = 95.401 ms
[state-dump] 	NodeManager.deadline_timer.record_metrics - 172 total (1 active), CPU time: mean = 204.277 us, total = 35.136 ms
[state-dump] 	CoreWorkerService.grpc_client.LocalGC - 72 total (0 active), CPU time: mean = 8.934 us, total = 643.234 us
[state-dump] 	NodeManager.deadline_timer.print_event_loop_stats - 43 total (1 active, 1 running), CPU time: mean = 546.371 us, total = 23.494 ms
[state-dump] 	ObjectManager.ObjectAdded - 19 total (0 active), CPU time: mean = 22.134 us, total = 420.540 us
[state-dump] 	ObjectManager.ObjectDeleted - 19 total (0 active), CPU time: mean = 11.208 us, total = 212.953 us
[state-dump] 	NodeManagerService.grpc_server.GetSystemConfig - 18 total (0 active), CPU time: mean = 34.279 us, total = 617.027 us
[state-dump] 	ClientConnection.async_write.DoAsyncWrites - 18 total (0 active), CPU time: mean = 435.056 ns, total = 7.831 us
[state-dump] 	NodeManagerService.grpc_server.RequestWorkerLease - 17 total (0 active), CPU time: mean = 1.227 ms, total = 20.867 ms
[state-dump] 	CoreWorkerService.grpc_client.DirectActorCallArgWaitComplete - 16 total (0 active), CPU time: mean = 8.380 us, total = 134.072 us
[state-dump] 	PeriodicalRunner.RunFnPeriodically - 8 total (0 active), CPU time: mean = 273.916 us, total = 2.191 ms
[state-dump] 	CoreWorkerService.grpc_client.PubsubCommandBatch - 8 total (0 active), CPU time: mean = 58.221 us, total = 465.766 us
[state-dump] 	CoreWorkerService.grpc_client.PubsubLongPolling - 7 total (0 active), CPU time: mean = 147.979 us, total = 1.036 ms
[state-dump] 	InternalPubSubGcsService.grpc_client.GcsSubscriberPoll - 7 total (1 active), CPU time: mean = 56.334 us, total = 394.338 us
[state-dump] 	InternalPubSubGcsService.grpc_client.GcsSubscriberCommandBatch - 2 total (0 active), CPU time: mean = 59.350 us, total = 118.700 us
[state-dump] 	Subscriber.HandlePublishedMessage_WORKER_OBJECT_LOCATIONS_CHANNEL - 2 total (0 active), CPU time: mean = 24.247 us, total = 48.493 us
[state-dump] 	CoreWorkerService.grpc_client.UpdateObjectLocationBatch - 2 total (0 active), CPU time: mean = 18.242 us, total = 36.484 us
[state-dump] 	NodeInfoGcsService.grpc_client.GetAllNodeInfo - 1 total (0 active), CPU time: mean = 28.066 us, total = 28.066 us
[state-dump] 	Subscriber.HandlePublishedMessage_GCS_JOB_CHANNEL - 1 total (0 active), CPU time: mean = 47.159 us, total = 47.159 us
[state-dump] 	NodeInfoGcsService.grpc_client.GetInternalConfig - 1 total (0 active), CPU time: mean = 33.796 ms, total = 33.796 ms
[state-dump] 	JobInfoGcsService.grpc_client.GetAllJobInfo - 1 total (0 active), CPU time: mean = 343.023 us, total = 343.023 us
[state-dump] 	NodeInfoGcsService.grpc_client.RegisterNode - 1 total (0 active), CPU time: mean = 203.359 us, total = 203.359 us
[state-dump] 	AgentManagerService.grpc_server.RegisterAgent - 1 total (0 active), CPU time: mean = 194.419 us, total = 194.419 us
[state-dump] 	Subscriber.HandlePublishedMessage_WORKER_OBJECT_EVICTION - 1 total (0 active), CPU time: mean = 66.553 us, total = 66.553 us
[state-dump] 	JobInfoGcsService.grpc_client.AddJob - 1 total (0 active), CPU time: mean = 23.962 us, total = 23.962 us
[state-dump] 	NodeManagerService.grpc_server.PinObjectIDs - 1 total (0 active), CPU time: mean = 169.418 us, total = 169.418 us
[state-dump] DebugString() time ms: 0
[state-dump] 
[state-dump] 
[2026-01-30 14:46:31,365 I 3413275 3413375] (raylet) store.cc:551: ========== Plasma store: =================
Current usage: 0 / 200 GB
- num bytes created total: 7953630
0 pending objects of total size 0MB
- objects spillable: 0
- bytes spillable: 0
- objects unsealed: 0
- bytes unsealed: 0
- objects in use: 0
- bytes in use: 0
- objects evictable: 0
- bytes evictable: 0

- objects created by worker: 0
- bytes created by worker: 0
- objects restored: 0
- bytes restored: 0
- objects received: 0
- bytes received: 0
- objects errored: 0
- bytes errored: 0

[2026-01-30 14:46:31,406 I 3413275 3413275] (raylet) node_manager.cc:540: [state-dump] Event stats:
[state-dump] 
[state-dump] 
[state-dump] Global stats: 173864 total (27 active)
[state-dump] Queueing time: mean = 4.226 ms, max = 41.724 s, min = -0.000 s, total = 734.700 s
[state-dump] Execution time:  mean = 17.900 us, total = 3.112 s
[state-dump] Event stats:
[state-dump] 	NodeManagerService.grpc_server.ReportWorkerBacklog - 46526 total (0 active), CPU time: mean = 23.990 us, total = 1.116 s
[state-dump] 	UNKNOWN - 29041 total (3 active), CPU time: mean = 1.863 us, total = 54.102 ms
[state-dump] 	ObjectManager.UpdateAvailableMemory - 26397 total (0 active), CPU time: mean = 448.539 ns, total = 11.840 ms
[state-dump] 	NodeManagerService.grpc_server.RequestResourceReport - 26192 total (0 active), CPU time: mean = 30.503 us, total = 798.928 ms
[state-dump] 	NodeManagerService.grpc_server.UpdateResourceUsage - 26192 total (0 active), CPU time: mean = 28.675 us, total = 751.053 ms
[state-dump] 	RayletWorkerPool.deadline_timer.kill_idle_workers - 13200 total (1 active), CPU time: mean = 4.138 us, total = 54.621 ms
[state-dump] 	NodeManagerService.grpc_server.GetResourceLoad - 2640 total (0 active), CPU time: mean = 27.979 us, total = 73.865 ms
[state-dump] 	NodeManager.deadline_timer.flush_free_objects - 2640 total (1 active), CPU time: mean = 2.476 us, total = 6.535 ms
[state-dump] 	ClientConnection.async_read.ReadBufferAsync - 328 total (18 active), CPU time: mean = 77.030 us, total = 25.266 ms
[state-dump] 	NodeManager.deadline_timer.debug_state_dump - 264 total (1 active), CPU time: mean = 369.307 us, total = 97.497 ms
[state-dump] 	NodeManager.deadline_timer.record_metrics - 176 total (1 active), CPU time: mean = 204.670 us, total = 36.022 ms
[state-dump] 	CoreWorkerService.grpc_client.LocalGC - 72 total (0 active), CPU time: mean = 8.934 us, total = 643.234 us
[state-dump] 	NodeManager.deadline_timer.print_event_loop_stats - 44 total (1 active, 1 running), CPU time: mean = 548.909 us, total = 24.152 ms
[state-dump] 	ObjectManager.ObjectAdded - 19 total (0 active), CPU time: mean = 22.134 us, total = 420.540 us
[state-dump] 	ObjectManager.ObjectDeleted - 19 total (0 active), CPU time: mean = 11.208 us, total = 212.953 us
[state-dump] 	NodeManagerService.grpc_server.GetSystemConfig - 18 total (0 active), CPU time: mean = 34.279 us, total = 617.027 us
[state-dump] 	ClientConnection.async_write.DoAsyncWrites - 18 total (0 active), CPU time: mean = 435.056 ns, total = 7.831 us
[state-dump] 	NodeManagerService.grpc_server.RequestWorkerLease - 17 total (0 active), CPU time: mean = 1.227 ms, total = 20.867 ms
[state-dump] 	CoreWorkerService.grpc_client.DirectActorCallArgWaitComplete - 16 total (0 active), CPU time: mean = 8.380 us, total = 134.072 us
[state-dump] 	PeriodicalRunner.RunFnPeriodically - 8 total (0 active), CPU time: mean = 273.916 us, total = 2.191 ms
[state-dump] 	CoreWorkerService.grpc_client.PubsubCommandBatch - 8 total (0 active), CPU time: mean = 58.221 us, total = 465.766 us
[state-dump] 	CoreWorkerService.grpc_client.PubsubLongPolling - 7 total (0 active), CPU time: mean = 147.979 us, total = 1.036 ms
[state-dump] 	InternalPubSubGcsService.grpc_client.GcsSubscriberPoll - 7 total (1 active), CPU time: mean = 56.334 us, total = 394.338 us
[state-dump] 	InternalPubSubGcsService.grpc_client.GcsSubscriberCommandBatch - 2 total (0 active), CPU time: mean = 59.350 us, total = 118.700 us
[state-dump] 	Subscriber.HandlePublishedMessage_WORKER_OBJECT_LOCATIONS_CHANNEL - 2 total (0 active), CPU time: mean = 24.247 us, total = 48.493 us
[state-dump] 	CoreWorkerService.grpc_client.UpdateObjectLocationBatch - 2 total (0 active), CPU time: mean = 18.242 us, total = 36.484 us
[state-dump] 	NodeInfoGcsService.grpc_client.GetAllNodeInfo - 1 total (0 active), CPU time: mean = 28.066 us, total = 28.066 us
[state-dump] 	Subscriber.HandlePublishedMessage_GCS_JOB_CHANNEL - 1 total (0 active), CPU time: mean = 47.159 us, total = 47.159 us
[state-dump] 	NodeInfoGcsService.grpc_client.GetInternalConfig - 1 total (0 active), CPU time: mean = 33.796 ms, total = 33.796 ms
[state-dump] 	JobInfoGcsService.grpc_client.GetAllJobInfo - 1 total (0 active), CPU time: mean = 343.023 us, total = 343.023 us
[state-dump] 	NodeInfoGcsService.grpc_client.RegisterNode - 1 total (0 active), CPU time: mean = 203.359 us, total = 203.359 us
[state-dump] 	AgentManagerService.grpc_server.RegisterAgent - 1 total (0 active), CPU time: mean = 194.419 us, total = 194.419 us
[state-dump] 	Subscriber.HandlePublishedMessage_WORKER_OBJECT_EVICTION - 1 total (0 active), CPU time: mean = 66.553 us, total = 66.553 us
[state-dump] 	JobInfoGcsService.grpc_client.AddJob - 1 total (0 active), CPU time: mean = 23.962 us, total = 23.962 us
[state-dump] 	NodeManagerService.grpc_server.PinObjectIDs - 1 total (0 active), CPU time: mean = 169.418 us, total = 169.418 us
[state-dump] 
[state-dump] NodeManager:
[state-dump] Node ID: 435ff685d8e66afce15860cd5b4687480235848d386ffa5d5547bd3d
[state-dump] Node name: 10.137.21.59
[state-dump] InitialConfigResources: {memory: 8135216732160000, GPU: 20000, node:10.137.21.59: 10000, CPU: 170000, object_store_memory: 2000000000000000, accelerator_type:H100: 10000}
[state-dump] ClusterTaskManager:
[state-dump] ========== Node: 435ff685d8e66afce15860cd5b4687480235848d386ffa5d5547bd3d =================
[state-dump] Infeasible queue length: 1
[state-dump] Schedule queue length: 0
[state-dump] Dispatch queue length: 0
[state-dump] num_waiting_for_resource: 0
[state-dump] num_waiting_for_plasma_memory: 0
[state-dump] num_waiting_for_remote_node_resources: 0
[state-dump] num_worker_not_started_by_job_config_not_exist: 0
[state-dump] num_worker_not_started_by_registration_timeout: 0
[state-dump] num_tasks_waiting_for_workers: 0
[state-dump] num_cancelled_tasks: 0
[state-dump] cluster_resource_scheduler state: 
[state-dump] Local id: -8058881002343059789 Local resources: {node:10.137.21.59: [10000]/[10000], CPU: [10000]/[170000], object_store_memory: [2000000000000000]/[2000000000000000], memory: [8135216732160000]/[8135216732160000], GPU: [10000, 10000]/[10000, 10000], accelerator_type:H100: [10000]/[10000]}node id: -8058881002343059789{node:10.137.21.59: 10000/10000, CPU: 10000/170000, object_store_memory: 2000000000000000/2000000000000000, memory: 8135216732160000/8135216732160000, GPU: 20000/20000, accelerator_type:H100: 10000/10000}{ "placment group locations": [], "node to bundles": []}
[state-dump] Waiting tasks size: 0
[state-dump] Number of executing tasks: 0
[state-dump] Number of pinned task arguments: 0
[state-dump] Number of total spilled tasks: 0
[state-dump] Number of spilled waiting tasks: 0
[state-dump] Number of spilled unschedulable tasks: 0
[state-dump] Resource usage {
[state-dump]     - (language=PYTHON actor_or_task=RolloutWorker.__init__ pid=3414093): {CPU: 1.000000}
[state-dump]     - (language=PYTHON actor_or_task=RolloutWorker.__init__ pid=3414092): {CPU: 1.000000}
[state-dump]     - (language=PYTHON actor_or_task=RolloutWorker.__init__ pid=3414084): {CPU: 1.000000}
[state-dump]     - (language=PYTHON actor_or_task=RolloutWorker.__init__ pid=3414091): {CPU: 1.000000}
[state-dump]     - (language=PYTHON actor_or_task=RolloutWorker.__init__ pid=3414089): {CPU: 1.000000}
[state-dump]     - (language=PYTHON actor_or_task=RolloutWorker.__init__ pid=3414085): {CPU: 1.000000}
[state-dump]     - (language=PYTHON actor_or_task=RolloutWorker.__init__ pid=3414094): {CPU: 1.000000}
[state-dump]     - (language=PYTHON actor_or_task=RolloutWorker.__init__ pid=3414083): {CPU: 1.000000}
[state-dump]     - (language=PYTHON actor_or_task=RolloutWorker.__init__ pid=3414088): {CPU: 1.000000}
[state-dump]     - (language=PYTHON actor_or_task=RolloutWorker.__init__ pid=3414080): {CPU: 1.000000}
[state-dump]     - (language=PYTHON actor_or_task=RolloutWorker.__init__ pid=3414095): {CPU: 1.000000}
[state-dump]     - (language=PYTHON actor_or_task=RolloutWorker.__init__ pid=3414081): {CPU: 1.000000}
[state-dump]     - (language=PYTHON actor_or_task=RolloutWorker.__init__ pid=3414082): {CPU: 1.000000}
[state-dump]     - (language=PYTHON actor_or_task=RolloutWorker.__init__ pid=3414087): {CPU: 1.000000}
[state-dump]     - (language=PYTHON actor_or_task=RolloutWorker.__init__ pid=3414086): {CPU: 1.000000}
[state-dump]     - (language=PYTHON actor_or_task=RolloutWorker.__init__ pid=3414090): {CPU: 1.000000}
[state-dump] }
[state-dump] Running tasks by scheduling class:
[state-dump] ==================================================
[state-dump] 
[state-dump] ClusterResources:
[state-dump] LocalObjectManager:
[state-dump] - num pinned objects: 0
[state-dump] - pinned objects size: 0
[state-dump] - num objects pending restore: 0
[state-dump] - num objects pending spill: 0
[state-dump] - num bytes pending spill: 0
[state-dump] - num bytes currently spilled: 0
[state-dump] - cumulative spill requests: 0
[state-dump] - cumulative restore requests: 0
[state-dump] - spilled objects pending delete: 0
[state-dump] 
[state-dump] ObjectManager:
[state-dump] - num local objects: 0
[state-dump] - num unfulfilled push requests: 0
[state-dump] - num object pull requests: 0
[state-dump] - num chunks received total: 0
[state-dump] - num chunks received failed (all): 0
[state-dump] - num chunks received failed / cancelled: 0
[state-dump] - num chunks received failed / plasma error: 0
[state-dump] Event stats:
[state-dump] Global stats: 1 total (0 active)
[state-dump] Queueing time: mean = 25.771 us, max = 25.771 us, min = 25.771 us, total = 25.771 us
[state-dump] Execution time:  mean = 5.425 us, total = 5.425 us
[state-dump] Event stats:
[state-dump] 	ObjectManager.FreeObjects - 1 total (0 active), CPU time: mean = 5.425 us, total = 5.425 us
[state-dump] PushManager:
[state-dump] - num pushes in flight: 0
[state-dump] - num chunks in flight: 0
[state-dump] - num chunks remaining: 0
[state-dump] - max chunks allowed: 409
[state-dump] OwnershipBasedObjectDirectory:
[state-dump] - num listeners: 0
[state-dump] - cumulative location updates: 2
[state-dump] - num location updates per second: 0.000
[state-dump] - num location lookups per second: 0.000
[state-dump] - num locations added per second: 0.000
[state-dump] - num locations removed per second: 0.000
[state-dump] BufferPool:
[state-dump] - create buffer state map size: 0
[state-dump] PullManager:
[state-dump] - num bytes available for pulled objects: 200000000000
[state-dump] - num bytes being pulled (all): 0
[state-dump] - num bytes being pulled / pinned: 0
[state-dump] - get request bundles: BundlePullRequestQueue{0 total, 0 active, 0 inactive, 0 unpullable}
[state-dump] - wait request bundles: BundlePullRequestQueue{0 total, 0 active, 0 inactive, 0 unpullable}
[state-dump] - task request bundles: BundlePullRequestQueue{0 total, 0 active, 0 inactive, 0 unpullable}
[state-dump] - first get request bundle: N/A
[state-dump] - first wait request bundle: N/A
[state-dump] - first task request bundle: N/A
[state-dump] - num objects queued: 0
[state-dump] - num objects actively pulled (all): 0
[state-dump] - num objects actively pulled / pinned: 0
[state-dump] - num bundles being pulled: 0
[state-dump] - num pull retries: 0
[state-dump] - max timeout seconds: 0
[state-dump] - max timeout request is already processed. No entry.
[state-dump] 
[state-dump] WorkerPool:
[state-dump] - registered jobs: 1
[state-dump] - process_failed_job_config_missing: 0
[state-dump] - process_failed_rate_limited: 0
[state-dump] - process_failed_pending_registration: 0
[state-dump] - process_failed_runtime_env_setup_failed: 0
[state-dump] - num JAVA workers: 0
[state-dump] - num JAVA drivers: 0
[state-dump] - num object spill callbacks queued: 0
[state-dump] - num object restore queued: 0
[state-dump] - num util functions queued: 0
[state-dump] - num PYTHON workers: 17
[state-dump] - num PYTHON drivers: 1
[state-dump] - num object spill callbacks queued: 0
[state-dump] - num object restore queued: 0
[state-dump] - num util functions queued: 0
[state-dump] - num idle workers: 1
[state-dump] TaskDependencyManager:
[state-dump] - task deps map size: 0
[state-dump] - get req map size: 0
[state-dump] - wait req map size: 0
[state-dump] - local objects map size: 0
[state-dump] WaitManager:
[state-dump] - num active wait requests: 0
[state-dump] Subscriber:
[state-dump] Channel WORKER_REF_REMOVED_CHANNEL
[state-dump] - cumulative subscribe requests: 0
[state-dump] - cumulative unsubscribe requests: 0
[state-dump] - active subscribed publishers: 0
[state-dump] - cumulative published messages: 0
[state-dump] - cumulative processed messages: 0
[state-dump] Channel WORKER_OBJECT_EVICTION
[state-dump] - cumulative subscribe requests: 1
[state-dump] - cumulative unsubscribe requests: 1
[state-dump] - active subscribed publishers: 0
[state-dump] - cumulative published messages: 1
[state-dump] - cumulative processed messages: 1
[state-dump] Channel WORKER_OBJECT_LOCATIONS_CHANNEL
[state-dump] - cumulative subscribe requests: 5
[state-dump] - cumulative unsubscribe requests: 5
[state-dump] - active subscribed publishers: 0
[state-dump] - cumulative published messages: 2
[state-dump] - cumulative processed messages: 2
[state-dump] num async plasma notifications: 0
[state-dump] Remote node managers: 
[state-dump] Event stats:
[state-dump] Global stats: 173864 total (27 active)
[state-dump] Queueing time: mean = 4.226 ms, max = 41.724 s, min = -0.000 s, total = 734.700 s
[state-dump] Execution time:  mean = 17.900 us, total = 3.112 s
[state-dump] Event stats:
[state-dump] 	NodeManagerService.grpc_server.ReportWorkerBacklog - 46526 total (0 active), CPU time: mean = 23.990 us, total = 1.116 s
[state-dump] 	UNKNOWN - 29041 total (3 active), CPU time: mean = 1.863 us, total = 54.102 ms
[state-dump] 	ObjectManager.UpdateAvailableMemory - 26397 total (0 active), CPU time: mean = 448.539 ns, total = 11.840 ms
[state-dump] 	NodeManagerService.grpc_server.RequestResourceReport - 26192 total (0 active), CPU time: mean = 30.503 us, total = 798.928 ms
[state-dump] 	NodeManagerService.grpc_server.UpdateResourceUsage - 26192 total (0 active), CPU time: mean = 28.675 us, total = 751.053 ms
[state-dump] 	RayletWorkerPool.deadline_timer.kill_idle_workers - 13200 total (1 active), CPU time: mean = 4.138 us, total = 54.621 ms
[state-dump] 	NodeManagerService.grpc_server.GetResourceLoad - 2640 total (0 active), CPU time: mean = 27.979 us, total = 73.865 ms
[state-dump] 	NodeManager.deadline_timer.flush_free_objects - 2640 total (1 active), CPU time: mean = 2.476 us, total = 6.535 ms
[state-dump] 	ClientConnection.async_read.ReadBufferAsync - 328 total (18 active), CPU time: mean = 77.030 us, total = 25.266 ms
[state-dump] 	NodeManager.deadline_timer.debug_state_dump - 264 total (1 active), CPU time: mean = 369.307 us, total = 97.497 ms
[state-dump] 	NodeManager.deadline_timer.record_metrics - 176 total (1 active), CPU time: mean = 204.670 us, total = 36.022 ms
[state-dump] 	CoreWorkerService.grpc_client.LocalGC - 72 total (0 active), CPU time: mean = 8.934 us, total = 643.234 us
[state-dump] 	NodeManager.deadline_timer.print_event_loop_stats - 44 total (1 active, 1 running), CPU time: mean = 548.909 us, total = 24.152 ms
[state-dump] 	ObjectManager.ObjectAdded - 19 total (0 active), CPU time: mean = 22.134 us, total = 420.540 us
[state-dump] 	ObjectManager.ObjectDeleted - 19 total (0 active), CPU time: mean = 11.208 us, total = 212.953 us
[state-dump] 	NodeManagerService.grpc_server.GetSystemConfig - 18 total (0 active), CPU time: mean = 34.279 us, total = 617.027 us
[state-dump] 	ClientConnection.async_write.DoAsyncWrites - 18 total (0 active), CPU time: mean = 435.056 ns, total = 7.831 us
[state-dump] 	NodeManagerService.grpc_server.RequestWorkerLease - 17 total (0 active), CPU time: mean = 1.227 ms, total = 20.867 ms
[state-dump] 	CoreWorkerService.grpc_client.DirectActorCallArgWaitComplete - 16 total (0 active), CPU time: mean = 8.380 us, total = 134.072 us
[state-dump] 	PeriodicalRunner.RunFnPeriodically - 8 total (0 active), CPU time: mean = 273.916 us, total = 2.191 ms
[state-dump] 	CoreWorkerService.grpc_client.PubsubCommandBatch - 8 total (0 active), CPU time: mean = 58.221 us, total = 465.766 us
[state-dump] 	CoreWorkerService.grpc_client.PubsubLongPolling - 7 total (0 active), CPU time: mean = 147.979 us, total = 1.036 ms
[state-dump] 	InternalPubSubGcsService.grpc_client.GcsSubscriberPoll - 7 total (1 active), CPU time: mean = 56.334 us, total = 394.338 us
[state-dump] 	InternalPubSubGcsService.grpc_client.GcsSubscriberCommandBatch - 2 total (0 active), CPU time: mean = 59.350 us, total = 118.700 us
[state-dump] 	Subscriber.HandlePublishedMessage_WORKER_OBJECT_LOCATIONS_CHANNEL - 2 total (0 active), CPU time: mean = 24.247 us, total = 48.493 us
[state-dump] 	CoreWorkerService.grpc_client.UpdateObjectLocationBatch - 2 total (0 active), CPU time: mean = 18.242 us, total = 36.484 us
[state-dump] 	NodeInfoGcsService.grpc_client.GetAllNodeInfo - 1 total (0 active), CPU time: mean = 28.066 us, total = 28.066 us
[state-dump] 	Subscriber.HandlePublishedMessage_GCS_JOB_CHANNEL - 1 total (0 active), CPU time: mean = 47.159 us, total = 47.159 us
[state-dump] 	NodeInfoGcsService.grpc_client.GetInternalConfig - 1 total (0 active), CPU time: mean = 33.796 ms, total = 33.796 ms
[state-dump] 	JobInfoGcsService.grpc_client.GetAllJobInfo - 1 total (0 active), CPU time: mean = 343.023 us, total = 343.023 us
[state-dump] 	NodeInfoGcsService.grpc_client.RegisterNode - 1 total (0 active), CPU time: mean = 203.359 us, total = 203.359 us
[state-dump] 	AgentManagerService.grpc_server.RegisterAgent - 1 total (0 active), CPU time: mean = 194.419 us, total = 194.419 us
[state-dump] 	Subscriber.HandlePublishedMessage_WORKER_OBJECT_EVICTION - 1 total (0 active), CPU time: mean = 66.553 us, total = 66.553 us
[state-dump] 	JobInfoGcsService.grpc_client.AddJob - 1 total (0 active), CPU time: mean = 23.962 us, total = 23.962 us
[state-dump] 	NodeManagerService.grpc_server.PinObjectIDs - 1 total (0 active), CPU time: mean = 169.418 us, total = 169.418 us
[state-dump] DebugString() time ms: 0
[state-dump] 
[state-dump] 
[2026-01-30 14:47:31,365 I 3413275 3413375] (raylet) store.cc:551: ========== Plasma store: =================
Current usage: 0 / 200 GB
- num bytes created total: 7953630
0 pending objects of total size 0MB
- objects spillable: 0
- bytes spillable: 0
- objects unsealed: 0
- bytes unsealed: 0
- objects in use: 0
- bytes in use: 0
- objects evictable: 0
- bytes evictable: 0

- objects created by worker: 0
- bytes created by worker: 0
- objects restored: 0
- bytes restored: 0
- objects received: 0
- bytes received: 0
- objects errored: 0
- bytes errored: 0

[2026-01-30 14:47:31,407 I 3413275 3413275] (raylet) node_manager.cc:540: [state-dump] Event stats:
[state-dump] 
[state-dump] 
[state-dump] Global stats: 177828 total (27 active)
[state-dump] Queueing time: mean = 4.132 ms, max = 41.724 s, min = -0.000 s, total = 734.740 s
[state-dump] Execution time:  mean = 17.873 us, total = 3.178 s
[state-dump] Event stats:
[state-dump] 	NodeManagerService.grpc_server.ReportWorkerBacklog - 47606 total (0 active), CPU time: mean = 23.982 us, total = 1.142 s
[state-dump] 	UNKNOWN - 29702 total (3 active), CPU time: mean = 1.855 us, total = 55.089 ms
[state-dump] 	ObjectManager.UpdateAvailableMemory - 26997 total (0 active), CPU time: mean = 447.180 ns, total = 12.073 ms
[state-dump] 	NodeManagerService.grpc_server.RequestResourceReport - 26788 total (0 active), CPU time: mean = 30.452 us, total = 815.751 ms
[state-dump] 	NodeManagerService.grpc_server.UpdateResourceUsage - 26788 total (0 active), CPU time: mean = 28.647 us, total = 767.390 ms
[state-dump] 	RayletWorkerPool.deadline_timer.kill_idle_workers - 13500 total (1 active), CPU time: mean = 4.132 us, total = 55.780 ms
[state-dump] 	NodeManagerService.grpc_server.GetResourceLoad - 2700 total (0 active), CPU time: mean = 27.939 us, total = 75.435 ms
[state-dump] 	NodeManager.deadline_timer.flush_free_objects - 2700 total (1 active), CPU time: mean = 2.487 us, total = 6.714 ms
[state-dump] 	ClientConnection.async_read.ReadBufferAsync - 328 total (18 active), CPU time: mean = 77.030 us, total = 25.266 ms
[state-dump] 	NodeManager.deadline_timer.debug_state_dump - 270 total (1 active), CPU time: mean = 368.837 us, total = 99.586 ms
[state-dump] 	NodeManager.deadline_timer.record_metrics - 180 total (1 active), CPU time: mean = 204.226 us, total = 36.761 ms
[state-dump] 	CoreWorkerService.grpc_client.LocalGC - 72 total (0 active), CPU time: mean = 8.934 us, total = 643.234 us
[state-dump] 	NodeManager.deadline_timer.print_event_loop_stats - 45 total (1 active, 1 running), CPU time: mean = 548.145 us, total = 24.667 ms
[state-dump] 	ObjectManager.ObjectAdded - 19 total (0 active), CPU time: mean = 22.134 us, total = 420.540 us
[state-dump] 	ObjectManager.ObjectDeleted - 19 total (0 active), CPU time: mean = 11.208 us, total = 212.953 us
[state-dump] 	NodeManagerService.grpc_server.GetSystemConfig - 18 total (0 active), CPU time: mean = 34.279 us, total = 617.027 us
[state-dump] 	ClientConnection.async_write.DoAsyncWrites - 18 total (0 active), CPU time: mean = 435.056 ns, total = 7.831 us
[state-dump] 	NodeManagerService.grpc_server.RequestWorkerLease - 17 total (0 active), CPU time: mean = 1.227 ms, total = 20.867 ms
[state-dump] 	CoreWorkerService.grpc_client.DirectActorCallArgWaitComplete - 16 total (0 active), CPU time: mean = 8.380 us, total = 134.072 us
[state-dump] 	PeriodicalRunner.RunFnPeriodically - 8 total (0 active), CPU time: mean = 273.916 us, total = 2.191 ms
[state-dump] 	CoreWorkerService.grpc_client.PubsubCommandBatch - 8 total (0 active), CPU time: mean = 58.221 us, total = 465.766 us
[state-dump] 	CoreWorkerService.grpc_client.PubsubLongPolling - 7 total (0 active), CPU time: mean = 147.979 us, total = 1.036 ms
[state-dump] 	InternalPubSubGcsService.grpc_client.GcsSubscriberPoll - 7 total (1 active), CPU time: mean = 56.334 us, total = 394.338 us
[state-dump] 	InternalPubSubGcsService.grpc_client.GcsSubscriberCommandBatch - 2 total (0 active), CPU time: mean = 59.350 us, total = 118.700 us
[state-dump] 	Subscriber.HandlePublishedMessage_WORKER_OBJECT_LOCATIONS_CHANNEL - 2 total (0 active), CPU time: mean = 24.247 us, total = 48.493 us
[state-dump] 	CoreWorkerService.grpc_client.UpdateObjectLocationBatch - 2 total (0 active), CPU time: mean = 18.242 us, total = 36.484 us
[state-dump] 	NodeInfoGcsService.grpc_client.GetAllNodeInfo - 1 total (0 active), CPU time: mean = 28.066 us, total = 28.066 us
[state-dump] 	Subscriber.HandlePublishedMessage_GCS_JOB_CHANNEL - 1 total (0 active), CPU time: mean = 47.159 us, total = 47.159 us
[state-dump] 	NodeInfoGcsService.grpc_client.GetInternalConfig - 1 total (0 active), CPU time: mean = 33.796 ms, total = 33.796 ms
[state-dump] 	JobInfoGcsService.grpc_client.GetAllJobInfo - 1 total (0 active), CPU time: mean = 343.023 us, total = 343.023 us
[state-dump] 	NodeInfoGcsService.grpc_client.RegisterNode - 1 total (0 active), CPU time: mean = 203.359 us, total = 203.359 us
[state-dump] 	AgentManagerService.grpc_server.RegisterAgent - 1 total (0 active), CPU time: mean = 194.419 us, total = 194.419 us
[state-dump] 	Subscriber.HandlePublishedMessage_WORKER_OBJECT_EVICTION - 1 total (0 active), CPU time: mean = 66.553 us, total = 66.553 us
[state-dump] 	JobInfoGcsService.grpc_client.AddJob - 1 total (0 active), CPU time: mean = 23.962 us, total = 23.962 us
[state-dump] 	NodeManagerService.grpc_server.PinObjectIDs - 1 total (0 active), CPU time: mean = 169.418 us, total = 169.418 us
[state-dump] 
[state-dump] NodeManager:
[state-dump] Node ID: 435ff685d8e66afce15860cd5b4687480235848d386ffa5d5547bd3d
[state-dump] Node name: 10.137.21.59
[state-dump] InitialConfigResources: {memory: 8135216732160000, GPU: 20000, node:10.137.21.59: 10000, CPU: 170000, object_store_memory: 2000000000000000, accelerator_type:H100: 10000}
[state-dump] ClusterTaskManager:
[state-dump] ========== Node: 435ff685d8e66afce15860cd5b4687480235848d386ffa5d5547bd3d =================
[state-dump] Infeasible queue length: 1
[state-dump] Schedule queue length: 0
[state-dump] Dispatch queue length: 0
[state-dump] num_waiting_for_resource: 0
[state-dump] num_waiting_for_plasma_memory: 0
[state-dump] num_waiting_for_remote_node_resources: 0
[state-dump] num_worker_not_started_by_job_config_not_exist: 0
[state-dump] num_worker_not_started_by_registration_timeout: 0
[state-dump] num_tasks_waiting_for_workers: 0
[state-dump] num_cancelled_tasks: 0
[state-dump] cluster_resource_scheduler state: 
[state-dump] Local id: -8058881002343059789 Local resources: {node:10.137.21.59: [10000]/[10000], CPU: [10000]/[170000], object_store_memory: [2000000000000000]/[2000000000000000], memory: [8135216732160000]/[8135216732160000], GPU: [10000, 10000]/[10000, 10000], accelerator_type:H100: [10000]/[10000]}node id: -8058881002343059789{node:10.137.21.59: 10000/10000, CPU: 10000/170000, object_store_memory: 2000000000000000/2000000000000000, memory: 8135216732160000/8135216732160000, GPU: 20000/20000, accelerator_type:H100: 10000/10000}{ "placment group locations": [], "node to bundles": []}
[state-dump] Waiting tasks size: 0
[state-dump] Number of executing tasks: 0
[state-dump] Number of pinned task arguments: 0
[state-dump] Number of total spilled tasks: 0
[state-dump] Number of spilled waiting tasks: 0
[state-dump] Number of spilled unschedulable tasks: 0
[state-dump] Resource usage {
[state-dump]     - (language=PYTHON actor_or_task=RolloutWorker.__init__ pid=3414093): {CPU: 1.000000}
[state-dump]     - (language=PYTHON actor_or_task=RolloutWorker.__init__ pid=3414092): {CPU: 1.000000}
[state-dump]     - (language=PYTHON actor_or_task=RolloutWorker.__init__ pid=3414084): {CPU: 1.000000}
[state-dump]     - (language=PYTHON actor_or_task=RolloutWorker.__init__ pid=3414091): {CPU: 1.000000}
[state-dump]     - (language=PYTHON actor_or_task=RolloutWorker.__init__ pid=3414089): {CPU: 1.000000}
[state-dump]     - (language=PYTHON actor_or_task=RolloutWorker.__init__ pid=3414085): {CPU: 1.000000}
[state-dump]     - (language=PYTHON actor_or_task=RolloutWorker.__init__ pid=3414094): {CPU: 1.000000}
[state-dump]     - (language=PYTHON actor_or_task=RolloutWorker.__init__ pid=3414083): {CPU: 1.000000}
[state-dump]     - (language=PYTHON actor_or_task=RolloutWorker.__init__ pid=3414088): {CPU: 1.000000}
[state-dump]     - (language=PYTHON actor_or_task=RolloutWorker.__init__ pid=3414080): {CPU: 1.000000}
[state-dump]     - (language=PYTHON actor_or_task=RolloutWorker.__init__ pid=3414095): {CPU: 1.000000}
[state-dump]     - (language=PYTHON actor_or_task=RolloutWorker.__init__ pid=3414081): {CPU: 1.000000}
[state-dump]     - (language=PYTHON actor_or_task=RolloutWorker.__init__ pid=3414082): {CPU: 1.000000}
[state-dump]     - (language=PYTHON actor_or_task=RolloutWorker.__init__ pid=3414087): {CPU: 1.000000}
[state-dump]     - (language=PYTHON actor_or_task=RolloutWorker.__init__ pid=3414086): {CPU: 1.000000}
[state-dump]     - (language=PYTHON actor_or_task=RolloutWorker.__init__ pid=3414090): {CPU: 1.000000}
[state-dump] }
[state-dump] Running tasks by scheduling class:
[state-dump] ==================================================
[state-dump] 
[state-dump] ClusterResources:
[state-dump] LocalObjectManager:
[state-dump] - num pinned objects: 0
[state-dump] - pinned objects size: 0
[state-dump] - num objects pending restore: 0
[state-dump] - num objects pending spill: 0
[state-dump] - num bytes pending spill: 0
[state-dump] - num bytes currently spilled: 0
[state-dump] - cumulative spill requests: 0
[state-dump] - cumulative restore requests: 0
[state-dump] - spilled objects pending delete: 0
[state-dump] 
[state-dump] ObjectManager:
[state-dump] - num local objects: 0
[state-dump] - num unfulfilled push requests: 0
[state-dump] - num object pull requests: 0
[state-dump] - num chunks received total: 0
[state-dump] - num chunks received failed (all): 0
[state-dump] - num chunks received failed / cancelled: 0
[state-dump] - num chunks received failed / plasma error: 0
[state-dump] Event stats:
[state-dump] Global stats: 1 total (0 active)
[state-dump] Queueing time: mean = 25.771 us, max = 25.771 us, min = 25.771 us, total = 25.771 us
[state-dump] Execution time:  mean = 5.425 us, total = 5.425 us
[state-dump] Event stats:
[state-dump] 	ObjectManager.FreeObjects - 1 total (0 active), CPU time: mean = 5.425 us, total = 5.425 us
[state-dump] PushManager:
[state-dump] - num pushes in flight: 0
[state-dump] - num chunks in flight: 0
[state-dump] - num chunks remaining: 0
[state-dump] - max chunks allowed: 409
[state-dump] OwnershipBasedObjectDirectory:
[state-dump] - num listeners: 0
[state-dump] - cumulative location updates: 2
[state-dump] - num location updates per second: 0.000
[state-dump] - num location lookups per second: 0.000
[state-dump] - num locations added per second: 0.000
[state-dump] - num locations removed per second: 0.000
[state-dump] BufferPool:
[state-dump] - create buffer state map size: 0
[state-dump] PullManager:
[state-dump] - num bytes available for pulled objects: 200000000000
[state-dump] - num bytes being pulled (all): 0
[state-dump] - num bytes being pulled / pinned: 0
[state-dump] - get request bundles: BundlePullRequestQueue{0 total, 0 active, 0 inactive, 0 unpullable}
[state-dump] - wait request bundles: BundlePullRequestQueue{0 total, 0 active, 0 inactive, 0 unpullable}
[state-dump] - task request bundles: BundlePullRequestQueue{0 total, 0 active, 0 inactive, 0 unpullable}
[state-dump] - first get request bundle: N/A
[state-dump] - first wait request bundle: N/A
[state-dump] - first task request bundle: N/A
[state-dump] - num objects queued: 0
[state-dump] - num objects actively pulled (all): 0
[state-dump] - num objects actively pulled / pinned: 0
[state-dump] - num bundles being pulled: 0
[state-dump] - num pull retries: 0
[state-dump] - max timeout seconds: 0
[state-dump] - max timeout request is already processed. No entry.
[state-dump] 
[state-dump] WorkerPool:
[state-dump] - registered jobs: 1
[state-dump] - process_failed_job_config_missing: 0
[state-dump] - process_failed_rate_limited: 0
[state-dump] - process_failed_pending_registration: 0
[state-dump] - process_failed_runtime_env_setup_failed: 0
[state-dump] - num JAVA workers: 0
[state-dump] - num JAVA drivers: 0
[state-dump] - num object spill callbacks queued: 0
[state-dump] - num object restore queued: 0
[state-dump] - num util functions queued: 0
[state-dump] - num PYTHON workers: 17
[state-dump] - num PYTHON drivers: 1
[state-dump] - num object spill callbacks queued: 0
[state-dump] - num object restore queued: 0
[state-dump] - num util functions queued: 0
[state-dump] - num idle workers: 1
[state-dump] TaskDependencyManager:
[state-dump] - task deps map size: 0
[state-dump] - get req map size: 0
[state-dump] - wait req map size: 0
[state-dump] - local objects map size: 0
[state-dump] WaitManager:
[state-dump] - num active wait requests: 0
[state-dump] Subscriber:
[state-dump] Channel WORKER_REF_REMOVED_CHANNEL
[state-dump] - cumulative subscribe requests: 0
[state-dump] - cumulative unsubscribe requests: 0
[state-dump] - active subscribed publishers: 0
[state-dump] - cumulative published messages: 0
[state-dump] - cumulative processed messages: 0
[state-dump] Channel WORKER_OBJECT_EVICTION
[state-dump] - cumulative subscribe requests: 1
[state-dump] - cumulative unsubscribe requests: 1
[state-dump] - active subscribed publishers: 0
[state-dump] - cumulative published messages: 1
[state-dump] - cumulative processed messages: 1
[state-dump] Channel WORKER_OBJECT_LOCATIONS_CHANNEL
[state-dump] - cumulative subscribe requests: 5
[state-dump] - cumulative unsubscribe requests: 5
[state-dump] - active subscribed publishers: 0
[state-dump] - cumulative published messages: 2
[state-dump] - cumulative processed messages: 2
[state-dump] num async plasma notifications: 0
[state-dump] Remote node managers: 
[state-dump] Event stats:
[state-dump] Global stats: 177828 total (27 active)
[state-dump] Queueing time: mean = 4.132 ms, max = 41.724 s, min = -0.000 s, total = 734.740 s
[state-dump] Execution time:  mean = 17.873 us, total = 3.178 s
[state-dump] Event stats:
[state-dump] 	NodeManagerService.grpc_server.ReportWorkerBacklog - 47606 total (0 active), CPU time: mean = 23.982 us, total = 1.142 s
[state-dump] 	UNKNOWN - 29702 total (3 active), CPU time: mean = 1.855 us, total = 55.089 ms
[state-dump] 	ObjectManager.UpdateAvailableMemory - 26997 total (0 active), CPU time: mean = 447.180 ns, total = 12.073 ms
[state-dump] 	NodeManagerService.grpc_server.RequestResourceReport - 26788 total (0 active), CPU time: mean = 30.452 us, total = 815.751 ms
[state-dump] 	NodeManagerService.grpc_server.UpdateResourceUsage - 26788 total (0 active), CPU time: mean = 28.647 us, total = 767.390 ms
[state-dump] 	RayletWorkerPool.deadline_timer.kill_idle_workers - 13500 total (1 active), CPU time: mean = 4.132 us, total = 55.780 ms
[state-dump] 	NodeManagerService.grpc_server.GetResourceLoad - 2700 total (0 active), CPU time: mean = 27.939 us, total = 75.435 ms
[state-dump] 	NodeManager.deadline_timer.flush_free_objects - 2700 total (1 active), CPU time: mean = 2.487 us, total = 6.714 ms
[state-dump] 	ClientConnection.async_read.ReadBufferAsync - 328 total (18 active), CPU time: mean = 77.030 us, total = 25.266 ms
[state-dump] 	NodeManager.deadline_timer.debug_state_dump - 270 total (1 active), CPU time: mean = 368.837 us, total = 99.586 ms
[state-dump] 	NodeManager.deadline_timer.record_metrics - 180 total (1 active), CPU time: mean = 204.226 us, total = 36.761 ms
[state-dump] 	CoreWorkerService.grpc_client.LocalGC - 72 total (0 active), CPU time: mean = 8.934 us, total = 643.234 us
[state-dump] 	NodeManager.deadline_timer.print_event_loop_stats - 45 total (1 active, 1 running), CPU time: mean = 548.145 us, total = 24.667 ms
[state-dump] 	ObjectManager.ObjectAdded - 19 total (0 active), CPU time: mean = 22.134 us, total = 420.540 us
[state-dump] 	ObjectManager.ObjectDeleted - 19 total (0 active), CPU time: mean = 11.208 us, total = 212.953 us
[state-dump] 	NodeManagerService.grpc_server.GetSystemConfig - 18 total (0 active), CPU time: mean = 34.279 us, total = 617.027 us
[state-dump] 	ClientConnection.async_write.DoAsyncWrites - 18 total (0 active), CPU time: mean = 435.056 ns, total = 7.831 us
[state-dump] 	NodeManagerService.grpc_server.RequestWorkerLease - 17 total (0 active), CPU time: mean = 1.227 ms, total = 20.867 ms
[state-dump] 	CoreWorkerService.grpc_client.DirectActorCallArgWaitComplete - 16 total (0 active), CPU time: mean = 8.380 us, total = 134.072 us
[state-dump] 	PeriodicalRunner.RunFnPeriodically - 8 total (0 active), CPU time: mean = 273.916 us, total = 2.191 ms
[state-dump] 	CoreWorkerService.grpc_client.PubsubCommandBatch - 8 total (0 active), CPU time: mean = 58.221 us, total = 465.766 us
[state-dump] 	CoreWorkerService.grpc_client.PubsubLongPolling - 7 total (0 active), CPU time: mean = 147.979 us, total = 1.036 ms
[state-dump] 	InternalPubSubGcsService.grpc_client.GcsSubscriberPoll - 7 total (1 active), CPU time: mean = 56.334 us, total = 394.338 us
[state-dump] 	InternalPubSubGcsService.grpc_client.GcsSubscriberCommandBatch - 2 total (0 active), CPU time: mean = 59.350 us, total = 118.700 us
[state-dump] 	Subscriber.HandlePublishedMessage_WORKER_OBJECT_LOCATIONS_CHANNEL - 2 total (0 active), CPU time: mean = 24.247 us, total = 48.493 us
[state-dump] 	CoreWorkerService.grpc_client.UpdateObjectLocationBatch - 2 total (0 active), CPU time: mean = 18.242 us, total = 36.484 us
[state-dump] 	NodeInfoGcsService.grpc_client.GetAllNodeInfo - 1 total (0 active), CPU time: mean = 28.066 us, total = 28.066 us
[state-dump] 	Subscriber.HandlePublishedMessage_GCS_JOB_CHANNEL - 1 total (0 active), CPU time: mean = 47.159 us, total = 47.159 us
[state-dump] 	NodeInfoGcsService.grpc_client.GetInternalConfig - 1 total (0 active), CPU time: mean = 33.796 ms, total = 33.796 ms
[state-dump] 	JobInfoGcsService.grpc_client.GetAllJobInfo - 1 total (0 active), CPU time: mean = 343.023 us, total = 343.023 us
[state-dump] 	NodeInfoGcsService.grpc_client.RegisterNode - 1 total (0 active), CPU time: mean = 203.359 us, total = 203.359 us
[state-dump] 	AgentManagerService.grpc_server.RegisterAgent - 1 total (0 active), CPU time: mean = 194.419 us, total = 194.419 us
[state-dump] 	Subscriber.HandlePublishedMessage_WORKER_OBJECT_EVICTION - 1 total (0 active), CPU time: mean = 66.553 us, total = 66.553 us
[state-dump] 	JobInfoGcsService.grpc_client.AddJob - 1 total (0 active), CPU time: mean = 23.962 us, total = 23.962 us
[state-dump] 	NodeManagerService.grpc_server.PinObjectIDs - 1 total (0 active), CPU time: mean = 169.418 us, total = 169.418 us
[state-dump] DebugString() time ms: 0
[state-dump] 
[state-dump] 
[2026-01-30 14:48:31,365 I 3413275 3413375] (raylet) store.cc:551: ========== Plasma store: =================
Current usage: 0 / 200 GB
- num bytes created total: 7953630
0 pending objects of total size 0MB
- objects spillable: 0
- bytes spillable: 0
- objects unsealed: 0
- bytes unsealed: 0
- objects in use: 0
- bytes in use: 0
- objects evictable: 0
- bytes evictable: 0

- objects created by worker: 0
- bytes created by worker: 0
- objects restored: 0
- bytes restored: 0
- objects received: 0
- bytes received: 0
- objects errored: 0
- bytes errored: 0

[2026-01-30 14:48:31,407 I 3413275 3413275] (raylet) node_manager.cc:540: [state-dump] Event stats:
[state-dump] 
[state-dump] 
[state-dump] Global stats: 181793 total (27 active)
[state-dump] Queueing time: mean = 4.042 ms, max = 41.724 s, min = -0.000 s, total = 734.779 s
[state-dump] Execution time:  mean = 17.855 us, total = 3.246 s
[state-dump] Event stats:
[state-dump] 	NodeManagerService.grpc_server.ReportWorkerBacklog - 48686 total (0 active), CPU time: mean = 23.990 us, total = 1.168 s
[state-dump] 	UNKNOWN - 30362 total (3 active), CPU time: mean = 1.849 us, total = 56.128 ms
[state-dump] 	ObjectManager.UpdateAvailableMemory - 27597 total (0 active), CPU time: mean = 447.020 ns, total = 12.336 ms
[state-dump] 	NodeManagerService.grpc_server.RequestResourceReport - 27385 total (0 active), CPU time: mean = 30.429 us, total = 833.311 ms
[state-dump] 	NodeManagerService.grpc_server.UpdateResourceUsage - 27385 total (0 active), CPU time: mean = 28.606 us, total = 783.370 ms
[state-dump] 	RayletWorkerPool.deadline_timer.kill_idle_workers - 13800 total (1 active), CPU time: mean = 4.131 us, total = 57.004 ms
[state-dump] 	NodeManagerService.grpc_server.GetResourceLoad - 2760 total (0 active), CPU time: mean = 27.907 us, total = 77.024 ms
[state-dump] 	NodeManager.deadline_timer.flush_free_objects - 2760 total (1 active), CPU time: mean = 2.483 us, total = 6.854 ms
[state-dump] 	ClientConnection.async_read.ReadBufferAsync - 328 total (18 active), CPU time: mean = 77.030 us, total = 25.266 ms
[state-dump] 	NodeManager.deadline_timer.debug_state_dump - 276 total (1 active), CPU time: mean = 368.387 us, total = 101.675 ms
[state-dump] 	NodeManager.deadline_timer.record_metrics - 184 total (1 active), CPU time: mean = 205.058 us, total = 37.731 ms
[state-dump] 	CoreWorkerService.grpc_client.LocalGC - 72 total (0 active), CPU time: mean = 8.934 us, total = 643.234 us
[state-dump] 	NodeManager.deadline_timer.print_event_loop_stats - 46 total (1 active, 1 running), CPU time: mean = 548.062 us, total = 25.211 ms
[state-dump] 	ObjectManager.ObjectAdded - 19 total (0 active), CPU time: mean = 22.134 us, total = 420.540 us
[state-dump] 	ObjectManager.ObjectDeleted - 19 total (0 active), CPU time: mean = 11.208 us, total = 212.953 us
[state-dump] 	NodeManagerService.grpc_server.GetSystemConfig - 18 total (0 active), CPU time: mean = 34.279 us, total = 617.027 us
[state-dump] 	ClientConnection.async_write.DoAsyncWrites - 18 total (0 active), CPU time: mean = 435.056 ns, total = 7.831 us
[state-dump] 	NodeManagerService.grpc_server.RequestWorkerLease - 17 total (0 active), CPU time: mean = 1.227 ms, total = 20.867 ms
[state-dump] 	CoreWorkerService.grpc_client.DirectActorCallArgWaitComplete - 16 total (0 active), CPU time: mean = 8.380 us, total = 134.072 us
[state-dump] 	PeriodicalRunner.RunFnPeriodically - 8 total (0 active), CPU time: mean = 273.916 us, total = 2.191 ms
[state-dump] 	CoreWorkerService.grpc_client.PubsubCommandBatch - 8 total (0 active), CPU time: mean = 58.221 us, total = 465.766 us
[state-dump] 	CoreWorkerService.grpc_client.PubsubLongPolling - 7 total (0 active), CPU time: mean = 147.979 us, total = 1.036 ms
[state-dump] 	InternalPubSubGcsService.grpc_client.GcsSubscriberPoll - 7 total (1 active), CPU time: mean = 56.334 us, total = 394.338 us
[state-dump] 	InternalPubSubGcsService.grpc_client.GcsSubscriberCommandBatch - 2 total (0 active), CPU time: mean = 59.350 us, total = 118.700 us
[state-dump] 	Subscriber.HandlePublishedMessage_WORKER_OBJECT_LOCATIONS_CHANNEL - 2 total (0 active), CPU time: mean = 24.247 us, total = 48.493 us
[state-dump] 	CoreWorkerService.grpc_client.UpdateObjectLocationBatch - 2 total (0 active), CPU time: mean = 18.242 us, total = 36.484 us
[state-dump] 	NodeInfoGcsService.grpc_client.GetAllNodeInfo - 1 total (0 active), CPU time: mean = 28.066 us, total = 28.066 us
[state-dump] 	Subscriber.HandlePublishedMessage_GCS_JOB_CHANNEL - 1 total (0 active), CPU time: mean = 47.159 us, total = 47.159 us
[state-dump] 	NodeInfoGcsService.grpc_client.GetInternalConfig - 1 total (0 active), CPU time: mean = 33.796 ms, total = 33.796 ms
[state-dump] 	JobInfoGcsService.grpc_client.GetAllJobInfo - 1 total (0 active), CPU time: mean = 343.023 us, total = 343.023 us
[state-dump] 	NodeInfoGcsService.grpc_client.RegisterNode - 1 total (0 active), CPU time: mean = 203.359 us, total = 203.359 us
[state-dump] 	AgentManagerService.grpc_server.RegisterAgent - 1 total (0 active), CPU time: mean = 194.419 us, total = 194.419 us
[state-dump] 	Subscriber.HandlePublishedMessage_WORKER_OBJECT_EVICTION - 1 total (0 active), CPU time: mean = 66.553 us, total = 66.553 us
[state-dump] 	JobInfoGcsService.grpc_client.AddJob - 1 total (0 active), CPU time: mean = 23.962 us, total = 23.962 us
[state-dump] 	NodeManagerService.grpc_server.PinObjectIDs - 1 total (0 active), CPU time: mean = 169.418 us, total = 169.418 us
[state-dump] 
[state-dump] NodeManager:
[state-dump] Node ID: 435ff685d8e66afce15860cd5b4687480235848d386ffa5d5547bd3d
[state-dump] Node name: 10.137.21.59
[state-dump] InitialConfigResources: {memory: 8135216732160000, GPU: 20000, node:10.137.21.59: 10000, CPU: 170000, object_store_memory: 2000000000000000, accelerator_type:H100: 10000}
[state-dump] ClusterTaskManager:
[state-dump] ========== Node: 435ff685d8e66afce15860cd5b4687480235848d386ffa5d5547bd3d =================
[state-dump] Infeasible queue length: 1
[state-dump] Schedule queue length: 0
[state-dump] Dispatch queue length: 0
[state-dump] num_waiting_for_resource: 0
[state-dump] num_waiting_for_plasma_memory: 0
[state-dump] num_waiting_for_remote_node_resources: 0
[state-dump] num_worker_not_started_by_job_config_not_exist: 0
[state-dump] num_worker_not_started_by_registration_timeout: 0
[state-dump] num_tasks_waiting_for_workers: 0
[state-dump] num_cancelled_tasks: 0
[state-dump] cluster_resource_scheduler state: 
[state-dump] Local id: -8058881002343059789 Local resources: {node:10.137.21.59: [10000]/[10000], CPU: [10000]/[170000], object_store_memory: [2000000000000000]/[2000000000000000], memory: [8135216732160000]/[8135216732160000], GPU: [10000, 10000]/[10000, 10000], accelerator_type:H100: [10000]/[10000]}node id: -8058881002343059789{node:10.137.21.59: 10000/10000, CPU: 10000/170000, object_store_memory: 2000000000000000/2000000000000000, memory: 8135216732160000/8135216732160000, GPU: 20000/20000, accelerator_type:H100: 10000/10000}{ "placment group locations": [], "node to bundles": []}
[state-dump] Waiting tasks size: 0
[state-dump] Number of executing tasks: 0
[state-dump] Number of pinned task arguments: 0
[state-dump] Number of total spilled tasks: 0
[state-dump] Number of spilled waiting tasks: 0
[state-dump] Number of spilled unschedulable tasks: 0
[state-dump] Resource usage {
[state-dump]     - (language=PYTHON actor_or_task=RolloutWorker.__init__ pid=3414093): {CPU: 1.000000}
[state-dump]     - (language=PYTHON actor_or_task=RolloutWorker.__init__ pid=3414092): {CPU: 1.000000}
[state-dump]     - (language=PYTHON actor_or_task=RolloutWorker.__init__ pid=3414084): {CPU: 1.000000}
[state-dump]     - (language=PYTHON actor_or_task=RolloutWorker.__init__ pid=3414091): {CPU: 1.000000}
[state-dump]     - (language=PYTHON actor_or_task=RolloutWorker.__init__ pid=3414089): {CPU: 1.000000}
[state-dump]     - (language=PYTHON actor_or_task=RolloutWorker.__init__ pid=3414085): {CPU: 1.000000}
[state-dump]     - (language=PYTHON actor_or_task=RolloutWorker.__init__ pid=3414094): {CPU: 1.000000}
[state-dump]     - (language=PYTHON actor_or_task=RolloutWorker.__init__ pid=3414083): {CPU: 1.000000}
[state-dump]     - (language=PYTHON actor_or_task=RolloutWorker.__init__ pid=3414088): {CPU: 1.000000}
[state-dump]     - (language=PYTHON actor_or_task=RolloutWorker.__init__ pid=3414080): {CPU: 1.000000}
[state-dump]     - (language=PYTHON actor_or_task=RolloutWorker.__init__ pid=3414095): {CPU: 1.000000}
[state-dump]     - (language=PYTHON actor_or_task=RolloutWorker.__init__ pid=3414081): {CPU: 1.000000}
[state-dump]     - (language=PYTHON actor_or_task=RolloutWorker.__init__ pid=3414082): {CPU: 1.000000}
[state-dump]     - (language=PYTHON actor_or_task=RolloutWorker.__init__ pid=3414087): {CPU: 1.000000}
[state-dump]     - (language=PYTHON actor_or_task=RolloutWorker.__init__ pid=3414086): {CPU: 1.000000}
[state-dump]     - (language=PYTHON actor_or_task=RolloutWorker.__init__ pid=3414090): {CPU: 1.000000}
[state-dump] }
[state-dump] Running tasks by scheduling class:
[state-dump] ==================================================
[state-dump] 
[state-dump] ClusterResources:
[state-dump] LocalObjectManager:
[state-dump] - num pinned objects: 0
[state-dump] - pinned objects size: 0
[state-dump] - num objects pending restore: 0
[state-dump] - num objects pending spill: 0
[state-dump] - num bytes pending spill: 0
[state-dump] - num bytes currently spilled: 0
[state-dump] - cumulative spill requests: 0
[state-dump] - cumulative restore requests: 0
[state-dump] - spilled objects pending delete: 0
[state-dump] 
[state-dump] ObjectManager:
[state-dump] - num local objects: 0
[state-dump] - num unfulfilled push requests: 0
[state-dump] - num object pull requests: 0
[state-dump] - num chunks received total: 0
[state-dump] - num chunks received failed (all): 0
[state-dump] - num chunks received failed / cancelled: 0
[state-dump] - num chunks received failed / plasma error: 0
[state-dump] Event stats:
[state-dump] Global stats: 1 total (0 active)
[state-dump] Queueing time: mean = 25.771 us, max = 25.771 us, min = 25.771 us, total = 25.771 us
[state-dump] Execution time:  mean = 5.425 us, total = 5.425 us
[state-dump] Event stats:
[state-dump] 	ObjectManager.FreeObjects - 1 total (0 active), CPU time: mean = 5.425 us, total = 5.425 us
[state-dump] PushManager:
[state-dump] - num pushes in flight: 0
[state-dump] - num chunks in flight: 0
[state-dump] - num chunks remaining: 0
[state-dump] - max chunks allowed: 409
[state-dump] OwnershipBasedObjectDirectory:
[state-dump] - num listeners: 0
[state-dump] - cumulative location updates: 2
[state-dump] - num location updates per second: 0.000
[state-dump] - num location lookups per second: 0.000
[state-dump] - num locations added per second: 0.000
[state-dump] - num locations removed per second: 0.000
[state-dump] BufferPool:
[state-dump] - create buffer state map size: 0
[state-dump] PullManager:
[state-dump] - num bytes available for pulled objects: 200000000000
[state-dump] - num bytes being pulled (all): 0
[state-dump] - num bytes being pulled / pinned: 0
[state-dump] - get request bundles: BundlePullRequestQueue{0 total, 0 active, 0 inactive, 0 unpullable}
[state-dump] - wait request bundles: BundlePullRequestQueue{0 total, 0 active, 0 inactive, 0 unpullable}
[state-dump] - task request bundles: BundlePullRequestQueue{0 total, 0 active, 0 inactive, 0 unpullable}
[state-dump] - first get request bundle: N/A
[state-dump] - first wait request bundle: N/A
[state-dump] - first task request bundle: N/A
[state-dump] - num objects queued: 0
[state-dump] - num objects actively pulled (all): 0
[state-dump] - num objects actively pulled / pinned: 0
[state-dump] - num bundles being pulled: 0
[state-dump] - num pull retries: 0
[state-dump] - max timeout seconds: 0
[state-dump] - max timeout request is already processed. No entry.
[state-dump] 
[state-dump] WorkerPool:
[state-dump] - registered jobs: 1
[state-dump] - process_failed_job_config_missing: 0
[state-dump] - process_failed_rate_limited: 0
[state-dump] - process_failed_pending_registration: 0
[state-dump] - process_failed_runtime_env_setup_failed: 0
[state-dump] - num JAVA workers: 0
[state-dump] - num JAVA drivers: 0
[state-dump] - num object spill callbacks queued: 0
[state-dump] - num object restore queued: 0
[state-dump] - num util functions queued: 0
[state-dump] - num PYTHON workers: 17
[state-dump] - num PYTHON drivers: 1
[state-dump] - num object spill callbacks queued: 0
[state-dump] - num object restore queued: 0
[state-dump] - num util functions queued: 0
[state-dump] - num idle workers: 1
[state-dump] TaskDependencyManager:
[state-dump] - task deps map size: 0
[state-dump] - get req map size: 0
[state-dump] - wait req map size: 0
[state-dump] - local objects map size: 0
[state-dump] WaitManager:
[state-dump] - num active wait requests: 0
[state-dump] Subscriber:
[state-dump] Channel WORKER_REF_REMOVED_CHANNEL
[state-dump] - cumulative subscribe requests: 0
[state-dump] - cumulative unsubscribe requests: 0
[state-dump] - active subscribed publishers: 0
[state-dump] - cumulative published messages: 0
[state-dump] - cumulative processed messages: 0
[state-dump] Channel WORKER_OBJECT_EVICTION
[state-dump] - cumulative subscribe requests: 1
[state-dump] - cumulative unsubscribe requests: 1
[state-dump] - active subscribed publishers: 0
[state-dump] - cumulative published messages: 1
[state-dump] - cumulative processed messages: 1
[state-dump] Channel WORKER_OBJECT_LOCATIONS_CHANNEL
[state-dump] - cumulative subscribe requests: 5
[state-dump] - cumulative unsubscribe requests: 5
[state-dump] - active subscribed publishers: 0
[state-dump] - cumulative published messages: 2
[state-dump] - cumulative processed messages: 2
[state-dump] num async plasma notifications: 0
[state-dump] Remote node managers: 
[state-dump] Event stats:
[state-dump] Global stats: 181793 total (27 active)
[state-dump] Queueing time: mean = 4.042 ms, max = 41.724 s, min = -0.000 s, total = 734.779 s
[state-dump] Execution time:  mean = 17.855 us, total = 3.246 s
[state-dump] Event stats:
[state-dump] 	NodeManagerService.grpc_server.ReportWorkerBacklog - 48686 total (0 active), CPU time: mean = 23.990 us, total = 1.168 s
[state-dump] 	UNKNOWN - 30362 total (3 active), CPU time: mean = 1.849 us, total = 56.128 ms
[state-dump] 	ObjectManager.UpdateAvailableMemory - 27597 total (0 active), CPU time: mean = 447.020 ns, total = 12.336 ms
[state-dump] 	NodeManagerService.grpc_server.RequestResourceReport - 27385 total (0 active), CPU time: mean = 30.429 us, total = 833.311 ms
[state-dump] 	NodeManagerService.grpc_server.UpdateResourceUsage - 27385 total (0 active), CPU time: mean = 28.606 us, total = 783.370 ms
[state-dump] 	RayletWorkerPool.deadline_timer.kill_idle_workers - 13800 total (1 active), CPU time: mean = 4.131 us, total = 57.004 ms
[state-dump] 	NodeManagerService.grpc_server.GetResourceLoad - 2760 total (0 active), CPU time: mean = 27.907 us, total = 77.024 ms
[state-dump] 	NodeManager.deadline_timer.flush_free_objects - 2760 total (1 active), CPU time: mean = 2.483 us, total = 6.854 ms
[state-dump] 	ClientConnection.async_read.ReadBufferAsync - 328 total (18 active), CPU time: mean = 77.030 us, total = 25.266 ms
[state-dump] 	NodeManager.deadline_timer.debug_state_dump - 276 total (1 active), CPU time: mean = 368.387 us, total = 101.675 ms
[state-dump] 	NodeManager.deadline_timer.record_metrics - 184 total (1 active), CPU time: mean = 205.058 us, total = 37.731 ms
[state-dump] 	CoreWorkerService.grpc_client.LocalGC - 72 total (0 active), CPU time: mean = 8.934 us, total = 643.234 us
[state-dump] 	NodeManager.deadline_timer.print_event_loop_stats - 46 total (1 active, 1 running), CPU time: mean = 548.062 us, total = 25.211 ms
[state-dump] 	ObjectManager.ObjectAdded - 19 total (0 active), CPU time: mean = 22.134 us, total = 420.540 us
[state-dump] 	ObjectManager.ObjectDeleted - 19 total (0 active), CPU time: mean = 11.208 us, total = 212.953 us
[state-dump] 	NodeManagerService.grpc_server.GetSystemConfig - 18 total (0 active), CPU time: mean = 34.279 us, total = 617.027 us
[state-dump] 	ClientConnection.async_write.DoAsyncWrites - 18 total (0 active), CPU time: mean = 435.056 ns, total = 7.831 us
[state-dump] 	NodeManagerService.grpc_server.RequestWorkerLease - 17 total (0 active), CPU time: mean = 1.227 ms, total = 20.867 ms
[state-dump] 	CoreWorkerService.grpc_client.DirectActorCallArgWaitComplete - 16 total (0 active), CPU time: mean = 8.380 us, total = 134.072 us
[state-dump] 	PeriodicalRunner.RunFnPeriodically - 8 total (0 active), CPU time: mean = 273.916 us, total = 2.191 ms
[state-dump] 	CoreWorkerService.grpc_client.PubsubCommandBatch - 8 total (0 active), CPU time: mean = 58.221 us, total = 465.766 us
[state-dump] 	CoreWorkerService.grpc_client.PubsubLongPolling - 7 total (0 active), CPU time: mean = 147.979 us, total = 1.036 ms
[state-dump] 	InternalPubSubGcsService.grpc_client.GcsSubscriberPoll - 7 total (1 active), CPU time: mean = 56.334 us, total = 394.338 us
[state-dump] 	InternalPubSubGcsService.grpc_client.GcsSubscriberCommandBatch - 2 total (0 active), CPU time: mean = 59.350 us, total = 118.700 us
[state-dump] 	Subscriber.HandlePublishedMessage_WORKER_OBJECT_LOCATIONS_CHANNEL - 2 total (0 active), CPU time: mean = 24.247 us, total = 48.493 us
[state-dump] 	CoreWorkerService.grpc_client.UpdateObjectLocationBatch - 2 total (0 active), CPU time: mean = 18.242 us, total = 36.484 us
[state-dump] 	NodeInfoGcsService.grpc_client.GetAllNodeInfo - 1 total (0 active), CPU time: mean = 28.066 us, total = 28.066 us
[state-dump] 	Subscriber.HandlePublishedMessage_GCS_JOB_CHANNEL - 1 total (0 active), CPU time: mean = 47.159 us, total = 47.159 us
[state-dump] 	NodeInfoGcsService.grpc_client.GetInternalConfig - 1 total (0 active), CPU time: mean = 33.796 ms, total = 33.796 ms
[state-dump] 	JobInfoGcsService.grpc_client.GetAllJobInfo - 1 total (0 active), CPU time: mean = 343.023 us, total = 343.023 us
[state-dump] 	NodeInfoGcsService.grpc_client.RegisterNode - 1 total (0 active), CPU time: mean = 203.359 us, total = 203.359 us
[state-dump] 	AgentManagerService.grpc_server.RegisterAgent - 1 total (0 active), CPU time: mean = 194.419 us, total = 194.419 us
[state-dump] 	Subscriber.HandlePublishedMessage_WORKER_OBJECT_EVICTION - 1 total (0 active), CPU time: mean = 66.553 us, total = 66.553 us
[state-dump] 	JobInfoGcsService.grpc_client.AddJob - 1 total (0 active), CPU time: mean = 23.962 us, total = 23.962 us
[state-dump] 	NodeManagerService.grpc_server.PinObjectIDs - 1 total (0 active), CPU time: mean = 169.418 us, total = 169.418 us
[state-dump] DebugString() time ms: 0
[state-dump] 
[state-dump] 
[2026-01-30 14:49:31,365 I 3413275 3413375] (raylet) store.cc:551: ========== Plasma store: =================
Current usage: 0 / 200 GB
- num bytes created total: 7953630
0 pending objects of total size 0MB
- objects spillable: 0
- bytes spillable: 0
- objects unsealed: 0
- bytes unsealed: 0
- objects in use: 0
- bytes in use: 0
- objects evictable: 0
- bytes evictable: 0

- objects created by worker: 0
- bytes created by worker: 0
- objects restored: 0
- bytes restored: 0
- objects received: 0
- bytes received: 0
- objects errored: 0
- bytes errored: 0

[2026-01-30 14:49:31,408 I 3413275 3413275] (raylet) node_manager.cc:540: [state-dump] Event stats:
[state-dump] 
[state-dump] 
[state-dump] Global stats: 185758 total (27 active)
[state-dump] Queueing time: mean = 3.956 ms, max = 41.724 s, min = -0.000 s, total = 734.817 s
[state-dump] Execution time:  mean = 17.825 us, total = 3.311 s
[state-dump] Event stats:
[state-dump] 	NodeManagerService.grpc_server.ReportWorkerBacklog - 49766 total (0 active), CPU time: mean = 23.963 us, total = 1.193 s
[state-dump] 	UNKNOWN - 31022 total (3 active), CPU time: mean = 1.842 us, total = 57.142 ms
[state-dump] 	ObjectManager.UpdateAvailableMemory - 28197 total (0 active), CPU time: mean = 447.386 ns, total = 12.615 ms
[state-dump] 	NodeManagerService.grpc_server.RequestResourceReport - 27982 total (0 active), CPU time: mean = 30.377 us, total = 850.010 ms
[state-dump] 	NodeManagerService.grpc_server.UpdateResourceUsage - 27982 total (0 active), CPU time: mean = 28.574 us, total = 799.563 ms
[state-dump] 	RayletWorkerPool.deadline_timer.kill_idle_workers - 14100 total (1 active), CPU time: mean = 4.127 us, total = 58.193 ms
[state-dump] 	NodeManagerService.grpc_server.GetResourceLoad - 2820 total (0 active), CPU time: mean = 27.867 us, total = 78.586 ms
[state-dump] 	NodeManager.deadline_timer.flush_free_objects - 2820 total (1 active), CPU time: mean = 2.480 us, total = 6.993 ms
[state-dump] 	ClientConnection.async_read.ReadBufferAsync - 328 total (18 active), CPU time: mean = 77.030 us, total = 25.266 ms
[state-dump] 	NodeManager.deadline_timer.debug_state_dump - 282 total (1 active), CPU time: mean = 368.349 us, total = 103.874 ms
[state-dump] 	NodeManager.deadline_timer.record_metrics - 188 total (1 active), CPU time: mean = 204.404 us, total = 38.428 ms
[state-dump] 	CoreWorkerService.grpc_client.LocalGC - 72 total (0 active), CPU time: mean = 8.934 us, total = 643.234 us
[state-dump] 	NodeManager.deadline_timer.print_event_loop_stats - 47 total (1 active, 1 running), CPU time: mean = 550.245 us, total = 25.862 ms
[state-dump] 	ObjectManager.ObjectAdded - 19 total (0 active), CPU time: mean = 22.134 us, total = 420.540 us
[state-dump] 	ObjectManager.ObjectDeleted - 19 total (0 active), CPU time: mean = 11.208 us, total = 212.953 us
[state-dump] 	NodeManagerService.grpc_server.GetSystemConfig - 18 total (0 active), CPU time: mean = 34.279 us, total = 617.027 us
[state-dump] 	ClientConnection.async_write.DoAsyncWrites - 18 total (0 active), CPU time: mean = 435.056 ns, total = 7.831 us
[state-dump] 	NodeManagerService.grpc_server.RequestWorkerLease - 17 total (0 active), CPU time: mean = 1.227 ms, total = 20.867 ms
[state-dump] 	CoreWorkerService.grpc_client.DirectActorCallArgWaitComplete - 16 total (0 active), CPU time: mean = 8.380 us, total = 134.072 us
[state-dump] 	PeriodicalRunner.RunFnPeriodically - 8 total (0 active), CPU time: mean = 273.916 us, total = 2.191 ms
[state-dump] 	CoreWorkerService.grpc_client.PubsubCommandBatch - 8 total (0 active), CPU time: mean = 58.221 us, total = 465.766 us
[state-dump] 	CoreWorkerService.grpc_client.PubsubLongPolling - 7 total (0 active), CPU time: mean = 147.979 us, total = 1.036 ms
[state-dump] 	InternalPubSubGcsService.grpc_client.GcsSubscriberPoll - 7 total (1 active), CPU time: mean = 56.334 us, total = 394.338 us
[state-dump] 	InternalPubSubGcsService.grpc_client.GcsSubscriberCommandBatch - 2 total (0 active), CPU time: mean = 59.350 us, total = 118.700 us
[state-dump] 	Subscriber.HandlePublishedMessage_WORKER_OBJECT_LOCATIONS_CHANNEL - 2 total (0 active), CPU time: mean = 24.247 us, total = 48.493 us
[state-dump] 	CoreWorkerService.grpc_client.UpdateObjectLocationBatch - 2 total (0 active), CPU time: mean = 18.242 us, total = 36.484 us
[state-dump] 	NodeInfoGcsService.grpc_client.GetAllNodeInfo - 1 total (0 active), CPU time: mean = 28.066 us, total = 28.066 us
[state-dump] 	Subscriber.HandlePublishedMessage_GCS_JOB_CHANNEL - 1 total (0 active), CPU time: mean = 47.159 us, total = 47.159 us
[state-dump] 	NodeInfoGcsService.grpc_client.GetInternalConfig - 1 total (0 active), CPU time: mean = 33.796 ms, total = 33.796 ms
[state-dump] 	JobInfoGcsService.grpc_client.GetAllJobInfo - 1 total (0 active), CPU time: mean = 343.023 us, total = 343.023 us
[state-dump] 	NodeInfoGcsService.grpc_client.RegisterNode - 1 total (0 active), CPU time: mean = 203.359 us, total = 203.359 us
[state-dump] 	AgentManagerService.grpc_server.RegisterAgent - 1 total (0 active), CPU time: mean = 194.419 us, total = 194.419 us
[state-dump] 	Subscriber.HandlePublishedMessage_WORKER_OBJECT_EVICTION - 1 total (0 active), CPU time: mean = 66.553 us, total = 66.553 us
[state-dump] 	JobInfoGcsService.grpc_client.AddJob - 1 total (0 active), CPU time: mean = 23.962 us, total = 23.962 us
[state-dump] 	NodeManagerService.grpc_server.PinObjectIDs - 1 total (0 active), CPU time: mean = 169.418 us, total = 169.418 us
[state-dump] 
[state-dump] NodeManager:
[state-dump] Node ID: 435ff685d8e66afce15860cd5b4687480235848d386ffa5d5547bd3d
[state-dump] Node name: 10.137.21.59
[state-dump] InitialConfigResources: {memory: 8135216732160000, GPU: 20000, node:10.137.21.59: 10000, CPU: 170000, object_store_memory: 2000000000000000, accelerator_type:H100: 10000}
[state-dump] ClusterTaskManager:
[state-dump] ========== Node: 435ff685d8e66afce15860cd5b4687480235848d386ffa5d5547bd3d =================
[state-dump] Infeasible queue length: 1
[state-dump] Schedule queue length: 0
[state-dump] Dispatch queue length: 0
[state-dump] num_waiting_for_resource: 0
[state-dump] num_waiting_for_plasma_memory: 0
[state-dump] num_waiting_for_remote_node_resources: 0
[state-dump] num_worker_not_started_by_job_config_not_exist: 0
[state-dump] num_worker_not_started_by_registration_timeout: 0
[state-dump] num_tasks_waiting_for_workers: 0
[state-dump] num_cancelled_tasks: 0
[state-dump] cluster_resource_scheduler state: 
[state-dump] Local id: -8058881002343059789 Local resources: {node:10.137.21.59: [10000]/[10000], CPU: [10000]/[170000], object_store_memory: [2000000000000000]/[2000000000000000], memory: [8135216732160000]/[8135216732160000], GPU: [10000, 10000]/[10000, 10000], accelerator_type:H100: [10000]/[10000]}node id: -8058881002343059789{node:10.137.21.59: 10000/10000, CPU: 10000/170000, object_store_memory: 2000000000000000/2000000000000000, memory: 8135216732160000/8135216732160000, GPU: 20000/20000, accelerator_type:H100: 10000/10000}{ "placment group locations": [], "node to bundles": []}
[state-dump] Waiting tasks size: 0
[state-dump] Number of executing tasks: 0
[state-dump] Number of pinned task arguments: 0
[state-dump] Number of total spilled tasks: 0
[state-dump] Number of spilled waiting tasks: 0
[state-dump] Number of spilled unschedulable tasks: 0
[state-dump] Resource usage {
[state-dump]     - (language=PYTHON actor_or_task=RolloutWorker.__init__ pid=3414093): {CPU: 1.000000}
[state-dump]     - (language=PYTHON actor_or_task=RolloutWorker.__init__ pid=3414092): {CPU: 1.000000}
[state-dump]     - (language=PYTHON actor_or_task=RolloutWorker.__init__ pid=3414084): {CPU: 1.000000}
[state-dump]     - (language=PYTHON actor_or_task=RolloutWorker.__init__ pid=3414091): {CPU: 1.000000}
[state-dump]     - (language=PYTHON actor_or_task=RolloutWorker.__init__ pid=3414089): {CPU: 1.000000}
[state-dump]     - (language=PYTHON actor_or_task=RolloutWorker.__init__ pid=3414085): {CPU: 1.000000}
[state-dump]     - (language=PYTHON actor_or_task=RolloutWorker.__init__ pid=3414094): {CPU: 1.000000}
[state-dump]     - (language=PYTHON actor_or_task=RolloutWorker.__init__ pid=3414083): {CPU: 1.000000}
[state-dump]     - (language=PYTHON actor_or_task=RolloutWorker.__init__ pid=3414088): {CPU: 1.000000}
[state-dump]     - (language=PYTHON actor_or_task=RolloutWorker.__init__ pid=3414080): {CPU: 1.000000}
[state-dump]     - (language=PYTHON actor_or_task=RolloutWorker.__init__ pid=3414095): {CPU: 1.000000}
[state-dump]     - (language=PYTHON actor_or_task=RolloutWorker.__init__ pid=3414081): {CPU: 1.000000}
[state-dump]     - (language=PYTHON actor_or_task=RolloutWorker.__init__ pid=3414082): {CPU: 1.000000}
[state-dump]     - (language=PYTHON actor_or_task=RolloutWorker.__init__ pid=3414087): {CPU: 1.000000}
[state-dump]     - (language=PYTHON actor_or_task=RolloutWorker.__init__ pid=3414086): {CPU: 1.000000}
[state-dump]     - (language=PYTHON actor_or_task=RolloutWorker.__init__ pid=3414090): {CPU: 1.000000}
[state-dump] }
[state-dump] Running tasks by scheduling class:
[state-dump] ==================================================
[state-dump] 
[state-dump] ClusterResources:
[state-dump] LocalObjectManager:
[state-dump] - num pinned objects: 0
[state-dump] - pinned objects size: 0
[state-dump] - num objects pending restore: 0
[state-dump] - num objects pending spill: 0
[state-dump] - num bytes pending spill: 0
[state-dump] - num bytes currently spilled: 0
[state-dump] - cumulative spill requests: 0
[state-dump] - cumulative restore requests: 0
[state-dump] - spilled objects pending delete: 0
[state-dump] 
[state-dump] ObjectManager:
[state-dump] - num local objects: 0
[state-dump] - num unfulfilled push requests: 0
[state-dump] - num object pull requests: 0
[state-dump] - num chunks received total: 0
[state-dump] - num chunks received failed (all): 0
[state-dump] - num chunks received failed / cancelled: 0
[state-dump] - num chunks received failed / plasma error: 0
[state-dump] Event stats:
[state-dump] Global stats: 1 total (0 active)
[state-dump] Queueing time: mean = 25.771 us, max = 25.771 us, min = 25.771 us, total = 25.771 us
[state-dump] Execution time:  mean = 5.425 us, total = 5.425 us
[state-dump] Event stats:
[state-dump] 	ObjectManager.FreeObjects - 1 total (0 active), CPU time: mean = 5.425 us, total = 5.425 us
[state-dump] PushManager:
[state-dump] - num pushes in flight: 0
[state-dump] - num chunks in flight: 0
[state-dump] - num chunks remaining: 0
[state-dump] - max chunks allowed: 409
[state-dump] OwnershipBasedObjectDirectory:
[state-dump] - num listeners: 0
[state-dump] - cumulative location updates: 2
[state-dump] - num location updates per second: 0.000
[state-dump] - num location lookups per second: 0.000
[state-dump] - num locations added per second: 0.000
[state-dump] - num locations removed per second: 0.000
[state-dump] BufferPool:
[state-dump] - create buffer state map size: 0
[state-dump] PullManager:
[state-dump] - num bytes available for pulled objects: 200000000000
[state-dump] - num bytes being pulled (all): 0
[state-dump] - num bytes being pulled / pinned: 0
[state-dump] - get request bundles: BundlePullRequestQueue{0 total, 0 active, 0 inactive, 0 unpullable}
[state-dump] - wait request bundles: BundlePullRequestQueue{0 total, 0 active, 0 inactive, 0 unpullable}
[state-dump] - task request bundles: BundlePullRequestQueue{0 total, 0 active, 0 inactive, 0 unpullable}
[state-dump] - first get request bundle: N/A
[state-dump] - first wait request bundle: N/A
[state-dump] - first task request bundle: N/A
[state-dump] - num objects queued: 0
[state-dump] - num objects actively pulled (all): 0
[state-dump] - num objects actively pulled / pinned: 0
[state-dump] - num bundles being pulled: 0
[state-dump] - num pull retries: 0
[state-dump] - max timeout seconds: 0
[state-dump] - max timeout request is already processed. No entry.
[state-dump] 
[state-dump] WorkerPool:
[state-dump] - registered jobs: 1
[state-dump] - process_failed_job_config_missing: 0
[state-dump] - process_failed_rate_limited: 0
[state-dump] - process_failed_pending_registration: 0
[state-dump] - process_failed_runtime_env_setup_failed: 0
[state-dump] - num JAVA workers: 0
[state-dump] - num JAVA drivers: 0
[state-dump] - num object spill callbacks queued: 0
[state-dump] - num object restore queued: 0
[state-dump] - num util functions queued: 0
[state-dump] - num PYTHON workers: 17
[state-dump] - num PYTHON drivers: 1
[state-dump] - num object spill callbacks queued: 0
[state-dump] - num object restore queued: 0
[state-dump] - num util functions queued: 0
[state-dump] - num idle workers: 1
[state-dump] TaskDependencyManager:
[state-dump] - task deps map size: 0
[state-dump] - get req map size: 0
[state-dump] - wait req map size: 0
[state-dump] - local objects map size: 0
[state-dump] WaitManager:
[state-dump] - num active wait requests: 0
[state-dump] Subscriber:
[state-dump] Channel WORKER_REF_REMOVED_CHANNEL
[state-dump] - cumulative subscribe requests: 0
[state-dump] - cumulative unsubscribe requests: 0
[state-dump] - active subscribed publishers: 0
[state-dump] - cumulative published messages: 0
[state-dump] - cumulative processed messages: 0
[state-dump] Channel WORKER_OBJECT_EVICTION
[state-dump] - cumulative subscribe requests: 1
[state-dump] - cumulative unsubscribe requests: 1
[state-dump] - active subscribed publishers: 0
[state-dump] - cumulative published messages: 1
[state-dump] - cumulative processed messages: 1
[state-dump] Channel WORKER_OBJECT_LOCATIONS_CHANNEL
[state-dump] - cumulative subscribe requests: 5
[state-dump] - cumulative unsubscribe requests: 5
[state-dump] - active subscribed publishers: 0
[state-dump] - cumulative published messages: 2
[state-dump] - cumulative processed messages: 2
[state-dump] num async plasma notifications: 0
[state-dump] Remote node managers: 
[state-dump] Event stats:
[state-dump] Global stats: 185758 total (27 active)
[state-dump] Queueing time: mean = 3.956 ms, max = 41.724 s, min = -0.000 s, total = 734.817 s
[state-dump] Execution time:  mean = 17.825 us, total = 3.311 s
[state-dump] Event stats:
[state-dump] 	NodeManagerService.grpc_server.ReportWorkerBacklog - 49766 total (0 active), CPU time: mean = 23.963 us, total = 1.193 s
[state-dump] 	UNKNOWN - 31022 total (3 active), CPU time: mean = 1.842 us, total = 57.142 ms
[state-dump] 	ObjectManager.UpdateAvailableMemory - 28197 total (0 active), CPU time: mean = 447.386 ns, total = 12.615 ms
[state-dump] 	NodeManagerService.grpc_server.RequestResourceReport - 27982 total (0 active), CPU time: mean = 30.377 us, total = 850.010 ms
[state-dump] 	NodeManagerService.grpc_server.UpdateResourceUsage - 27982 total (0 active), CPU time: mean = 28.574 us, total = 799.563 ms
[state-dump] 	RayletWorkerPool.deadline_timer.kill_idle_workers - 14100 total (1 active), CPU time: mean = 4.127 us, total = 58.193 ms
[state-dump] 	NodeManagerService.grpc_server.GetResourceLoad - 2820 total (0 active), CPU time: mean = 27.867 us, total = 78.586 ms
[state-dump] 	NodeManager.deadline_timer.flush_free_objects - 2820 total (1 active), CPU time: mean = 2.480 us, total = 6.993 ms
[state-dump] 	ClientConnection.async_read.ReadBufferAsync - 328 total (18 active), CPU time: mean = 77.030 us, total = 25.266 ms
[state-dump] 	NodeManager.deadline_timer.debug_state_dump - 282 total (1 active), CPU time: mean = 368.349 us, total = 103.874 ms
[state-dump] 	NodeManager.deadline_timer.record_metrics - 188 total (1 active), CPU time: mean = 204.404 us, total = 38.428 ms
[state-dump] 	CoreWorkerService.grpc_client.LocalGC - 72 total (0 active), CPU time: mean = 8.934 us, total = 643.234 us
[state-dump] 	NodeManager.deadline_timer.print_event_loop_stats - 47 total (1 active, 1 running), CPU time: mean = 550.245 us, total = 25.862 ms
[state-dump] 	ObjectManager.ObjectAdded - 19 total (0 active), CPU time: mean = 22.134 us, total = 420.540 us
[state-dump] 	ObjectManager.ObjectDeleted - 19 total (0 active), CPU time: mean = 11.208 us, total = 212.953 us
[state-dump] 	NodeManagerService.grpc_server.GetSystemConfig - 18 total (0 active), CPU time: mean = 34.279 us, total = 617.027 us
[state-dump] 	ClientConnection.async_write.DoAsyncWrites - 18 total (0 active), CPU time: mean = 435.056 ns, total = 7.831 us
[state-dump] 	NodeManagerService.grpc_server.RequestWorkerLease - 17 total (0 active), CPU time: mean = 1.227 ms, total = 20.867 ms
[state-dump] 	CoreWorkerService.grpc_client.DirectActorCallArgWaitComplete - 16 total (0 active), CPU time: mean = 8.380 us, total = 134.072 us
[state-dump] 	PeriodicalRunner.RunFnPeriodically - 8 total (0 active), CPU time: mean = 273.916 us, total = 2.191 ms
[state-dump] 	CoreWorkerService.grpc_client.PubsubCommandBatch - 8 total (0 active), CPU time: mean = 58.221 us, total = 465.766 us
[state-dump] 	CoreWorkerService.grpc_client.PubsubLongPolling - 7 total (0 active), CPU time: mean = 147.979 us, total = 1.036 ms
[state-dump] 	InternalPubSubGcsService.grpc_client.GcsSubscriberPoll - 7 total (1 active), CPU time: mean = 56.334 us, total = 394.338 us
[state-dump] 	InternalPubSubGcsService.grpc_client.GcsSubscriberCommandBatch - 2 total (0 active), CPU time: mean = 59.350 us, total = 118.700 us
[state-dump] 	Subscriber.HandlePublishedMessage_WORKER_OBJECT_LOCATIONS_CHANNEL - 2 total (0 active), CPU time: mean = 24.247 us, total = 48.493 us
[state-dump] 	CoreWorkerService.grpc_client.UpdateObjectLocationBatch - 2 total (0 active), CPU time: mean = 18.242 us, total = 36.484 us
[state-dump] 	NodeInfoGcsService.grpc_client.GetAllNodeInfo - 1 total (0 active), CPU time: mean = 28.066 us, total = 28.066 us
[state-dump] 	Subscriber.HandlePublishedMessage_GCS_JOB_CHANNEL - 1 total (0 active), CPU time: mean = 47.159 us, total = 47.159 us
[state-dump] 	NodeInfoGcsService.grpc_client.GetInternalConfig - 1 total (0 active), CPU time: mean = 33.796 ms, total = 33.796 ms
[state-dump] 	JobInfoGcsService.grpc_client.GetAllJobInfo - 1 total (0 active), CPU time: mean = 343.023 us, total = 343.023 us
[state-dump] 	NodeInfoGcsService.grpc_client.RegisterNode - 1 total (0 active), CPU time: mean = 203.359 us, total = 203.359 us
[state-dump] 	AgentManagerService.grpc_server.RegisterAgent - 1 total (0 active), CPU time: mean = 194.419 us, total = 194.419 us
[state-dump] 	Subscriber.HandlePublishedMessage_WORKER_OBJECT_EVICTION - 1 total (0 active), CPU time: mean = 66.553 us, total = 66.553 us
[state-dump] 	JobInfoGcsService.grpc_client.AddJob - 1 total (0 active), CPU time: mean = 23.962 us, total = 23.962 us
[state-dump] 	NodeManagerService.grpc_server.PinObjectIDs - 1 total (0 active), CPU time: mean = 169.418 us, total = 169.418 us
[state-dump] DebugString() time ms: 1
[state-dump] 
[state-dump] 
